Round,Accuracy,Loss,Precision,Recall,F1-Score,Communication_Cost,Class_0_Accuracy,Class_1_Accuracy,Class_2_Accuracy,Class_3_Accuracy,Class_4_Accuracy,Class_5_Accuracy,Class_6_Accuracy,Class_7_Accuracy,Confusion_Matrix
1,29.38084112,2.03347786,0.076058531,0.240517241,0.115289238,18655377,0,0,0,92.4137931,0,0,0,100,"[[0, 0, 0, 119, 0, 0, 0, 3], [0, 0, 0, 296, 0, 0, 0, 16], [0, 0, 0, 21, 0, 0, 0, 134], [0, 1, 0, 268, 0, 0, 0, 21], [0, 0, 0, 57, 0, 0, 0, 65], [0, 0, 0, 142, 0, 0, 0, 1], [0, 0, 0, 139, 0, 0, 0, 194], [0, 0, 0, 0, 0, 0, 0, 235]]"
2,18.28271028,2.589436871,0.027120536,0.125806452,0.040493525,38745783,0,100,0.64516129,0,0,0,0,0,"[[0, 122, 0, 0, 0, 0, 0, 0], [0, 312, 0, 0, 0, 0, 0, 0], [0, 154, 1, 0, 0, 0, 0, 0], [0, 290, 0, 0, 0, 0, 0, 0], [0, 122, 0, 0, 0, 0, 0, 0], [0, 143, 0, 0, 0, 0, 0, 0], [0, 333, 0, 0, 0, 0, 0, 0], [0, 204, 31, 0, 0, 0, 0, 0]]"
3,35.45560748,1.819905815,0.249512585,0.303221607,0.245211103,58836189,0,0,29.67741935,0,0,40.55944056,100,72.34042553,"[[0, 0, 0, 0, 0, 27, 95, 0], [0, 0, 1, 0, 0, 23, 288, 0], [0, 0, 46, 0, 0, 2, 106, 1], [0, 0, 0, 0, 0, 73, 217, 0], [0, 0, 0, 0, 0, 0, 122, 0], [0, 0, 0, 0, 0, 58, 85, 0], [0, 0, 0, 0, 0, 0, 333, 0], [0, 0, 63, 0, 0, 0, 2, 170]]"
4,26.69392523,1.764080948,0.112115376,0.254631469,0.14433326,77491566,0,99.03846154,60.64516129,0,42.62295082,1.398601399,0,0,"[[0, 120, 0, 0, 2, 0, 0, 0], [0, 309, 2, 0, 1, 0, 0, 0], [0, 27, 94, 0, 34, 0, 0, 0], [0, 258, 0, 0, 10, 22, 0, 0], [0, 61, 9, 0, 52, 0, 0, 0], [0, 140, 0, 0, 1, 2, 0, 0], [0, 237, 7, 0, 89, 0, 0, 0], [0, 0, 234, 0, 1, 0, 0, 0]]"
5,41.0046729,1.391210302,0.281190327,0.332998214,0.288399104,99017001,0,26.28205128,0,60,0.819672131,28.67132867,51.05105105,99.57446809,"[[0, 20, 0, 84, 0, 13, 5, 0], [0, 82, 0, 217, 1, 7, 4, 1], [0, 3, 0, 14, 3, 2, 43, 90], [0, 39, 0, 174, 1, 52, 23, 1], [0, 26, 0, 13, 1, 0, 74, 8], [0, 6, 0, 95, 0, 41, 1, 0], [0, 102, 0, 45, 2, 0, 170, 14], [0, 0, 0, 0, 0, 0, 1, 234]]"
6,19.85981308,2.237798331,0.164779376,0.235503829,0.146509795,113367291,100,0.320512821,0,0,0,0,10.21021021,77.87234043,"[[122, 0, 0, 0, 0, 0, 0, 0], [309, 1, 0, 0, 0, 0, 2, 0], [34, 1, 0, 0, 0, 0, 119, 1], [285, 0, 0, 0, 0, 0, 5, 0], [85, 0, 0, 0, 0, 0, 37, 0], [142, 1, 0, 0, 0, 0, 0, 0], [291, 8, 0, 0, 0, 0, 34, 0], [0, 0, 0, 0, 0, 0, 52, 183]]"
7,27.04439252,1.76742019,0.068438349,0.188548462,0.098976287,127717581,0,0,0,91.37931034,0,0,59.45945946,0,"[[0, 0, 0, 117, 0, 0, 5, 0], [0, 0, 0, 307, 1, 0, 4, 0], [0, 0, 0, 19, 0, 0, 136, 0], [0, 0, 0, 265, 0, 0, 25, 0], [0, 0, 0, 42, 0, 0, 80, 0], [0, 0, 0, 142, 0, 0, 1, 0], [0, 0, 0, 135, 0, 0, 198, 0], [0, 0, 0, 0, 0, 0, 235, 0]]"
8,38.08411215,1.623213245,0.290509881,0.296058107,0.228680728,144937929,0,99.03846154,9.032258065,0,0,1.398601399,28.22822823,99.14893617,"[[0, 120, 0, 0, 0, 0, 2, 0], [0, 309, 0, 0, 0, 0, 2, 1], [0, 27, 14, 0, 0, 0, 57, 57], [0, 260, 0, 0, 0, 20, 10, 0], [0, 69, 4, 0, 0, 0, 49, 0], [0, 140, 0, 0, 0, 2, 1, 0], [0, 237, 0, 0, 0, 0, 94, 2], [0, 0, 1, 0, 0, 0, 1, 233]]"
9,49.64953271,1.389125996,0.364795922,0.464265837,0.375603885,159288219,0,34.61538462,70.96774194,0,0,90.90909091,92.79279279,82.12765957,"[[0, 17, 0, 0, 0, 74, 31, 0], [0, 108, 1, 0, 0, 130, 73, 0], [0, 1, 110, 0, 0, 7, 36, 1], [0, 28, 2, 0, 0, 158, 102, 0], [0, 1, 32, 0, 0, 0, 89, 0], [0, 9, 0, 0, 0, 130, 4, 0], [0, 8, 10, 0, 0, 6, 309, 0], [0, 0, 42, 0, 0, 0, 0, 193]]"
10,53.5046729,1.287034794,0.361914599,0.443478132,0.383154568,175073538,0,78.84615385,64.51612903,0,0,20.27972028,93.69369369,97.44680851,"[[0, 97, 0, 0, 0, 3, 22, 0], [0, 246, 1, 0, 1, 3, 61, 0], [0, 8, 100, 0, 0, 1, 34, 12], [0, 150, 2, 0, 0, 42, 96, 0], [0, 1, 31, 0, 0, 0, 90, 0], [0, 110, 0, 0, 0, 29, 4, 0], [0, 13, 8, 0, 0, 0, 312, 0], [0, 0, 6, 0, 0, 0, 0, 229]]"
11,39.0771028,1.603150052,0.331950097,0.357765281,0.25813683,196598973,0,94.55128205,0,20,77.86885246,0,0.600600601,93.19148936,"[[0, 107, 0, 8, 7, 0, 0, 0], [0, 295, 0, 12, 5, 0, 0, 0], [0, 15, 0, 3, 134, 0, 0, 3], [0, 204, 0, 58, 28, 0, 0, 0], [0, 23, 0, 4, 95, 0, 0, 0], [0, 106, 0, 35, 2, 0, 0, 0], [0, 167, 0, 4, 160, 0, 2, 0], [0, 0, 0, 0, 15, 0, 1, 219]]"
12,50.35046729,1.29337821,0.404942082,0.422133216,0.356416118,212384292,0,12.82051282,80,67.5862069,0,0,87.08708709,90.21276596,"[[0, 0, 2, 98, 0, 0, 22, 0], [0, 40, 1, 190, 0, 0, 81, 0], [0, 0, 124, 9, 0, 0, 20, 2], [0, 1, 8, 196, 0, 0, 85, 0], [0, 0, 61, 2, 0, 0, 59, 0], [0, 1, 1, 140, 0, 0, 1, 0], [0, 1, 30, 12, 0, 0, 290, 0], [0, 0, 23, 0, 0, 0, 0, 212]]"
13,55.31542056,1.308347361,0.498430475,0.544291431,0.44189627,233909727,0,58.97435897,13.5483871,0,87.70491803,97.2027972,79.27927928,98.72340426,"[[0, 14, 0, 0, 14, 92, 2, 0], [0, 184, 0, 0, 7, 105, 16, 0], [0, 4, 21, 0, 76, 8, 21, 25], [0, 35, 0, 0, 33, 190, 32, 0], [0, 3, 0, 0, 107, 2, 10, 0], [0, 2, 0, 0, 1, 139, 1, 0], [0, 30, 0, 0, 34, 5, 264, 0], [0, 0, 0, 0, 2, 0, 1, 232]]"
14,60.10514019,1.167254418,0.48202489,0.586847669,0.505582521,255435162,0,68.58974359,81.93548387,0,50,94.40559441,83.48348348,91.06382979,"[[0, 4, 0, 0, 15, 101, 2, 0], [0, 214, 2, 0, 5, 55, 36, 0], [0, 0, 127, 0, 9, 10, 7, 2], [0, 21, 9, 0, 31, 194, 35, 0], [0, 0, 49, 0, 61, 4, 8, 0], [0, 5, 1, 0, 1, 135, 1, 0], [0, 13, 32, 0, 5, 5, 278, 0], [0, 0, 20, 0, 0, 0, 1, 214]]"
15,51.51869159,1.153562446,0.512330142,0.50709115,0.451178803,276960597,0,92.30769231,44.51612903,6.551724138,52.45901639,85.31468531,27.92792793,96.59574468,"[[0, 56, 0, 6, 2, 57, 1, 0], [0, 288, 0, 4, 0, 18, 2, 0], [0, 4, 69, 9, 42, 11, 11, 9], [0, 90, 0, 19, 10, 168, 3, 0], [0, 12, 4, 35, 64, 7, 0, 0], [0, 17, 0, 4, 0, 122, 0, 0], [0, 209, 1, 7, 17, 6, 93, 0], [0, 0, 6, 0, 1, 0, 1, 227]]"
16,63.43457944,1.048649306,0.606679043,0.597640227,0.515778166,298486032,0.819672131,84.61538462,40.64516129,0,77.86885246,80.41958042,94.59459459,99.14893617,"[[1, 37, 0, 0, 21, 57, 6, 0], [0, 264, 0, 0, 4, 12, 32, 0], [0, 1, 63, 0, 25, 6, 21, 39], [0, 74, 1, 0, 36, 118, 61, 0], [0, 1, 14, 0, 95, 0, 12, 0], [0, 23, 0, 0, 2, 115, 3, 0], [0, 12, 1, 0, 4, 0, 315, 1], [0, 0, 2, 0, 0, 0, 0, 233]]"
17,40.12850467,1.66789916,0.501753607,0.387985115,0.330936096,317141409,0,8.333333333,52.25806452,95.86206897,55.73770492,0,3.303303303,94.89361702,"[[0, 0, 0, 119, 3, 0, 0, 0], [0, 26, 1, 284, 1, 0, 0, 0], [0, 0, 81, 24, 46, 0, 0, 4], [0, 0, 0, 278, 12, 0, 0, 0], [0, 0, 1, 53, 68, 0, 0, 0], [0, 0, 0, 143, 0, 0, 0, 0], [0, 16, 10, 254, 42, 0, 11, 0], [0, 0, 11, 0, 1, 0, 0, 223]]"
18,50.4088785,1.530505964,0.486586161,0.424372057,0.37055521,332926728,0,55.76923077,23.22580645,0,1.639344262,60.13986014,100,98.72340426,"[[0, 37, 0, 0, 0, 32, 53, 0], [0, 174, 0, 0, 0, 0, 138, 0], [0, 1, 36, 0, 0, 3, 98, 17], [0, 39, 0, 0, 0, 88, 163, 0], [0, 0, 3, 0, 2, 0, 117, 0], [0, 27, 0, 0, 1, 86, 29, 0], [0, 0, 0, 0, 0, 0, 333, 0], [0, 0, 1, 0, 0, 0, 2, 232]]"
19,50.93457944,1.144939118,0.575426439,0.540717027,0.438103505,354452163,2.459016393,91.98717949,56.12903226,4.137931034,85.24590164,98.6013986,17.41741742,76.59574468,"[[3, 3, 0, 6, 15, 95, 0, 0], [0, 287, 2, 3, 3, 17, 0, 0], [0, 2, 87, 0, 50, 13, 2, 1], [2, 13, 0, 12, 43, 217, 3, 0], [0, 0, 6, 4, 104, 8, 0, 0], [0, 0, 1, 0, 1, 141, 0, 0], [0, 156, 7, 15, 89, 8, 58, 0], [0, 0, 53, 0, 1, 0, 1, 180]]"
20,66.70560748,0.862125722,0.634961651,0.621557485,0.576906004,373107540,63.1147541,96.15384615,81.29032258,19.65517241,6.557377049,52.44755245,82.28228228,95.74468085,"[[77, 8, 3, 18, 1, 11, 4, 0], [5, 300, 2, 4, 0, 0, 1, 0], [5, 0, 126, 8, 0, 2, 8, 6], [81, 20, 16, 57, 2, 74, 40, 0], [3, 0, 83, 15, 8, 0, 13, 0], [41, 3, 1, 22, 0, 75, 1, 0], [2, 38, 16, 3, 0, 0, 274, 0], [0, 0, 10, 0, 0, 0, 0, 225]]"
21,67.93224299,0.860562223,0.599623739,0.635307862,0.577722794,390327888,0,88.46153846,29.03225806,27.5862069,94.26229508,81.81818182,92.19219219,94.89361702,"[[0, 0, 0, 54, 16, 49, 3, 0], [0, 276, 0, 15, 3, 1, 17, 0], [0, 0, 45, 5, 76, 4, 23, 2], [0, 3, 0, 80, 45, 123, 39, 0], [0, 0, 0, 6, 115, 0, 1, 0], [0, 0, 0, 23, 1, 117, 2, 0], [0, 4, 1, 4, 15, 2, 307, 0], [0, 0, 10, 0, 1, 0, 1, 223]]"
22,54.38084112,1.003759533,0.587915344,0.548057953,0.496592947,410418294,90.16393443,96.15384615,43.22580645,18.27586207,59.83606557,6.993006993,27.62762763,96.17021277,"[[110, 4, 0, 2, 2, 3, 1, 0], [9, 300, 0, 2, 0, 0, 1, 0], [12, 2, 67, 5, 48, 0, 13, 8], [173, 29, 0, 53, 7, 20, 8, 0], [35, 1, 2, 11, 73, 0, 0, 0], [90, 1, 0, 41, 0, 10, 1, 0], [6, 226, 0, 3, 5, 1, 92, 0], [0, 0, 7, 0, 1, 0, 1, 226]]"
23,68.69158879,0.845311007,0.604983946,0.655033418,0.604555854,430508700,0,80.12820513,57.41935484,30.68965517,90.98360656,79.02097902,89.18918919,96.59574468,"[[0, 0, 0, 46, 24, 49, 3, 0], [0, 250, 0, 15, 4, 1, 42, 0], [0, 0, 89, 3, 45, 4, 7, 7], [0, 0, 2, 89, 57, 113, 29, 0], [0, 0, 6, 4, 111, 0, 1, 0], [0, 0, 0, 27, 1, 113, 2, 0], [0, 2, 7, 5, 19, 2, 297, 1], [0, 0, 6, 0, 1, 0, 1, 227]]"
24,68.22429907,0.809227569,0.660628207,0.664845372,0.629433274,452034135,43.44262295,98.71794872,50.96774194,9.310344828,71.31147541,78.32167832,81.08108108,98.72340426,"[[53, 22, 0, 3, 7, 36, 1, 0], [0, 308, 0, 1, 0, 0, 3, 0], [2, 0, 79, 5, 16, 5, 30, 18], [38, 58, 1, 27, 15, 110, 41, 0], [4, 2, 16, 4, 87, 0, 9, 0], [11, 7, 1, 11, 0, 112, 1, 0], [0, 61, 0, 1, 0, 0, 270, 1], [0, 0, 2, 0, 0, 0, 1, 232]]"
25,60.74766355,1.058555027,0.624764273,0.541019287,0.516164087,472124541,0,56.08974359,85.80645161,81.03448276,44.26229508,8.391608392,62.76276276,94.46808511,"[[0, 0, 1, 108, 13, 0, 0, 0], [0, 175, 2, 114, 6, 0, 15, 0], [0, 0, 133, 14, 3, 0, 2, 3], [0, 0, 34, 235, 14, 4, 3, 0], [0, 0, 56, 12, 54, 0, 0, 0], [0, 0, 2, 129, 0, 12, 0, 0], [0, 0, 98, 24, 2, 0, 209, 0], [0, 0, 13, 0, 0, 0, 0, 222]]"
26,62.20794393,0.892552334,0.612194805,0.582667316,0.566605354,490779918,23.7704918,98.3974359,44.51612903,15.51724138,81.14754098,33.56643357,71.77177177,97.44680851,"[[29, 60, 0, 9, 7, 16, 1, 0], [0, 307, 0, 1, 0, 0, 2, 2], [6, 3, 69, 4, 39, 1, 19, 14], [28, 113, 0, 45, 18, 63, 23, 0], [1, 15, 2, 3, 99, 0, 2, 0], [18, 25, 0, 50, 1, 48, 1, 0], [0, 92, 0, 0, 1, 0, 239, 1], [0, 0, 5, 0, 1, 0, 0, 229]]"
27,67.34813084,0.816111896,0.550274615,0.592199267,0.546492741,508000266,0,93.26923077,56.12903226,89.31034483,81.14754098,0,56.45645646,97.44680851,"[[0, 1, 0, 109, 12, 0, 0, 0], [0, 291, 0, 16, 3, 0, 0, 2], [0, 0, 87, 16, 39, 0, 3, 10], [0, 0, 2, 259, 26, 0, 3, 0], [0, 0, 3, 20, 99, 0, 0, 0], [0, 0, 1, 141, 0, 0, 1, 0], [0, 68, 14, 31, 31, 0, 188, 1], [0, 0, 5, 0, 1, 0, 0, 229]]"
28,71.02803738,0.719223702,0.690522682,0.6140355,0.56782182,526655643,0.819672131,98.07692308,43.87096774,77.24137931,90.16393443,0,83.18318318,97.87234043,"[[1, 6, 0, 100, 14, 0, 1, 0], [0, 306, 0, 1, 2, 0, 2, 1], [0, 0, 68, 12, 51, 0, 11, 13], [0, 15, 0, 224, 29, 1, 21, 0], [0, 0, 1, 11, 110, 0, 0, 0], [0, 2, 0, 139, 1, 0, 1, 0], [0, 34, 2, 5, 14, 0, 277, 1], [0, 0, 4, 0, 1, 0, 0, 230]]"
29,56.89252336,0.994096975,0.626675125,0.607391454,0.53635212,543875991,90.98360656,95.51282051,47.74193548,2.413793103,65.57377049,60.13986014,28.22822823,95.31914894,"[[111, 1, 0, 0, 2, 7, 1, 0], [11, 298, 0, 1, 0, 1, 1, 0], [13, 0, 74, 1, 50, 4, 9, 4], [173, 16, 1, 7, 9, 78, 6, 0], [38, 0, 1, 3, 80, 0, 0, 0], [54, 1, 1, 0, 0, 86, 1, 0], [16, 207, 0, 2, 13, 1, 94, 0], [0, 0, 9, 0, 1, 0, 1, 224]]"
30,59.22897196,1.073038138,0.56350837,0.580153758,0.513016271,562531368,3.278688525,45.51282051,60,0,65.57377049,90.90909091,99.6996997,99.14893617,"[[4, 0, 0, 0, 21, 84, 13, 0], [6, 142, 0, 0, 2, 5, 156, 1], [0, 0, 93, 0, 11, 6, 31, 14], [1, 0, 1, 0, 24, 151, 113, 0], [0, 0, 20, 0, 80, 1, 21, 0], [0, 0, 1, 0, 0, 130, 12, 0], [0, 0, 0, 0, 1, 0, 332, 0], [0, 0, 2, 0, 0, 0, 0, 233]]"
31,71.43691589,0.77372548,0.72227981,0.665821733,0.638557538,576881658,49.18032787,95.51282051,75.48387097,71.72413793,77.04918033,2.797202797,65.16516517,95.74468085,"[[60, 1, 0, 46, 15, 0, 0, 0], [7, 298, 1, 3, 3, 0, 0, 0], [1, 0, 117, 12, 18, 0, 3, 4], [24, 4, 10, 208, 34, 1, 9, 0], [2, 0, 18, 8, 94, 0, 0, 0], [10, 1, 1, 126, 0, 4, 1, 0], [0, 62, 26, 11, 17, 0, 217, 0], [0, 0, 10, 0, 0, 0, 0, 225]]"
32,70.91121495,0.717796821,0.587180799,0.562827935,0.521372103,594102006,0,97.11538462,63.87096774,87.5862069,8.196721311,0,95.1951952,98.29787234,"[[0, 3, 0, 117, 1, 0, 1, 0], [0, 303, 0, 5, 0, 0, 4, 0], [0, 0, 99, 18, 0, 0, 24, 14], [0, 3, 4, 254, 0, 1, 28, 0], [0, 0, 49, 57, 10, 0, 6, 0], [0, 0, 1, 141, 0, 0, 1, 0], [0, 5, 1, 10, 0, 0, 317, 0], [0, 0, 4, 0, 0, 0, 0, 231]]"
33,70.73598131,0.770452451,0.629262601,0.667120406,0.633285138,612757383,73.7704918,98.07692308,58.06451613,66.20689655,77.86885246,0,63.96396396,95.74468085,"[[90, 4, 0, 22, 6, 0, 0, 0], [2, 306, 0, 3, 0, 0, 1, 0], [2, 0, 90, 15, 35, 0, 5, 8], [60, 9, 2, 192, 19, 1, 7, 0], [8, 0, 4, 15, 95, 0, 0, 0], [14, 0, 1, 127, 0, 0, 1, 0], [4, 75, 3, 17, 21, 0, 213, 0], [0, 0, 9, 0, 1, 0, 0, 225]]"
34,67.64018692,0.843113488,0.614449629,0.591631447,0.555062009,627107673,0,83.97435897,83.87096774,57.24137931,6.557377049,64.33566434,84.98498498,92.34042553,"[[0, 0, 2, 75, 2, 43, 0, 0], [11, 262, 0, 19, 0, 10, 10, 0], [0, 0, 130, 14, 0, 4, 5, 2], [0, 0, 19, 166, 1, 94, 10, 0], [0, 0, 80, 34, 8, 0, 0, 0], [0, 0, 2, 49, 0, 92, 0, 0], [0, 0, 28, 14, 0, 8, 283, 0], [0, 0, 17, 0, 0, 0, 1, 217]]"
35,74.76635514,0.639595601,0.750519391,0.714223786,0.68535294,642892992,21.31147541,98.07692308,58.06451613,28.27586207,90.16393443,81.81818182,95.7957958,97.87234043,"[[26, 2, 0, 30, 14, 49, 1, 0], [0, 306, 0, 1, 1, 0, 4, 0], [0, 0, 90, 6, 31, 5, 14, 9], [3, 5, 2, 82, 29, 119, 50, 0], [1, 0, 3, 5, 110, 0, 3, 0], [1, 0, 1, 22, 0, 117, 2, 0], [0, 8, 0, 2, 3, 1, 319, 0], [0, 0, 4, 0, 1, 0, 0, 230]]"
36,77.04439252,0.596104719,0.749470545,0.706527521,0.716381945,662983398,41.80327869,97.43589744,78.70967742,67.24137931,51.63934426,42.65734266,88.28828829,97.44680851,"[[51, 1, 0, 44, 10, 15, 1, 0], [2, 304, 0, 3, 0, 0, 3, 0], [0, 0, 122, 14, 5, 2, 3, 9], [9, 2, 10, 195, 13, 48, 13, 0], [0, 0, 39, 20, 63, 0, 0, 0], [1, 0, 1, 79, 0, 61, 1, 0], [0, 7, 14, 16, 2, 0, 294, 0], [0, 0, 6, 0, 0, 0, 0, 229]]"
37,70.26869159,0.773463639,0.707106437,0.708005236,0.632537084,684508833,78.68852459,98.3974359,37.41935484,4.137931034,96.72131148,67.83216783,86.18618619,97.0212766,"[[96, 2, 0, 0, 17, 7, 0, 0], [1, 307, 0, 1, 1, 0, 2, 0], [3, 0, 58, 0, 73, 3, 9, 9], [105, 6, 0, 12, 61, 82, 24, 0], [4, 0, 0, 0, 118, 0, 0, 0], [39, 0, 1, 3, 2, 97, 1, 0], [3, 23, 0, 1, 19, 0, 287, 0], [0, 0, 6, 0, 1, 0, 0, 228]]"
38,75.35046729,0.605230349,0.689758297,0.64644287,0.621587241,706034268,0,97.43589744,62.58064516,85.51724138,75.40983607,4.895104895,94.29429429,97.0212766,"[[0, 3, 0, 109, 9, 0, 1, 0], [0, 304, 0, 4, 0, 0, 4, 0], [0, 0, 97, 18, 24, 0, 8, 8], [0, 3, 0, 248, 14, 3, 22, 0], [0, 0, 4, 26, 92, 0, 0, 0], [0, 0, 1, 134, 0, 7, 1, 0], [0, 3, 1, 13, 2, 0, 314, 0], [0, 0, 7, 0, 0, 0, 0, 228]]"
39,71.0864486,0.709407239,0.747589789,0.69978744,0.631053784,726124674,37.70491803,97.11538462,34.19354839,5.517241379,100,93.00699301,93.99399399,98.29787234,"[[46, 1, 0, 2, 27, 45, 1, 0], [1, 303, 0, 1, 2, 0, 5, 0], [0, 0, 53, 0, 70, 6, 12, 14], [12, 3, 0, 16, 71, 144, 44, 0], [0, 0, 0, 0, 122, 0, 0, 0], [3, 0, 1, 2, 2, 133, 2, 0], [0, 3, 0, 0, 16, 1, 313, 0], [0, 0, 3, 0, 1, 0, 0, 231]]"
40,73.71495327,0.640979459,0.749551903,0.70670301,0.68213273,744780051,40.98360656,99.03846154,80.64516129,24.48275862,38.52459016,96.5034965,88.58858859,96.59574468,"[[50, 9, 0, 5, 5, 52, 1, 0], [0, 309, 0, 1, 0, 1, 1, 0], [0, 0, 125, 6, 1, 9, 6, 8], [9, 10, 7, 71, 6, 167, 20, 0], [2, 0, 48, 22, 47, 1, 2, 0], [1, 0, 1, 2, 0, 138, 1, 0], [1, 24, 6, 3, 0, 4, 295, 0], [0, 0, 8, 0, 0, 0, 0, 227]]"
41,66.64719626,0.86643004,0.729649045,0.691660208,0.610950266,763435428,81.14754098,80.76923077,37.41935484,3.103448276,93.44262295,80.41958042,79.57957958,97.44680851,"[[99, 1, 0, 0, 12, 10, 0, 0], [56, 252, 0, 0, 0, 2, 2, 0], [6, 0, 58, 0, 70, 5, 6, 10], [109, 0, 0, 9, 50, 115, 7, 0], [8, 0, 0, 0, 114, 0, 0, 0], [26, 0, 1, 0, 0, 115, 1, 0], [11, 8, 0, 1, 44, 4, 265, 0], [0, 0, 5, 0, 1, 0, 0, 229]]"
42,71.20327103,0.683613827,0.688400988,0.660135039,0.640990771,780655776,85.24590164,97.11538462,52.90322581,27.5862069,31.14754098,37.06293706,97.8978979,99.14893617,"[[104, 2, 0, 6, 1, 3, 6, 0], [3, 303, 0, 1, 0, 0, 5, 0], [3, 0, 82, 10, 1, 1, 20, 38], [77, 3, 4, 80, 5, 36, 85, 0], [6, 0, 44, 11, 38, 0, 23, 0], [33, 0, 1, 53, 0, 53, 3, 0], [1, 4, 0, 1, 0, 0, 326, 1], [0, 0, 2, 0, 0, 0, 0, 233]]"
43,65.77102804,0.912280891,0.548088294,0.594318616,0.542973247,797876124,0,89.74358974,72.25806452,82.4137931,88.52459016,0,53.15315315,89.36170213,"[[0, 0, 0, 105, 17, 0, 0, 0], [12, 280, 0, 17, 3, 0, 0, 0], [0, 0, 112, 13, 27, 0, 1, 2], [0, 0, 11, 239, 39, 0, 1, 0], [0, 0, 8, 6, 108, 0, 0, 0], [0, 0, 2, 141, 0, 0, 0, 0], [0, 6, 36, 62, 52, 0, 177, 0], [0, 0, 25, 0, 0, 0, 0, 210]]"
44,54.78971963,1.112742266,0.617429208,0.562783086,0.498459952,815096472,70.49180328,99.35897436,35.48387097,31.72413793,92.62295082,12.58741259,10.51051051,97.44680851,"[[86, 11, 0, 15, 9, 1, 0, 0], [1, 310, 0, 1, 0, 0, 0, 0], [6, 0, 55, 6, 74, 0, 6, 8], [93, 53, 0, 92, 33, 17, 2, 0], [7, 1, 0, 1, 113, 0, 0, 0], [31, 2, 1, 91, 0, 18, 0, 0], [1, 280, 0, 2, 15, 0, 35, 0], [0, 0, 5, 0, 1, 0, 0, 229]]"
45,74.41588785,0.622367579,0.745130809,0.706201304,0.684455064,835186878,25.40983607,90.70512821,42.58064516,40,87.70491803,83.91608392,95.4954955,99.14893617,"[[31, 0, 0, 24, 14, 52, 1, 0], [10, 283, 0, 3, 2, 0, 12, 2], [0, 0, 66, 10, 35, 5, 20, 19], [5, 0, 0, 116, 19, 125, 25, 0], [0, 0, 1, 13, 107, 0, 1, 0], [0, 0, 0, 22, 0, 120, 1, 0], [0, 2, 1, 8, 3, 1, 318, 0], [0, 0, 1, 0, 1, 0, 0, 233]]"
46,75.64252336,0.593990993,0.779654805,0.679933034,0.661766017,856712313,4.098360656,97.43589744,60.64516129,64.48275862,92.62295082,31.46853147,94.89489489,98.29787234,"[[5, 3, 0, 88, 15, 10, 1, 0], [0, 304, 0, 1, 2, 0, 4, 1], [0, 0, 94, 11, 29, 1, 9, 11], [0, 2, 1, 187, 30, 38, 32, 0], [0, 0, 2, 7, 113, 0, 0, 0], [0, 0, 1, 96, 0, 45, 1, 0], [0, 4, 1, 7, 5, 0, 316, 0], [0, 0, 4, 0, 0, 0, 0, 231]]"
47,74.06542056,0.622544444,0.769211691,0.703844007,0.66944689,871062603,19.67213115,97.75641026,84.51612903,22.4137931,50,97.9020979,95.4954955,95.31914894,"[[24, 3, 0, 11, 12, 71, 1, 0], [0, 305, 0, 1, 1, 0, 5, 0], [0, 0, 131, 3, 1, 9, 8, 3], [1, 4, 12, 65, 11, 175, 22, 0], [0, 0, 47, 13, 61, 1, 0, 0], [0, 0, 1, 1, 0, 140, 1, 0], [0, 4, 1, 5, 2, 3, 318, 0], [0, 0, 11, 0, 0, 0, 0, 224]]"
48,73.53971963,0.716981976,0.764545919,0.751908363,0.67182666,889717980,77.86885246,93.91025641,58.06451613,1.034482759,92.62295082,88.11188811,94.59459459,95.31914894,"[[95, 1, 0, 0, 9, 16, 1, 0], [13, 293, 0, 0, 0, 1, 5, 0], [6, 0, 90, 0, 42, 5, 9, 3], [82, 0, 2, 3, 33, 139, 31, 0], [8, 0, 1, 0, 113, 0, 0, 0], [15, 0, 1, 0, 0, 126, 1, 0], [5, 3, 0, 0, 9, 1, 315, 0], [0, 0, 10, 0, 1, 0, 0, 224]]"
49,75.35046729,0.636032204,0.719883941,0.714910808,0.675198312,908373357,4.918032787,96.15384615,78.70967742,41.03448276,82.78688525,83.21678322,89.78978979,95.31914894,"[[6, 1, 0, 58, 17, 39, 1, 0], [2, 300, 0, 4, 2, 0, 4, 0], [0, 0, 122, 5, 17, 6, 2, 3], [2, 0, 10, 119, 30, 120, 9, 0], [0, 0, 15, 6, 101, 0, 0, 0], [0, 0, 2, 22, 0, 119, 0, 0], [0, 3, 10, 9, 11, 1, 299, 0], [0, 0, 11, 0, 0, 0, 0, 224]]"
50,76.98598131,0.576070882,0.781610364,0.72671931,0.710843104,925593705,18.85245902,98.71794872,65.16129032,48.27586207,92.62295082,68.53146853,92.19219219,97.0212766,"[[23, 8, 0, 57, 15, 18, 1, 0], [0, 308, 0, 1, 1, 0, 2, 0], [0, 0, 101, 7, 26, 4, 10, 7], [0, 7, 4, 140, 30, 77, 32, 0], [0, 0, 3, 6, 113, 0, 0, 0], [0, 0, 1, 43, 0, 98, 1, 0], [0, 18, 0, 5, 3, 0, 307, 0], [0, 0, 7, 0, 0, 0, 0, 228]]"
51,73.53971963,0.655737289,0.778716312,0.645663921,0.640711176,942814053,18.03278689,98.71794872,89.03225806,84.48275862,44.26229508,13.28671329,78.07807808,90.63829787,"[[22, 3, 0, 87, 10, 0, 0, 0], [0, 308, 0, 3, 0, 0, 1, 0], [0, 0, 138, 13, 1, 0, 1, 2], [3, 2, 23, 245, 6, 9, 2, 0], [0, 0, 54, 14, 54, 0, 0, 0], [0, 0, 2, 122, 0, 19, 0, 0], [0, 7, 32, 33, 1, 0, 260, 0], [0, 0, 22, 0, 0, 0, 0, 213]]"
52,74.76635514,0.606322658,0.770930645,0.739069522,0.695200064,964339488,47.54098361,96.47435897,44.51612903,21.37931034,95.90163934,95.8041958,92.19219219,97.44680851,"[[58, 1, 0, 2, 15, 45, 1, 0], [4, 301, 0, 2, 2, 0, 3, 0], [0, 0, 69, 1, 58, 9, 10, 8], [13, 0, 0, 62, 41, 153, 21, 0], [1, 0, 0, 4, 117, 0, 0, 0], [1, 0, 1, 3, 0, 137, 1, 0], [1, 6, 0, 4, 12, 3, 307, 0], [0, 0, 5, 0, 1, 0, 0, 229]]"
53,76.10981308,0.606795859,0.758514479,0.775447653,0.713223006,982994865,82.78688525,95.51282051,63.22580645,10.68965517,90.16393443,86.71328671,93.39339339,97.87234043,"[[101, 1, 0, 0, 7, 13, 0, 0], [10, 298, 0, 1, 0, 0, 3, 0], [3, 0, 98, 1, 26, 8, 8, 11], [92, 0, 2, 31, 20, 123, 22, 0], [6, 0, 3, 3, 110, 0, 0, 0], [17, 0, 1, 0, 0, 124, 1, 0], [3, 8, 0, 3, 5, 3, 311, 0], [0, 0, 5, 0, 0, 0, 0, 230]]"
54,75,0.645263517,0.611646013,0.646651443,0.61490353,998780184,0,91.34615385,62.58064516,89.31034483,81.96721311,0,93.39339339,98.72340426,"[[0, 0, 0, 110, 12, 0, 0, 0], [1, 285, 0, 18, 0, 0, 7, 1], [0, 0, 97, 17, 18, 0, 8, 15], [0, 0, 1, 259, 16, 1, 13, 0], [0, 0, 3, 19, 100, 0, 0, 0], [0, 0, 0, 142, 0, 0, 1, 0], [0, 0, 1, 19, 2, 0, 311, 0], [0, 0, 3, 0, 0, 0, 0, 232]]"
55,79.26401869,0.550080341,0.775226034,0.757924941,0.749368596,1018870590,39.3442623,98.3974359,85.16129032,50.68965517,81.14754098,62.93706294,92.49249249,96.17021277,"[[48, 4, 2, 43, 17, 7, 1, 0], [0, 307, 0, 1, 1, 0, 3, 0], [0, 0, 132, 3, 12, 3, 2, 3], [4, 5, 20, 147, 31, 57, 26, 0], [0, 0, 21, 2, 99, 0, 0, 0], [0, 0, 3, 49, 0, 90, 1, 0], [0, 4, 11, 6, 4, 0, 308, 0], [0, 0, 9, 0, 0, 0, 0, 226]]"
56,78.21261682,0.56054474,0.763797524,0.774714554,0.740967701,1036090938,74.59016393,98.07692308,52.25806452,25.51724138,90.16393443,81.81818182,98.1981982,99.14893617,"[[91, 8, 0, 5, 9, 8, 1, 0], [0, 306, 0, 1, 0, 0, 5, 0], [2, 0, 81, 4, 20, 6, 16, 26], [39, 7, 2, 74, 19, 94, 55, 0], [3, 0, 3, 5, 110, 0, 1, 0], [11, 0, 1, 13, 0, 117, 1, 0], [1, 4, 0, 1, 0, 0, 327, 0], [0, 0, 2, 0, 0, 0, 0, 233]]"
57,70.50233645,0.706648892,0.707160936,0.693106136,0.657453117,1053311286,92.62295082,98.07692308,42.58064516,25.17241379,77.86885246,39.86013986,79.57957958,98.72340426,"[[113, 2, 0, 2, 4, 0, 1, 0], [4, 306, 0, 1, 0, 0, 1, 0], [6, 0, 66, 4, 44, 2, 17, 16], [126, 14, 0, 73, 17, 41, 19, 0], [27, 0, 0, 0, 95, 0, 0, 0], [42, 1, 1, 42, 0, 57, 0, 0], [2, 62, 0, 1, 3, 0, 265, 0], [0, 0, 2, 0, 1, 0, 0, 232]]"
58,66.70560748,0.919512674,0.53345812,0.545964703,0.490448045,1069096605,0,88.14102564,89.03225806,86.55172414,3.278688525,0,76.57657658,93.19148936,"[[0, 0, 8, 112, 2, 0, 0, 0], [0, 275, 1, 29, 0, 0, 6, 1], [0, 0, 138, 14, 0, 0, 1, 2], [0, 0, 34, 251, 2, 1, 2, 0], [0, 0, 110, 8, 4, 0, 0, 0], [0, 0, 2, 141, 0, 0, 0, 0], [0, 0, 49, 29, 0, 0, 255, 0], [0, 0, 16, 0, 0, 0, 0, 219]]"
59,70.21028037,0.792120083,0.689810008,0.662750169,0.599509345,1083446895,86.06557377,98.71794872,20.64516129,43.44827586,96.72131148,3.496503497,84.08408408,97.0212766,"[[105, 5, 0, 2, 9, 0, 1, 0], [1, 308, 0, 1, 0, 0, 2, 0], [5, 0, 32, 6, 85, 0, 19, 8], [98, 18, 0, 126, 28, 4, 16, 0], [4, 0, 0, 0, 118, 0, 0, 0], [45, 1, 0, 90, 1, 5, 1, 0], [2, 41, 0, 3, 7, 0, 280, 0], [0, 0, 5, 0, 2, 0, 0, 228]]"
60,76.75233645,0.564466484,0.718269347,0.724254224,0.686411186,1102102272,2.459016393,97.11538462,69.03225806,44.48275862,90.98360656,84.61538462,93.69369369,97.0212766,"[[3, 1, 0, 80, 16, 22, 0, 0], [2, 303, 0, 3, 1, 0, 3, 0], [0, 0, 107, 7, 23, 6, 5, 7], [2, 0, 4, 129, 26, 114, 15, 0], [0, 0, 3, 8, 111, 0, 0, 0], [0, 0, 1, 20, 0, 121, 1, 0], [0, 4, 2, 9, 5, 1, 312, 0], [0, 0, 7, 0, 0, 0, 0, 228]]"
61,77.3364486,0.558771872,0.767949233,0.751672077,0.727087092,1116452562,51.63934426,98.3974359,44.51612903,34.82758621,96.72131148,81.81818182,96.3963964,97.0212766,"[[63, 7, 0, 25, 13, 13, 1, 0], [0, 307, 0, 1, 0, 0, 4, 0], [0, 0, 69, 4, 50, 5, 20, 7], [11, 6, 0, 101, 37, 98, 37, 0], [1, 0, 0, 3, 118, 0, 0, 0], [1, 0, 0, 23, 1, 117, 1, 0], [1, 5, 0, 2, 3, 1, 321, 0], [0, 0, 7, 0, 0, 0, 0, 228]]"
62,75,0.594188996,0.741348963,0.65704312,0.637023503,1132237881,2.459016393,93.58974359,59.35483871,89.65517241,88.52459016,7.692307692,86.48648649,97.87234043,"[[3, 0, 0, 111, 8, 0, 0, 0], [5, 292, 0, 12, 0, 0, 2, 1], [0, 0, 92, 19, 31, 0, 5, 8], [0, 0, 0, 260, 16, 7, 7, 0], [0, 0, 0, 14, 108, 0, 0, 0], [0, 0, 0, 132, 0, 11, 0, 0], [0, 2, 1, 40, 2, 0, 288, 0], [0, 0, 5, 0, 0, 0, 0, 230]]"
63,77.68691589,0.572180761,0.783418192,0.771466369,0.729084392,1153763316,48.36065574,98.3974359,64.51612903,20.68965517,99.18032787,90.90909091,96.3963964,98.72340426,"[[59, 1, 0, 7, 20, 34, 1, 0], [1, 307, 0, 1, 0, 0, 3, 0], [0, 0, 100, 0, 31, 6, 7, 11], [9, 3, 6, 60, 58, 127, 27, 0], [0, 0, 1, 0, 121, 0, 0, 0], [1, 0, 2, 9, 0, 130, 1, 0], [0, 4, 0, 2, 5, 1, 321, 0], [0, 0, 3, 0, 0, 0, 0, 232]]"
64,80.02336449,0.515184336,0.784949704,0.779962888,0.769083838,1168113606,48.36065574,96.47435897,81.29032258,46.55172414,73.7704918,89.51048951,90.99099099,97.0212766,"[[59, 1, 1, 38, 8, 14, 1, 0], [7, 301, 0, 1, 0, 0, 3, 0], [0, 0, 126, 6, 5, 7, 4, 7], [8, 1, 12, 135, 13, 111, 10, 0], [1, 0, 20, 11, 90, 0, 0, 0], [0, 0, 1, 14, 0, 128, 0, 0], [0, 5, 5, 19, 0, 1, 303, 0], [0, 0, 7, 0, 0, 0, 0, 228]]"
65,79.43925234,0.563618648,0.768563984,0.791099363,0.764598694,1185333954,81.96721311,93.26923077,65.16129032,46.55172414,94.26229508,66.43356643,89.48948949,95.74468085,"[[100, 1, 0, 8, 10, 3, 0, 0], [16, 291, 0, 2, 0, 0, 3, 0], [3, 0, 101, 4, 36, 4, 4, 3], [53, 0, 2, 135, 35, 55, 10, 0], [4, 0, 0, 3, 115, 0, 0, 0], [14, 0, 1, 33, 0, 95, 0, 0], [1, 4, 1, 18, 11, 0, 298, 0], [0, 0, 9, 0, 1, 0, 0, 225]]"
66,68.57476636,0.783077095,0.693474859,0.652433087,0.613979618,1199684244,95.90163934,95.83333333,53.5483871,46.89655172,61.47540984,0.699300699,70.57057057,97.0212766,"[[117, 1, 0, 4, 0, 0, 0, 0], [11, 299, 0, 1, 0, 0, 1, 0], [8, 0, 83, 11, 39, 0, 6, 8], [132, 3, 1, 136, 8, 1, 9, 0], [44, 0, 0, 3, 75, 0, 0, 0], [39, 0, 0, 103, 0, 1, 0, 0], [9, 73, 0, 15, 1, 0, 235, 0], [0, 0, 6, 0, 1, 0, 0, 228]]"
67,75.87616822,0.576017247,0.771981898,0.72524384,0.69792363,1218339621,21.31147541,95.19230769,49.67741935,32.75862069,87.70491803,96.5034965,97.8978979,99.14893617,"[[26, 1, 0, 36, 9, 49, 1, 0], [4, 297, 0, 3, 0, 0, 8, 0], [0, 0, 77, 4, 22, 8, 19, 25], [3, 0, 0, 95, 14, 142, 36, 0], [0, 0, 2, 12, 107, 0, 1, 0], [0, 0, 0, 4, 0, 138, 1, 0], [0, 0, 0, 6, 0, 1, 326, 0], [0, 0, 2, 0, 0, 0, 0, 233]]"
68,76.63551402,0.56242139,0.743857309,0.7297624,0.708213404,1239865056,81.96721311,95.83333333,68.38709677,70.34482759,82.78688525,9.090909091,78.37837838,97.0212766,"[[100, 1, 0, 17, 4, 0, 0, 0], [10, 299, 0, 2, 0, 0, 1, 0], [3, 0, 106, 12, 25, 0, 1, 8], [52, 0, 3, 204, 15, 12, 4, 0], [13, 0, 2, 6, 101, 0, 0, 0], [10, 0, 0, 120, 0, 13, 0, 0], [1, 30, 3, 28, 10, 0, 261, 0], [0, 0, 7, 0, 0, 0, 0, 228]]"
69,74.53271028,0.647320804,0.758723655,0.74705929,0.706766943,1254215346,95.08196721,98.3974359,66.4516129,19.65517241,60.6557377,75.52447552,85.28528529,96.59574468,"[[116, 1, 0, 0, 0, 4, 1, 0], [3, 307, 0, 1, 0, 0, 1, 0], [7, 0, 103, 1, 20, 6, 11, 7], [117, 8, 2, 57, 8, 82, 16, 0], [44, 0, 3, 1, 74, 0, 0, 0], [30, 0, 1, 4, 0, 108, 0, 0], [5, 38, 0, 5, 1, 0, 284, 0], [0, 0, 8, 0, 0, 0, 0, 227]]"
70,76.86915888,0.576983153,0.766922461,0.675156461,0.671282826,1274305752,1.639344262,95.51282051,80.64516129,76.89655172,58.19672131,33.56643357,95.7957958,97.87234043,"[[2, 0, 0, 112, 7, 0, 1, 0], [1, 298, 0, 8, 0, 0, 5, 0], [0, 0, 125, 14, 2, 1, 6, 7], [0, 0, 6, 223, 7, 37, 17, 0], [0, 0, 26, 25, 71, 0, 0, 0], [0, 0, 2, 93, 0, 48, 0, 0], [0, 0, 3, 11, 0, 0, 319, 0], [0, 0, 5, 0, 0, 0, 0, 230]]"
71,74.5911215,0.61477856,0.728039572,0.719536527,0.695948558,1294396158,94.26229508,97.75641026,68.38709677,42.06896552,70.49180328,19.58041958,86.48648649,96.59574468,"[[115, 1, 0, 4, 2, 0, 0, 0], [5, 305, 0, 1, 0, 0, 1, 0], [5, 0, 106, 7, 25, 0, 8, 4], [109, 6, 2, 122, 9, 25, 17, 0], [32, 0, 2, 2, 86, 0, 0, 0], [33, 0, 1, 81, 0, 28, 0, 0], [5, 34, 0, 4, 2, 0, 288, 0], [0, 0, 8, 0, 0, 0, 0, 227]]"
72,77.57009346,0.546510447,0.77866196,0.771946457,0.734206408,1315921593,47.54098361,93.58974359,72.25806452,21.37931034,94.26229508,93.00699301,98.4984985,97.0212766,"[[58, 1, 0, 8, 17, 37, 1, 0], [6, 292, 0, 1, 1, 0, 12, 0], [0, 0, 112, 1, 19, 6, 10, 7], [7, 0, 7, 62, 33, 133, 48, 0], [0, 0, 5, 2, 115, 0, 0, 0], [0, 0, 2, 7, 0, 133, 1, 0], [0, 0, 0, 3, 2, 0, 328, 0], [0, 0, 7, 0, 0, 0, 0, 228]]"
73,76.46028037,0.574871014,0.76278177,0.701687353,0.684112174,1333141941,55.73770492,95.83333333,52.25806452,85.51724138,91.80327869,2.097902098,81.08108108,97.0212766,"[[68, 1, 0, 46, 7, 0, 0, 0], [10, 299, 0, 2, 0, 0, 1, 0], [0, 0, 81, 15, 50, 0, 1, 8], [14, 0, 1, 248, 19, 3, 5, 0], [3, 0, 0, 7, 112, 0, 0, 0], [0, 0, 0, 140, 0, 3, 0, 0], [0, 7, 0, 44, 12, 0, 270, 0], [0, 0, 6, 0, 1, 0, 0, 228]]"
74,73.65654206,0.660745048,0.738167945,0.730999648,0.671969212,1350362289,22.13114754,89.74358974,79.35483871,12.06896552,90.98360656,98.6013986,94.89489489,97.0212766,"[[27, 0, 2, 3, 19, 71, 0, 0], [18, 280, 0, 2, 2, 2, 8, 0], [0, 0, 123, 0, 14, 8, 3, 7], [4, 0, 23, 35, 31, 187, 10, 0], [0, 0, 10, 1, 111, 0, 0, 0], [0, 0, 1, 0, 0, 141, 1, 0], [0, 0, 5, 4, 5, 3, 316, 0], [0, 0, 7, 0, 0, 0, 0, 228]]"
75,73.53971963,0.764731085,0.73180436,0.740559343,0.683740732,1371887724,77.04918033,99.03846154,59.35483871,3.448275862,85.24590164,78.32167832,93.39339339,96.59574468,"[[94, 17, 0, 0, 6, 4, 1, 0], [0, 309, 0, 0, 0, 0, 3, 0], [3, 0, 92, 1, 17, 3, 32, 7], [64, 30, 1, 10, 14, 93, 78, 0], [6, 1, 2, 1, 104, 0, 8, 0], [22, 3, 1, 2, 0, 112, 3, 0], [0, 22, 0, 0, 0, 0, 311, 0], [0, 0, 8, 0, 0, 0, 0, 227]]"
76,74.64953271,0.641560278,0.756133861,0.757043001,0.692235901,1386238014,77.04918033,96.79487179,47.74193548,13.10344828,96.72131148,87.41258741,89.78978979,97.0212766,"[[94, 1, 0, 1, 13, 13, 0, 0], [7, 302, 0, 1, 0, 0, 2, 0], [2, 0, 74, 0, 60, 4, 7, 8], [56, 0, 2, 38, 49, 124, 21, 0], [4, 0, 0, 0, 118, 0, 0, 0], [15, 0, 1, 1, 0, 125, 1, 0], [1, 17, 0, 2, 13, 1, 299, 0], [0, 0, 6, 0, 1, 0, 0, 228]]"
77,63.37616822,0.922655351,0.689806398,0.679160715,0.598149394,1400588304,91.80327869,98.71794872,45.16129032,6.896551724,85.24590164,80.41958042,39.33933934,95.74468085,"[[112, 1, 0, 0, 5, 4, 0, 0], [4, 308, 0, 0, 0, 0, 0, 0], [5, 0, 70, 2, 66, 5, 3, 4], [132, 7, 0, 20, 19, 104, 8, 0], [18, 0, 0, 0, 104, 0, 0, 0], [26, 1, 1, 0, 0, 115, 0, 0], [6, 179, 0, 5, 11, 1, 131, 0], [0, 0, 9, 0, 1, 0, 0, 225]]"
78,75.23364486,0.566844774,0.770302365,0.660465612,0.628549075,1417808652,5.737704918,94.23076923,58.06451613,76.89655172,95.90163934,2.797202797,97.2972973,97.44680851,"[[7, 1, 0, 97, 16, 0, 1, 0], [1, 294, 0, 5, 1, 0, 11, 0], [0, 0, 90, 12, 31, 0, 14, 8], [0, 1, 0, 223, 26, 4, 36, 0], [0, 0, 0, 5, 117, 0, 0, 0], [0, 0, 0, 138, 0, 4, 1, 0], [0, 0, 1, 5, 3, 0, 324, 0], [0, 0, 6, 0, 0, 0, 0, 229]]"
79,75.17523364,0.619759041,0.743123335,0.756947484,0.714946804,1432158942,89.3442623,94.23076923,49.03225806,27.5862069,82.78688525,79.72027972,84.98498498,97.87234043,"[[109, 1, 0, 5, 3, 4, 0, 0], [13, 294, 0, 2, 0, 0, 2, 1], [4, 0, 76, 5, 44, 9, 6, 11], [76, 0, 0, 80, 17, 109, 8, 0], [17, 0, 0, 3, 101, 1, 0, 0], [22, 0, 0, 7, 0, 114, 0, 0], [5, 7, 0, 27, 4, 7, 283, 0], [0, 0, 4, 0, 1, 0, 0, 230]]"
80,82.8271028,0.472018363,0.801952916,0.809764807,0.801202806,1449379290,67.21311475,98.3974359,76.12903226,54.48275862,89.3442623,70.62937063,94.59459459,97.0212766,"[[82, 1, 0, 23, 10, 6, 0, 0], [2, 307, 0, 1, 0, 0, 2, 0], [0, 0, 118, 6, 16, 4, 4, 7], [13, 2, 9, 158, 22, 68, 18, 0], [2, 0, 6, 5, 109, 0, 0, 0], [2, 0, 1, 39, 0, 101, 0, 0], [0, 8, 1, 5, 4, 0, 315, 0], [0, 0, 7, 0, 0, 0, 0, 228]]"
81,82.35981308,0.51466987,0.792405801,0.815835713,0.800286674,1466599638,76.2295082,98.71794872,83.87096774,54.82758621,86.06557377,72.02797203,88.58858859,92.34042553,"[[93, 1, 0, 15, 8, 5, 0, 0], [2, 308, 0, 1, 0, 0, 1, 0], [1, 0, 130, 4, 10, 5, 3, 2], [28, 2, 9, 159, 20, 63, 9, 0], [3, 0, 9, 5, 105, 0, 0, 0], [5, 0, 2, 33, 0, 103, 0, 0], [1, 22, 3, 8, 4, 0, 295, 0], [0, 0, 18, 0, 0, 0, 0, 217]]"
82,79.6728972,0.494827719,0.813652683,0.725444727,0.724036581,1488125073,68.85245902,96.79487179,61.29032258,86.89655172,71.31147541,4.895104895,91.59159159,98.72340426,"[[84, 1, 0, 34, 3, 0, 0, 0], [8, 302, 0, 1, 0, 0, 1, 0], [0, 0, 95, 21, 13, 0, 7, 19], [14, 0, 0, 252, 9, 3, 12, 0], [5, 0, 5, 25, 87, 0, 0, 0], [0, 0, 0, 136, 0, 7, 0, 0], [0, 6, 0, 22, 0, 0, 305, 0], [0, 0, 3, 0, 0, 0, 0, 232]]"
83,78.38785047,0.562069608,0.780581037,0.791203859,0.741755595,1508215479,93.44262295,98.07692308,60.64516129,22.06896552,90.16393443,76.22377622,94.89489489,97.44680851,"[[114, 1, 0, 0, 4, 3, 0, 0], [4, 306, 0, 1, 0, 0, 1, 0], [5, 0, 94, 1, 33, 5, 9, 8], [105, 1, 4, 64, 18, 78, 20, 0], [11, 0, 0, 1, 110, 0, 0, 0], [28, 0, 1, 4, 0, 109, 1, 0], [5, 5, 0, 3, 3, 1, 316, 0], [0, 0, 6, 0, 0, 0, 0, 229]]"
84,82.30140187,0.471957644,0.794681031,0.802292047,0.79431768,1529740914,74.59016393,98.07692308,70.32258065,59.65517241,90.98360656,58.74125874,91.59159159,97.87234043,"[[91, 1, 0, 21, 8, 1, 0, 0], [4, 306, 0, 1, 0, 0, 1, 0], [0, 0, 109, 9, 20, 3, 5, 9], [27, 2, 4, 173, 25, 47, 12, 0], [4, 0, 3, 4, 111, 0, 0, 0], [4, 0, 2, 53, 0, 84, 0, 0], [1, 16, 0, 7, 4, 0, 305, 0], [0, 0, 5, 0, 0, 0, 0, 230]]"
85,74.00700935,0.676918031,0.763782577,0.738512393,0.675893546,1546961262,25.40983607,91.34615385,79.35483871,9.655172414,95.90163934,97.9020979,95.4954955,95.74468085,"[[31, 1, 0, 1, 23, 66, 0, 0], [15, 285, 0, 1, 2, 3, 6, 0], [0, 0, 123, 0, 19, 7, 3, 3], [2, 0, 16, 28, 39, 189, 16, 0], [0, 0, 5, 0, 117, 0, 0, 0], [0, 0, 3, 0, 0, 140, 0, 0], [0, 0, 4, 2, 4, 5, 318, 0], [0, 0, 10, 0, 0, 0, 0, 225]]"
86,72.2546729,0.742857478,0.665226256,0.69732779,0.660516517,1562746581,90.98360656,97.75641026,68.38709677,67.93103448,77.04918033,0,59.15915916,96.59574468,"[[111, 1, 0, 7, 3, 0, 0, 0], [6, 305, 0, 1, 0, 0, 0, 0], [4, 0, 106, 17, 21, 0, 2, 5], [77, 1, 2, 197, 11, 0, 2, 0], [20, 0, 1, 7, 94, 0, 0, 0], [23, 0, 0, 120, 0, 0, 0, 0], [4, 85, 0, 47, 0, 0, 197, 0], [0, 0, 8, 0, 0, 0, 0, 227]]"
87,68.69158879,0.757826406,0.722342561,0.670455063,0.609505105,1579966929,8.196721311,77.56410256,71.61290323,5.517241379,77.04918033,98.6013986,99.0990991,98.72340426,"[[10, 0, 0, 3, 13, 94, 2, 0], [7, 242, 0, 0, 2, 3, 56, 2], [0, 0, 111, 1, 7, 10, 8, 18], [0, 0, 7, 16, 18, 199, 50, 0], [0, 0, 17, 1, 94, 7, 3, 0], [0, 0, 1, 0, 0, 141, 1, 0], [0, 0, 0, 1, 0, 2, 330, 0], [0, 0, 3, 0, 0, 0, 0, 232]]"
88,78.27102804,0.576753323,0.758534282,0.790473856,0.73805614,1594317219,86.8852459,97.11538462,67.74193548,22.06896552,96.72131148,69.93006993,94.89489489,97.0212766,"[[106, 1, 0, 0, 11, 4, 0, 0], [6, 303, 0, 1, 0, 0, 2, 0], [2, 0, 105, 1, 35, 2, 3, 7], [65, 3, 10, 64, 58, 73, 17, 0], [3, 0, 1, 0, 118, 0, 0, 0], [24, 0, 4, 11, 3, 100, 1, 0], [0, 7, 0, 4, 6, 0, 316, 0], [0, 0, 7, 0, 0, 0, 0, 228]]"
89,77.92056075,0.562143584,0.768973159,0.710547966,0.701370457,1610102538,4.918032787,95.83333333,80,61.03448276,55.73770492,77.62237762,96.6966967,96.59574468,"[[6, 1, 0, 92, 3, 20, 0, 0], [4, 299, 0, 4, 0, 0, 5, 0], [0, 0, 124, 11, 2, 6, 8, 4], [0, 0, 3, 177, 5, 87, 18, 0], [0, 0, 18, 36, 68, 0, 0, 0], [0, 0, 1, 30, 0, 111, 1, 0], [0, 0, 0, 11, 0, 0, 322, 0], [0, 0, 8, 0, 0, 0, 0, 227]]"
90,74.24065421,0.665736241,0.769079648,0.755416766,0.685395175,1628757915,75.40983607,95.51282051,48.38709677,7.24137931,99.18032787,88.11188811,92.19219219,98.29787234,"[[92, 1, 0, 0, 19, 10, 0, 0], [9, 298, 0, 1, 0, 0, 3, 1], [1, 0, 75, 0, 62, 5, 4, 8], [32, 0, 2, 21, 84, 134, 17, 0], [1, 0, 0, 0, 121, 0, 0, 0], [11, 0, 1, 1, 3, 126, 1, 0], [0, 2, 0, 1, 22, 1, 307, 0], [0, 0, 3, 0, 1, 0, 0, 231]]"
91,77.21962617,0.624795802,0.784913898,0.784080854,0.726831705,1644543234,71.31147541,98.3974359,74.83870968,4.827586207,90.16393443,93.00699301,99.3993994,95.31914894,"[[87, 5, 0, 1, 9, 18, 2, 0], [0, 307, 0, 0, 0, 0, 5, 0], [0, 0, 116, 0, 14, 6, 16, 3], [22, 5, 3, 14, 21, 136, 89, 0], [3, 0, 4, 1, 110, 0, 4, 0], [5, 0, 1, 1, 0, 133, 3, 0], [0, 2, 0, 0, 0, 0, 331, 0], [0, 0, 11, 0, 0, 0, 0, 224]]"
92,76.98598131,0.5475676,0.743801167,0.677056522,0.667060264,1660328553,3.278688525,96.79487179,80.64516129,87.24137931,74.59016393,13.98601399,89.78978979,95.31914894,"[[4, 1, 0, 110, 7, 0, 0, 0], [5, 302, 0, 3, 0, 0, 2, 0], [0, 0, 125, 17, 8, 1, 1, 3], [1, 0, 4, 253, 11, 15, 6, 0], [0, 0, 10, 21, 91, 0, 0, 0], [0, 0, 1, 122, 0, 20, 0, 0], [0, 7, 0, 27, 0, 0, 299, 0], [0, 0, 11, 0, 0, 0, 0, 224]]"
93,79.32242991,0.50424753,0.790352107,0.801868335,0.756067864,1678983930,76.2295082,96.79487179,62.58064516,23.79310345,96.72131148,92.30769231,95.1951952,97.87234043,"[[93, 1, 0, 2, 13, 13, 0, 0], [5, 302, 0, 1, 0, 0, 4, 0], [0, 0, 97, 3, 33, 8, 4, 10], [24, 1, 3, 69, 39, 135, 19, 0], [3, 0, 0, 1, 118, 0, 0, 0], [6, 0, 1, 3, 0, 132, 1, 0], [1, 4, 0, 5, 5, 1, 317, 0], [0, 0, 5, 0, 0, 0, 0, 230]]"
94,81.77570093,0.486417422,0.808870597,0.797576732,0.783155896,1697639307,63.1147541,97.43589744,54.19354839,52.75862069,96.72131148,80.41958042,96.3963964,97.0212766,"[[77, 1, 0, 20, 14, 10, 0, 0], [4, 304, 0, 1, 0, 0, 3, 0], [0, 0, 84, 6, 44, 6, 7, 8], [6, 2, 1, 153, 31, 78, 19, 0], [0, 0, 0, 4, 118, 0, 0, 0], [1, 0, 1, 25, 0, 115, 1, 0], [0, 2, 0, 6, 4, 0, 321, 0], [0, 0, 6, 0, 1, 0, 0, 228]]"
95,81.6588785,0.453709351,0.736897731,0.756416413,0.74095026,1713424626,68.03278689,98.07692308,84.51612903,85.17241379,81.14754098,0,91.59159159,96.59574468,"[[83, 1, 0, 31, 7, 0, 0, 0], [3, 306, 0, 1, 0, 0, 2, 0], [0, 0, 131, 13, 4, 0, 2, 5], [10, 2, 8, 247, 12, 1, 10, 0], [1, 0, 12, 10, 99, 0, 0, 0], [1, 0, 1, 141, 0, 0, 0, 0], [0, 8, 4, 16, 0, 0, 305, 0], [0, 0, 8, 0, 0, 0, 0, 227]]"
96,80.8411215,0.474404111,0.810349999,0.804288965,0.780777762,1734950061,56.55737705,96.79487179,78.06451613,33.44827586,89.3442623,95.8041958,96.3963964,97.0212766,"[[69, 1, 0, 13, 7, 32, 0, 0], [6, 302, 0, 1, 0, 0, 3, 0], [0, 0, 121, 4, 11, 8, 4, 7], [7, 0, 3, 97, 20, 146, 17, 0], [2, 0, 5, 5, 109, 1, 0, 0], [0, 0, 1, 5, 0, 137, 0, 0], [0, 2, 0, 8, 1, 1, 321, 0], [0, 0, 7, 0, 0, 0, 0, 228]]"
97,70.73598131,0.772019263,0.752919634,0.715110272,0.670821518,1752170409,97.54098361,91.98717949,67.09677419,9.310344828,73.7704918,49.65034965,85.28528529,97.44680851,"[[119, 1, 0, 0, 1, 1, 0, 0], [23, 287, 0, 0, 0, 0, 1, 1], [5, 0, 104, 2, 26, 5, 5, 8], [189, 0, 3, 27, 13, 49, 9, 0], [32, 0, 0, 0, 90, 0, 0, 0], [70, 0, 1, 1, 0, 71, 0, 0], [12, 29, 0, 4, 4, 0, 284, 0], [0, 0, 6, 0, 0, 0, 0, 229]]"
98,78.62149533,0.525597328,0.780551362,0.752122945,0.717091401,1772260815,13.1147541,96.47435897,78.06451613,43.44827586,94.26229508,83.21678322,96.0960961,97.0212766,"[[16, 1, 0, 51, 27, 27, 0, 0], [2, 301, 0, 2, 2, 0, 5, 0], [0, 0, 121, 3, 20, 4, 2, 5], [0, 1, 10, 126, 36, 105, 12, 0], [0, 0, 6, 1, 115, 0, 0, 0], [0, 0, 3, 21, 0, 119, 0, 0], [0, 0, 2, 7, 4, 0, 320, 0], [0, 0, 7, 0, 0, 0, 0, 228]]"
99,70.67757009,0.744911008,0.701077367,0.68075829,0.62614122,1786611105,95.08196721,96.79487179,46.4516129,28.62068966,88.52459016,2.797202797,88.88888889,97.44680851,"[[116, 1, 0, 1, 4, 0, 0, 0], [9, 302, 0, 0, 0, 0, 1, 0], [5, 0, 72, 7, 56, 0, 8, 7], [171, 1, 0, 83, 19, 5, 11, 0], [14, 0, 0, 0, 108, 0, 0, 0], [83, 0, 0, 55, 1, 4, 0, 0], [6, 22, 0, 6, 3, 0, 296, 0], [0, 0, 5, 0, 1, 0, 0, 229]]"
100,77.80373832,0.531339108,0.822774614,0.688225984,0.696936024,1802396424,12.29508197,98.3974359,83.22580645,81.03448276,44.26229508,44.75524476,91.29129129,95.31914894,"[[15, 1, 0, 101, 4, 1, 0, 0], [0, 307, 0, 3, 0, 0, 2, 0], [0, 0, 129, 18, 0, 1, 4, 3], [0, 1, 4, 235, 6, 36, 8, 0], [0, 0, 38, 30, 54, 0, 0, 0], [0, 0, 0, 79, 0, 64, 0, 0], [0, 4, 0, 25, 0, 0, 304, 0], [0, 0, 11, 0, 0, 0, 0, 224]]"
,,,,,,,,,,,,,,,
,,,,,,1718.899178,,,,,,,,,
,,,,,,,,,,,,,,,
,,,,,,,,,,,,,,,
,,,,,,,,,,,,,,,
,,,,,,,,,,,,,,,
,,Accuracy,,Loss,,Precision,,Recall,,F1-Score,,,,,
,,,,,,,,,,,,,,,
,,Mean,67.2885514,Mean,0.848003781,Mean,0.647946471,Mean,0.63887219,Mean,0.593663992,,,,
,,Standard Error,1.458650554,Standard Error,0.041435739,Standard Error,0.018188046,Standard Error,0.015194604,Standard Error,0.016918933,,,,
,,Median,73.53971963,Median,0.69513136,Median,0.725191067,Median,0.680345662,Median,0.640850973,,,,
,,Mode,73.53971963,Mode,#N/A,Mode,#N/A,Mode,#N/A,Mode,#N/A,,,,
,,Standard Deviation,14.58650554,Standard Deviation,0.414357388,Standard Deviation,0.181880455,Standard Deviation,0.151946039,Standard Deviation,0.169189333,,,,
,,Sample Variance,212.7661438,Sample Variance,0.171692045,Sample Variance,0.0330805,Sample Variance,0.023087599,Sample Variance,0.02862503,,,,
,,Kurtosis,2.316664584,Kurtosis,3.912533389,Kurtosis,2.863282711,Kurtosis,1.897587119,Kurtosis,1.811998231,,,,
,,Skewness,-1.683026436,Skewness,1.950697814,Skewness,-1.821592825,Skewness,-1.521189465,Skewness,-1.498135453,,,,
,,Range,64.54439252,Range,2.13572752,Range,0.795654079,Range,0.690029262,Range,0.760709282,,,,
,,Minimum,18.28271028,Minimum,0.453709351,Minimum,0.027120536,Minimum,0.125806452,Minimum,0.040493525,,,,
,,Maximum,82.8271028,Maximum,2.589436871,Maximum,0.822774614,Maximum,0.815835713,Maximum,0.801202806,,,,
,,Sum,6728.85514,Sum,84.80037809,Sum,64.79464711,Sum,63.88721895,Sum,59.36639923,,,,
,,Count,100,Count,100,Count,100,Count,100,Count,100,,,,
