Round,Accuracy,Loss,Precision,Recall,F1-Score,Communication_Cost,Class_0_Accuracy,Class_1_Accuracy,Class_2_Accuracy,Class_3_Accuracy,Class_4_Accuracy,Class_5_Accuracy,Class_6_Accuracy,Class_7_Accuracy,Class_8_Accuracy,Class_9_Accuracy,Confusion_Matrix
1,24.74,2.1598424336399895,0.20018348865055105,0.24089415276126505,0.14743189475644167,6509865,0.0,62.8193832599119,0.0,0.0,0.0,0.7847533632286996,0.0,0.0,99.58932238193019,77.70069375619426,"[[0, 0, 0, 0, 0, 0, 0, 0, 915, 65], [0, 713, 0, 0, 0, 0, 0, 0, 415, 7], [0, 2, 0, 0, 0, 1, 0, 0, 959, 70], [0, 10, 0, 0, 0, 4, 0, 0, 946, 50], [0, 0, 0, 0, 0, 0, 0, 0, 289, 693], [0, 3, 0, 0, 0, 7, 0, 0, 838, 44], [0, 6, 0, 0, 0, 0, 0, 0, 841, 111], [0, 9, 0, 0, 0, 0, 0, 0, 361, 658], [0, 0, 0, 0, 0, 0, 0, 0, 970, 4], [0, 0, 0, 0, 0, 0, 0, 0, 225, 784]]"
2,45.75,1.7781838799437013,0.5289801672097582,0.4532576512973038,0.349512514787793,13520489,0.0,99.11894273127754,2.2286821705426356,36.336633663366335,72.19959266802444,64.23766816143498,0.0,0.09727626459143969,84.29158110882958,94.74727452923688,"[[0, 1, 0, 1, 18, 248, 0, 0, 421, 291], [0, 1125, 0, 0, 0, 1, 0, 0, 8, 1], [0, 187, 23, 1, 66, 5, 0, 0, 631, 119], [0, 110, 0, 367, 0, 136, 0, 0, 291, 106], [0, 10, 0, 0, 709, 0, 0, 0, 1, 262], [0, 70, 0, 18, 38, 573, 0, 0, 119, 74], [0, 90, 0, 0, 535, 99, 0, 0, 106, 128], [0, 73, 0, 0, 9, 0, 0, 1, 31, 914], [0, 56, 0, 0, 6, 23, 0, 0, 821, 68], [0, 17, 0, 1, 15, 5, 0, 0, 15, 956]]"
3,67.11,1.4935654207540396,0.7449755063812133,0.6696032164103102,0.6364130579801747,20531111,96.73469387755102,97.18061674008811,25.872093023255815,84.75247524752476,75.35641547861506,76.68161434977578,26.20041753653445,25.0,79.46611909650923,82.3587710604559,"[[948, 1, 0, 0, 11, 11, 0, 0, 5, 4], [0, 1103, 0, 4, 0, 10, 0, 0, 18, 0], [101, 73, 267, 24, 39, 7, 1, 3, 491, 26], [29, 22, 1, 856, 1, 43, 0, 1, 48, 9], [15, 7, 1, 1, 740, 26, 2, 0, 7, 183], [60, 18, 1, 88, 13, 684, 0, 0, 24, 4], [209, 39, 9, 0, 251, 131, 251, 0, 66, 2], [15, 55, 27, 39, 13, 10, 0, 257, 55, 557], [69, 10, 0, 31, 5, 78, 0, 0, 774, 7], [34, 9, 1, 14, 42, 72, 0, 0, 6, 831]]"
4,50.98,1.3949810041787145,0.5069386896813131,0.5047629012775032,0.43268293593384766,27040976,97.34693877551021,99.20704845814979,26.16279069767442,63.366336633663366,99.69450101832994,67.48878923766816,0.0,47.081712062256805,4.414784394250513,0.0,"[[954, 0, 0, 0, 21, 4, 0, 1, 0, 0], [0, 1126, 0, 3, 2, 4, 0, 0, 0, 0], [342, 171, 270, 21, 128, 6, 0, 5, 89, 0], [198, 44, 2, 640, 15, 105, 0, 4, 1, 1], [1, 2, 0, 0, 979, 0, 0, 0, 0, 0], [183, 28, 1, 15, 62, 602, 0, 0, 1, 0], [152, 48, 0, 0, 683, 75, 0, 0, 0, 0], [29, 72, 22, 7, 408, 4, 0, 484, 2, 0], [552, 49, 0, 20, 57, 250, 0, 3, 43, 0], [26, 17, 0, 6, 932, 24, 0, 4, 0, 0]]"
5,62.77,1.1105169522495697,0.7427280446763824,0.6218506810432388,0.5868224267045418,34552360,98.26530612244898,99.11894273127754,29.069767441860467,81.28712871287128,97.14867617107943,43.609865470852014,10.751565762004175,54.96108949416343,83.05954825462013,24.578790882061448,"[[963, 1, 0, 0, 9, 0, 0, 1, 6, 0], [0, 1125, 0, 3, 0, 0, 0, 0, 7, 0], [140, 133, 300, 19, 74, 0, 0, 4, 360, 2], [66, 47, 1, 821, 4, 2, 1, 3, 60, 5], [4, 15, 0, 0, 954, 0, 0, 0, 3, 6], [225, 54, 1, 120, 40, 389, 0, 0, 61, 2], [237, 71, 2, 0, 481, 17, 103, 0, 47, 0], [22, 97, 24, 7, 99, 0, 0, 565, 26, 188], [89, 39, 0, 14, 17, 3, 0, 0, 809, 3], [28, 35, 0, 12, 673, 2, 0, 2, 9, 248]]"
6,70.21,0.9395382137725148,0.7727358173228978,0.6968554969392398,0.6783021552663422,39559950,92.65306122448979,99.55947136563876,84.78682170542635,84.15841584158416,93.27902240325867,68.16143497757847,13.361169102296449,41.53696498054475,72.38193018480493,46.97720515361744,"[[908, 1, 35, 8, 14, 8, 0, 0, 5, 1], [0, 1130, 3, 2, 0, 0, 0, 0, 0, 0], [7, 70, 875, 6, 29, 1, 0, 4, 39, 1], [2, 57, 55, 850, 2, 15, 0, 3, 20, 6], [0, 20, 32, 0, 916, 0, 1, 0, 0, 13], [23, 62, 32, 107, 32, 608, 6, 0, 20, 2], [22, 51, 597, 1, 132, 25, 128, 0, 2, 0], [3, 93, 75, 2, 40, 0, 0, 427, 5, 383], [18, 81, 76, 53, 16, 13, 0, 1, 705, 11], [10, 33, 31, 11, 439, 7, 0, 1, 3, 474]]"
7,64.17,0.9701274867636708,0.7629742841708168,0.6341300639530633,0.5950773173889996,44567538,88.87755102040816,99.55947136563876,76.74418604651163,96.53465346534654,88.39103869653768,43.7219730941704,21.50313152400835,3.501945525291829,40.965092402464066,74.33102081268584,"[[871, 1, 12, 77, 6, 10, 0, 0, 1, 2], [0, 1130, 1, 4, 0, 0, 0, 0, 0, 0], [6, 97, 792, 98, 22, 1, 0, 1, 12, 3], [0, 18, 9, 975, 1, 0, 0, 0, 0, 7], [1, 31, 24, 5, 868, 0, 2, 0, 0, 51], [8, 56, 16, 397, 15, 390, 1, 0, 6, 3], [28, 59, 493, 18, 116, 36, 206, 0, 2, 0], [3, 97, 54, 145, 21, 0, 0, 36, 0, 672], [12, 82, 27, 425, 11, 10, 0, 0, 399, 8], [7, 28, 22, 65, 135, 2, 0, 0, 0, 750]]"
8,64.93,0.888934355479079,0.754564697333244,0.6426180920047349,0.6119059361335613,50576644,86.63265306122449,98.94273127753304,94.37984496124031,92.37623762376238,93.68635437881873,59.97757847533632,9.394572025052192,24.610894941634243,50.308008213552355,32.30921704658078,"[[849, 1, 55, 26, 8, 38, 0, 0, 2, 1], [0, 1123, 10, 2, 0, 0, 0, 0, 0, 0], [4, 18, 974, 12, 17, 0, 1, 2, 4, 0], [0, 17, 47, 933, 4, 2, 0, 1, 3, 3], [0, 14, 43, 1, 920, 0, 1, 0, 0, 3], [9, 38, 40, 234, 26, 535, 2, 0, 7, 1], [13, 31, 739, 4, 55, 26, 90, 0, 0, 0], [3, 77, 109, 77, 63, 0, 0, 253, 1, 445], [8, 46, 224, 161, 19, 19, 0, 0, 490, 7], [7, 23, 54, 39, 555, 5, 0, 0, 0, 326]]"
9,80.34,0.7344099451749089,0.8283894370288192,0.7997266413146382,0.7999099482231141,55584233,89.79591836734694,99.20704845814979,84.01162790697676,95.94059405940594,92.56619144602851,63.789237668161434,79.12317327766179,63.42412451361867,75.87268993839835,55.99603567888999,"[[880, 1, 9, 39, 4, 38, 2, 1, 6, 0], [0, 1126, 0, 4, 0, 1, 1, 0, 3, 0], [9, 22, 867, 44, 18, 0, 8, 4, 58, 2], [0, 11, 10, 969, 2, 3, 0, 2, 9, 4], [2, 14, 12, 3, 909, 1, 19, 0, 2, 20], [10, 21, 8, 234, 13, 569, 11, 0, 25, 1], [22, 28, 71, 5, 42, 27, 758, 0, 5, 0], [6, 50, 56, 68, 29, 0, 0, 652, 5, 162], [4, 25, 11, 163, 12, 14, 2, 0, 739, 4], [11, 16, 23, 49, 329, 8, 0, 5, 3, 565]]"
10,80.36,0.6543742517312876,0.8365806830008593,0.8007949516678187,0.7910382291439377,61092580,94.89795918367348,98.59030837004406,71.99612403100775,92.17821782178218,96.84317718940937,61.210762331838566,89.24843423799582,82.58754863813229,87.47433264887063,25.768087215064423,"[[930, 1, 1, 12, 9, 4, 12, 2, 9, 0], [0, 1119, 0, 4, 0, 1, 3, 0, 8, 0], [10, 21, 743, 25, 34, 0, 52, 20, 125, 2], [0, 10, 8, 931, 4, 4, 3, 13, 32, 5], [0, 3, 2, 0, 951, 0, 22, 1, 1, 2], [24, 17, 2, 166, 37, 546, 45, 5, 48, 2], [15, 8, 11, 1, 57, 9, 855, 0, 2, 0], [5, 22, 40, 2, 64, 0, 0, 849, 4, 42], [7, 11, 1, 51, 21, 6, 12, 7, 852, 6], [12, 7, 8, 15, 673, 2, 1, 26, 5, 260]]"
11,82.74,0.6205746604802128,0.8488506048420723,0.8258210335902445,0.8230576793248587,68603964,88.26530612244898,97.70925110132158,53.19767441860465,92.27722772277228,89.40936863543789,68.38565022421524,89.24843423799582,65.85603112840467,91.58110882956879,89.89098116947473,"[[865, 1, 0, 21, 6, 49, 8, 2, 25, 3], [0, 1109, 0, 4, 0, 1, 2, 0, 19, 0], [9, 30, 549, 50, 24, 0, 58, 15, 268, 29], [0, 6, 2, 932, 1, 4, 3, 4, 46, 12], [0, 3, 1, 0, 878, 0, 21, 1, 2, 76], [6, 12, 1, 131, 16, 610, 28, 3, 75, 10], [12, 7, 4, 2, 53, 14, 855, 0, 11, 0], [3, 22, 26, 12, 10, 0, 0, 677, 8, 270], [2, 7, 0, 39, 10, 8, 2, 2, 892, 12], [4, 6, 1, 12, 59, 3, 1, 3, 13, 907]]"
12,82.02,0.6204455104498817,0.847430770029608,0.8175877164016885,0.8153485109206802,74112311,86.3265306122449,97.97356828193833,62.01550387596899,96.13861386138613,90.63136456211812,59.4170403587444,93.0062630480167,57.39299610894941,87.37166324435319,87.31417244796829,"[[846, 1, 1, 49, 7, 38, 20, 2, 14, 2], [0, 1112, 0, 6, 0, 1, 2, 0, 14, 0], [6, 24, 640, 103, 19, 0, 54, 8, 159, 19], [0, 4, 4, 971, 1, 2, 1, 2, 17, 8], [0, 3, 1, 1, 890, 0, 29, 0, 2, 56], [5, 13, 1, 234, 16, 530, 38, 1, 49, 5], [10, 7, 3, 4, 29, 9, 891, 0, 5, 0], [3, 22, 30, 51, 12, 0, 0, 590, 7, 313], [2, 9, 0, 88, 8, 5, 5, 0, 851, 6], [4, 9, 3, 23, 75, 4, 1, 1, 8, 881]]"
13,85.57,0.5452676981497115,0.8691171839367231,0.8534538559496665,0.8517619476566288,81623693,97.6530612244898,99.11894273127754,82.26744186046511,93.46534653465348,90.63136456211812,69.50672645739911,88.51774530271399,57.1011673151751,87.67967145790554,87.51238850346878,"[[957, 1, 1, 6, 3, 1, 2, 2, 7, 0], [0, 1125, 1, 3, 0, 1, 2, 0, 3, 0], [11, 26, 849, 17, 18, 0, 16, 11, 72, 12], [2, 11, 13, 944, 1, 2, 1, 2, 27, 7], [2, 9, 5, 1, 890, 1, 23, 0, 3, 48], [27, 24, 6, 128, 12, 620, 29, 3, 37, 6], [17, 16, 29, 1, 33, 11, 848, 0, 3, 0], [5, 37, 47, 18, 15, 0, 0, 587, 6, 313], [8, 20, 6, 59, 9, 6, 4, 2, 854, 6], [15, 12, 6, 16, 67, 3, 0, 2, 5, 883]]"
14,85.14,0.5328015431333274,0.8593116214857085,0.8503866535004834,0.849791880705089,89135075,85.71428571428571,98.94273127753304,76.84108527131784,92.37623762376238,96.13034623217924,86.21076233183857,83.61169102296451,74.31906614785993,84.18891170431212,72.05153617443013,"[[840, 1, 0, 10, 7, 112, 3, 2, 4, 1], [0, 1123, 0, 4, 0, 1, 2, 0, 5, 0], [10, 28, 793, 24, 27, 2, 21, 20, 95, 12], [1, 11, 7, 933, 1, 26, 2, 3, 19, 7], [1, 4, 2, 1, 944, 1, 15, 1, 1, 12], [5, 8, 5, 64, 14, 769, 12, 2, 11, 2], [14, 9, 16, 1, 80, 34, 801, 0, 3, 0], [4, 26, 37, 11, 25, 1, 0, 764, 4, 156], [4, 18, 1, 47, 15, 48, 6, 4, 820, 11], [10, 10, 5, 13, 217, 15, 0, 9, 3, 727]]"
15,87.0,0.4863304936181242,0.8757361291373155,0.8691428465179867,0.8680967798738474,96646459,98.06122448979592,98.6784140969163,73.64341085271317,90.0990099009901,95.72301425661914,86.09865470852019,81.41962421711901,82.78210116731518,88.60369609856262,74.03369672943508,"[[961, 1, 0, 0, 3, 7, 1, 2, 5, 0], [0, 1120, 1, 3, 0, 1, 2, 0, 8, 0], [21, 23, 760, 19, 27, 1, 21, 22, 123, 15], [4, 10, 6, 910, 0, 31, 1, 14, 29, 5], [3, 4, 1, 0, 940, 1, 15, 1, 1, 16], [28, 8, 3, 39, 11, 768, 10, 4, 19, 2], [32, 7, 14, 1, 90, 31, 780, 0, 3, 0], [7, 21, 30, 8, 23, 1, 0, 851, 4, 83], [18, 14, 0, 23, 12, 31, 1, 6, 863, 6], [20, 6, 2, 8, 185, 10, 0, 23, 8, 747]]"
16,86.82,0.4813362918913174,0.8741617224092341,0.8678896445835855,0.8661730700143556,104157842,98.26530612244898,99.38325991189427,74.4186046511628,85.74257425742574,94.70468431771894,91.03139013452915,84.8643006263048,82.78210116731518,85.93429158110884,70.7631318136769,"[[963, 1, 0, 0, 1, 9, 1, 2, 3, 0], [0, 1128, 1, 2, 0, 2, 1, 0, 1, 0], [29, 48, 768, 13, 15, 2, 27, 19, 99, 12], [13, 20, 8, 866, 0, 56, 1, 10, 32, 4], [3, 13, 1, 1, 930, 1, 22, 0, 2, 9], [26, 10, 1, 16, 5, 812, 5, 4, 11, 2], [43, 13, 12, 1, 37, 36, 813, 0, 3, 0], [10, 39, 35, 7, 21, 2, 0, 851, 6, 57], [26, 27, 0, 17, 8, 47, 4, 6, 837, 2], [27, 22, 3, 7, 192, 11, 0, 26, 7, 714]]"
17,88.16,0.4601617793019968,0.8858830933564349,0.8803909854242915,0.8796980074085603,110667706,97.95918367346938,99.29515418502203,72.77131782945736,94.05940594059405,91.44602851323829,86.32286995515696,85.49060542797496,91.05058365758755,84.39425051334702,77.60158572844401,"[[960, 1, 0, 0, 1, 10, 1, 2, 5, 0], [0, 1127, 0, 4, 0, 2, 1, 0, 1, 0], [21, 49, 751, 48, 13, 2, 21, 24, 90, 13], [2, 12, 3, 950, 0, 14, 0, 14, 13, 2], [2, 19, 2, 1, 898, 0, 22, 0, 5, 33], [21, 9, 2, 64, 2, 770, 5, 4, 13, 2], [34, 17, 20, 2, 26, 37, 819, 0, 3, 0], [5, 24, 21, 18, 8, 0, 0, 936, 1, 15], [12, 32, 0, 63, 7, 26, 3, 7, 822, 2], [24, 23, 2, 16, 98, 7, 0, 52, 4, 783]]"
18,83.31,0.5424269844834416,0.8685327352401192,0.8310452098651048,0.8318711473458167,116176052,94.6938775510204,99.20704845814979,65.60077519379846,98.61386138613861,94.19551934826885,78.9237668161435,90.08350730688936,89.39688715953308,60.36960985626283,59.9603567888999,"[[928, 1, 1, 21, 1, 26, 0, 2, 0, 0], [0, 1126, 0, 6, 0, 2, 1, 0, 0, 0], [16, 17, 677, 211, 13, 1, 32, 21, 36, 8], [0, 0, 1, 996, 0, 4, 0, 8, 1, 0], [2, 7, 1, 10, 925, 1, 23, 2, 0, 11], [9, 5, 0, 160, 3, 704, 7, 1, 2, 1], [19, 7, 13, 5, 25, 25, 863, 0, 1, 0], [4, 13, 13, 65, 11, 0, 0, 919, 0, 3], [8, 20, 2, 282, 8, 51, 9, 4, 588, 2], [20, 10, 3, 63, 220, 7, 0, 81, 0, 605]]"
19,88.86,0.4270183414982531,0.8920180039583041,0.8873123199012299,0.8875241676887938,123687436,95.3061224489796,99.38325991189427,86.53100775193798,92.77227722772278,93.48268839103869,85.31390134529147,89.03966597077245,82.00389105058366,87.16632443531827,76.31318136769079,"[[934, 1, 5, 5, 1, 20, 7, 2, 5, 0], [0, 1128, 2, 2, 0, 1, 2, 0, 0, 0], [10, 24, 893, 10, 12, 1, 11, 9, 55, 7], [1, 12, 20, 937, 0, 13, 0, 5, 19, 3], [2, 18, 5, 1, 918, 0, 23, 0, 3, 12], [14, 11, 7, 68, 2, 761, 9, 2, 16, 2], [13, 13, 39, 1, 17, 20, 853, 0, 2, 0], [5, 33, 47, 16, 19, 0, 0, 843, 4, 61], [5, 29, 12, 43, 7, 16, 6, 4, 849, 3], [14, 23, 12, 17, 143, 5, 0, 18, 7, 770]]"
20,83.8,0.47416364461088334,0.8647737108690896,0.8375935040536296,0.825190428002791,130197302,97.95918367346938,99.47136563876651,81.2984496124031,87.52475247524752,97.65784114052953,93.60986547085201,81.21085594989562,91.82879377431907,79.87679671457906,27.155599603567886,"[[960, 1, 1, 0, 2, 12, 1, 2, 1, 0], [0, 1129, 2, 1, 0, 2, 1, 0, 0, 0], [19, 30, 839, 11, 23, 3, 8, 28, 64, 7], [3, 12, 13, 884, 0, 55, 0, 24, 17, 2], [2, 5, 2, 0, 959, 0, 13, 1, 0, 0], [21, 7, 2, 10, 3, 835, 2, 6, 6, 0], [28, 9, 24, 1, 76, 40, 778, 0, 2, 0], [5, 20, 28, 5, 19, 0, 0, 944, 0, 7], [23, 32, 4, 21, 20, 77, 4, 13, 778, 2], [24, 15, 2, 7, 553, 14, 0, 118, 2, 274]]"
21,89.84,0.3947791529777713,0.9003281346166228,0.8977598889793938,0.8976829178299027,136206408,93.77551020408164,99.47136563876651,88.95348837209302,83.46534653465346,93.17718940936864,92.60089686098655,89.77035490605428,86.08949416342413,88.29568788501027,82.1605550049554,"[[919, 1, 15, 0, 1, 26, 12, 2, 4, 0], [0, 1129, 2, 1, 0, 1, 2, 0, 0, 0], [9, 17, 918, 4, 8, 1, 10, 12, 46, 7], [1, 16, 42, 843, 0, 45, 0, 20, 41, 2], [0, 11, 5, 1, 915, 1, 27, 1, 4, 17], [11, 7, 8, 11, 0, 826, 7, 4, 16, 2], [9, 9, 41, 1, 16, 20, 860, 0, 2, 0], [4, 23, 47, 2, 9, 1, 0, 885, 2, 55], [4, 26, 18, 9, 6, 33, 7, 6, 860, 5], [11, 13, 12, 5, 91, 11, 1, 25, 11, 829]]"
22,89.02,0.40118162781476213,0.8942258258389328,0.8902682348172645,0.8884799101077157,143217032,97.34693877551021,99.38325991189427,79.36046511627907,79.00990099009901,96.33401221995926,95.06726457399103,88.72651356993737,88.81322957198444,89.21971252566735,77.00693756194251,"[[954, 1, 1, 0, 1, 16, 3, 2, 2, 0], [0, 1128, 2, 1, 0, 2, 1, 0, 1, 0], [15, 24, 819, 7, 16, 2, 14, 26, 97, 12], [5, 14, 17, 798, 0, 97, 0, 22, 53, 4], [1, 3, 2, 0, 946, 1, 19, 1, 2, 7], [15, 5, 1, 5, 0, 848, 2, 5, 10, 1], [18, 7, 15, 1, 31, 34, 850, 0, 2, 0], [5, 18, 27, 3, 15, 3, 0, 913, 1, 43], [13, 18, 0, 5, 7, 48, 4, 6, 869, 4], [17, 9, 3, 5, 142, 14, 1, 32, 9, 777]]"
23,90.61,0.3663906648088568,0.9080116821636819,0.9047468168931536,0.9051826017923933,150227657,98.26530612244898,99.47136563876651,85.65891472868216,94.35643564356435,92.9735234215886,86.65919282511211,87.2651356993737,83.94941634241245,86.652977412731,89.49454905847374,"[[963, 1, 1, 0, 2, 4, 3, 2, 4, 0], [0, 1129, 2, 1, 0, 1, 2, 0, 0, 0], [12, 21, 884, 13, 10, 0, 7, 19, 53, 13], [1, 5, 14, 953, 0, 9, 0, 6, 16, 6], [1, 9, 4, 1, 913, 1, 18, 1, 2, 32], [19, 6, 7, 66, 0, 773, 1, 3, 15, 2], [17, 14, 41, 1, 24, 23, 836, 0, 2, 0], [5, 19, 36, 12, 8, 0, 0, 863, 2, 83], [10, 23, 9, 52, 5, 18, 2, 5, 844, 6], [15, 11, 4, 16, 36, 6, 0, 14, 4, 903]]"
24,91.54,0.34041223822595973,0.9159420009968835,0.914370397534714,0.9145301294750026,157739040,97.14285714285714,99.47136563876651,89.05038759689923,93.76237623762376,93.9918533604888,89.91031390134529,91.02296450939458,87.93774319066148,86.55030800821355,85.53022794846382,"[[952, 1, 3, 0, 2, 8, 8, 2, 4, 0], [0, 1129, 2, 1, 0, 1, 2, 0, 0, 0], [12, 13, 919, 10, 5, 1, 12, 11, 39, 10], [1, 5, 18, 947, 0, 14, 0, 9, 14, 2], [1, 10, 4, 1, 923, 0, 19, 1, 3, 20], [13, 5, 6, 48, 0, 802, 1, 3, 12, 2], [13, 7, 25, 1, 17, 21, 872, 0, 2, 0], [4, 20, 42, 10, 7, 2, 0, 904, 0, 39], [10, 21, 13, 44, 5, 23, 5, 5, 843, 5], [15, 14, 5, 15, 58, 9, 0, 26, 4, 863]]"
25,91.16,0.35117080536322853,0.9148081065570975,0.9097424426683626,0.9106861558337271,164749663,97.95918367346938,99.29515418502203,92.73255813953489,95.54455445544554,89.91853360488798,86.65919282511211,87.78705636743214,90.07782101167315,82.75154004106776,87.01684836471755,"[[960, 1, 5, 0, 1, 4, 4, 2, 3, 0], [0, 1127, 3, 2, 0, 1, 2, 0, 0, 0], [11, 3, 957, 13, 3, 0, 7, 10, 22, 6], [1, 1, 18, 965, 0, 3, 0, 9, 11, 2], [2, 9, 11, 3, 883, 1, 21, 1, 4, 47], [17, 5, 7, 73, 0, 773, 1, 2, 12, 2], [17, 7, 55, 1, 13, 22, 841, 0, 2, 0], [4, 14, 44, 18, 3, 1, 0, 926, 0, 18], [12, 13, 32, 72, 4, 21, 4, 5, 806, 5], [16, 9, 14, 20, 25, 6, 1, 38, 2, 878]]"
26,88.23,0.4258443007406335,0.9005267243256979,0.8796099761304571,0.8827174206902002,171259528,95.0,98.6784140969163,96.12403100775194,96.03960396039604,89.20570264765783,85.20179372197309,79.22755741127348,88.32684824902724,70.63655030800821,81.16947472745292,"[[931, 1, 30, 1, 1, 8, 5, 2, 1, 0], [0, 1120, 11, 2, 0, 1, 1, 0, 0, 0], [4, 3, 992, 12, 1, 0, 4, 7, 6, 3], [0, 1, 28, 970, 0, 0, 0, 6, 5, 0], [1, 14, 36, 5, 876, 0, 17, 1, 3, 29], [10, 4, 14, 94, 0, 760, 1, 1, 8, 0], [12, 7, 148, 2, 5, 23, 759, 0, 2, 0], [4, 13, 61, 29, 3, 2, 0, 908, 0, 8], [9, 19, 100, 126, 4, 21, 4, 1, 688, 2], [13, 10, 36, 46, 30, 8, 0, 47, 0, 819]]"
27,88.2,0.4007025178010091,0.8969712436910975,0.880189320400403,0.8813581402909803,177268635,93.46938775510203,99.11894273127754,96.31782945736434,93.26732673267327,97.9633401221996,86.7713004484305,83.29853862212944,83.26848249027238,78.13141683778234,68.58275520317146,"[[916, 1, 36, 0, 2, 8, 11, 2, 4, 0], [0, 1125, 6, 2, 0, 1, 1, 0, 0, 0], [3, 3, 994, 7, 8, 0, 2, 5, 6, 4], [0, 3, 45, 942, 0, 2, 0, 7, 7, 4], [0, 5, 5, 0, 962, 0, 10, 0, 0, 0], [9, 6, 14, 73, 0, 774, 2, 1, 11, 2], [9, 7, 84, 1, 38, 19, 798, 0, 2, 0], [4, 17, 70, 16, 24, 1, 0, 856, 0, 40], [8, 22, 93, 50, 14, 14, 3, 3, 761, 6], [10, 11, 22, 17, 233, 4, 0, 18, 2, 692]]"
28,90.6,0.34840483806384637,0.9133211743874174,0.9033618150518008,0.9051345572339763,183778500,95.0,99.20704845814979,89.34108527131784,97.72277227722772,91.95519348268839,76.5695067264574,87.89144050104383,85.3112840466926,88.19301848049281,92.17046580773042,"[[931, 1, 14, 2, 2, 7, 13, 2, 8, 0], [0, 1126, 3, 2, 0, 1, 2, 0, 1, 0], [5, 3, 922, 21, 4, 0, 8, 10, 46, 13], [0, 0, 5, 987, 0, 0, 0, 4, 11, 3], [0, 4, 3, 1, 903, 0, 13, 1, 3, 54], [7, 4, 6, 161, 0, 683, 1, 1, 26, 3], [11, 7, 44, 2, 29, 17, 842, 0, 6, 0], [3, 13, 35, 38, 4, 0, 0, 877, 1, 57], [2, 8, 4, 86, 4, 5, 2, 0, 859, 4], [6, 8, 7, 22, 17, 2, 0, 13, 4, 930]]"
29,92.15,0.30915883923776616,0.9217348631661423,0.9211175828987404,0.9203497301733166,189787606,98.26530612244898,99.20704845814979,82.75193798449612,94.75247524752474,95.82484725050917,94.61883408071749,88.51774530271399,90.56420233463035,88.7063655030801,87.90882061446978,"[[963, 1, 0, 0, 2, 7, 3, 2, 2, 0], [0, 1126, 2, 2, 0, 3, 1, 0, 1, 0], [14, 7, 854, 22, 8, 0, 7, 23, 83, 14], [1, 1, 3, 957, 0, 20, 0, 10, 15, 3], [1, 3, 2, 0, 941, 0, 12, 1, 1, 21], [11, 1, 1, 23, 0, 844, 1, 2, 8, 1], [20, 6, 9, 1, 40, 29, 848, 1, 4, 0], [5, 8, 18, 17, 6, 1, 0, 931, 0, 42], [12, 4, 1, 37, 6, 36, 3, 5, 864, 6], [15, 6, 3, 11, 46, 11, 0, 26, 4, 887]]"
30,92.61,0.29211589183432224,0.9261205557771348,0.925698398624427,0.9253544938085676,196297473,96.63265306122449,99.20704845814979,93.31395348837209,90.89108910891089,93.89002036659878,95.51569506726457,92.69311064718163,87.7431906614786,88.39835728952772,87.41328047571854,"[[947, 1, 4, 0, 2, 8, 12, 2, 4, 0], [0, 1126, 3, 1, 0, 1, 4, 0, 0, 0], [9, 3, 963, 8, 1, 1, 10, 8, 25, 4], [1, 1, 28, 918, 0, 28, 0, 11, 21, 2], [0, 4, 4, 1, 922, 0, 30, 1, 2, 18], [10, 1, 4, 12, 0, 852, 1, 2, 9, 1], [13, 5, 21, 1, 8, 20, 888, 0, 2, 0], [4, 12, 52, 12, 4, 2, 0, 902, 2, 38], [12, 7, 25, 20, 5, 29, 6, 4, 861, 5], [17, 7, 8, 9, 41, 15, 1, 24, 5, 882]]"
31,91.64,0.30448439464972804,0.9201247825323786,0.9156824250100086,0.9165221815123218,201305062,99.38775510204081,99.73568281938327,87.6937984496124,92.47524752475248,90.73319755600815,92.04035874439462,91.33611691022965,85.11673151750972,87.37166324435319,89.79187314172448,"[[974, 2, 0, 0, 0, 0, 1, 2, 1, 0], [0, 1132, 2, 0, 0, 0, 1, 0, 0, 0], [14, 40, 905, 11, 2, 0, 9, 10, 33, 8], [4, 14, 16, 934, 0, 12, 0, 6, 18, 6], [3, 21, 3, 1, 891, 0, 19, 0, 1, 43], [22, 7, 3, 24, 0, 821, 1, 2, 10, 2], [24, 12, 14, 0, 13, 18, 875, 0, 2, 0], [7, 34, 38, 8, 3, 1, 0, 875, 2, 60], [21, 44, 7, 17, 4, 16, 4, 4, 851, 6], [21, 21, 4, 10, 20, 6, 0, 15, 6, 906]]"
32,88.2,0.3507240301789567,0.89666248483418,0.8820669444404873,0.8766266333428945,207314170,97.44897959183673,99.47136563876651,87.3062015503876,89.00990099009901,97.65784114052953,97.42152466367713,94.1544885177453,93.09338521400778,78.33675564681725,48.16650148662042,"[[955, 1, 0, 0, 2, 5, 14, 2, 1, 0], [0, 1129, 2, 1, 0, 1, 2, 0, 0, 0], [12, 29, 901, 9, 11, 0, 18, 23, 25, 4], [1, 10, 12, 899, 0, 52, 0, 23, 11, 2], [0, 5, 2, 0, 959, 0, 16, 0, 0, 0], [6, 4, 1, 4, 0, 869, 1, 3, 3, 1], [12, 7, 2, 0, 23, 12, 902, 0, 0, 0], [4, 17, 24, 4, 14, 2, 0, 957, 0, 6], [23, 46, 9, 16, 22, 51, 29, 13, 763, 2], [20, 14, 3, 7, 386, 13, 0, 78, 2, 486]]"
33,90.28,0.3198613629173547,0.9087958791177396,0.9032450804079936,0.9001229789617874,213824036,95.61224489795919,99.20704845814979,82.17054263565892,87.52475247524752,96.74134419551935,98.65470852017937,96.4509394572025,95.23346303501945,86.13963039014374,65.51040634291377,"[[937, 1, 0, 0, 2, 12, 22, 2, 4, 0], [0, 1126, 2, 1, 0, 2, 4, 0, 0, 0], [13, 24, 848, 11, 3, 4, 33, 36, 53, 7], [1, 4, 7, 884, 0, 72, 0, 23, 17, 2], [0, 3, 0, 0, 950, 0, 27, 1, 0, 1], [3, 0, 0, 1, 0, 880, 2, 2, 3, 1], [7, 5, 2, 0, 8, 12, 924, 0, 0, 0], [4, 9, 14, 3, 8, 4, 0, 979, 0, 7], [10, 15, 1, 9, 11, 50, 27, 9, 839, 3], [14, 6, 2, 5, 223, 20, 2, 72, 4, 661]]"
34,86.83,0.3732287013968721,0.8897231643806831,0.8688804518702333,0.8588657269734075,218831624,94.48979591836735,99.29515418502203,79.36046511627907,86.83168316831683,98.67617107942974,98.54260089686099,93.63256784968684,97.37354085603113,84.70225872689939,35.97621407333994,"[[926, 1, 0, 0, 3, 16, 24, 7, 3, 0], [0, 1127, 2, 1, 0, 1, 3, 1, 0, 0], [12, 26, 819, 10, 9, 3, 27, 66, 53, 7], [1, 7, 5, 877, 0, 67, 0, 36, 16, 1], [0, 1, 0, 0, 969, 0, 11, 1, 0, 0], [3, 0, 0, 0, 0, 879, 2, 4, 3, 1], [8, 5, 2, 0, 32, 13, 897, 1, 0, 0], [2, 5, 8, 4, 6, 0, 0, 1001, 0, 2], [10, 18, 1, 9, 27, 44, 20, 19, 825, 1], [10, 5, 2, 4, 415, 15, 1, 190, 4, 363]]"
35,92.7,0.2723688289475517,0.9290771741986321,0.9269784646810141,0.9255968307066134,224339971,98.46938775510205,99.38325991189427,90.89147286821705,90.89108910891089,96.5376782077393,97.30941704035875,95.09394572025052,94.8443579766537,89.42505133470226,74.13280475718534,"[[965, 1, 1, 0, 0, 2, 8, 2, 1, 0], [0, 1128, 2, 1, 0, 1, 3, 0, 0, 0], [13, 9, 938, 9, 1, 0, 9, 23, 28, 2], [2, 3, 19, 918, 0, 31, 0, 19, 17, 1], [0, 5, 2, 0, 948, 0, 24, 1, 0, 2], [8, 1, 1, 6, 0, 868, 1, 2, 4, 1], [15, 5, 5, 0, 7, 13, 911, 0, 2, 0], [4, 9, 24, 5, 4, 3, 0, 975, 0, 4], [18, 17, 11, 9, 6, 21, 9, 7, 871, 5], [19, 8, 3, 7, 136, 11, 1, 68, 8, 748]]"
36,91.92,0.27986912501934236,0.9237889471261216,0.9191719806040846,0.9172678464626548,231350596,98.77551020408163,99.38325991189427,92.82945736434108,90.5940594059406,97.35234215885947,97.08520179372198,95.4070981210856,93.28793774319067,87.06365503080082,67.39345887016849,"[[968, 1, 0, 0, 0, 0, 8, 2, 1, 0], [0, 1128, 3, 1, 0, 0, 3, 0, 0, 0], [13, 8, 958, 7, 2, 0, 7, 16, 19, 2], [3, 3, 27, 915, 0, 25, 0, 19, 16, 2], [0, 3, 2, 0, 956, 0, 20, 0, 0, 1], [11, 1, 1, 6, 0, 866, 1, 1, 4, 1], [17, 5, 5, 0, 9, 8, 914, 0, 0, 0], [7, 9, 28, 4, 11, 3, 0, 959, 0, 7], [26, 18, 23, 9, 9, 17, 13, 7, 848, 4], [23, 7, 3, 8, 218, 8, 1, 55, 6, 680]]"
37,92.56,0.2807817928873883,0.9284156841139171,0.9250318909286219,0.9241648749683048,238861980,99.38775510204081,99.29515418502203,90.89147286821705,96.03960396039604,97.25050916496944,95.51569506726457,93.0062630480167,93.96887159533074,80.39014373716633,79.28642220019822,"[[974, 1, 1, 0, 0, 0, 1, 2, 1, 0], [0, 1127, 2, 2, 0, 1, 3, 0, 0, 0], [17, 9, 938, 20, 3, 0, 7, 20, 15, 3], [1, 1, 4, 970, 0, 14, 0, 12, 6, 2], [2, 3, 2, 0, 955, 0, 13, 0, 0, 7], [11, 1, 0, 23, 0, 852, 1, 1, 2, 1], [22, 5, 3, 0, 18, 18, 891, 0, 1, 0], [7, 8, 16, 18, 3, 2, 0, 966, 0, 8], [32, 17, 12, 68, 9, 28, 7, 10, 783, 8], [24, 7, 2, 16, 107, 10, 0, 43, 0, 800]]"
38,90.87,0.29107337724714993,0.9185895258522138,0.9085688826438851,0.9040763716842435,246373362,98.36734693877551,99.29515418502203,93.31395348837209,94.65346534653465,98.16700610997964,96.41255605381166,94.05010438413362,95.13618677042801,86.44763860369609,52.72547076313181,"[[964, 1, 2, 0, 2, 0, 8, 2, 1, 0], [0, 1127, 3, 1, 0, 0, 3, 1, 0, 0], [11, 4, 963, 11, 3, 0, 5, 20, 14, 1], [0, 2, 14, 956, 0, 15, 0, 14, 9, 0], [0, 3, 2, 0, 964, 0, 13, 0, 0, 0], [7, 1, 2, 15, 0, 860, 1, 2, 4, 0], [15, 5, 4, 0, 18, 13, 901, 1, 1, 0], [3, 6, 28, 7, 5, 1, 0, 978, 0, 0], [16, 13, 24, 29, 11, 17, 9, 11, 842, 2], [19, 7, 6, 14, 288, 10, 0, 131, 2, 532]]"
39,91.86,0.28594053743746334,0.92581042263214,0.9179141975616307,0.9167825408206651,253383987,99.08163265306122,99.47136563876651,88.46899224806202,98.01980198019803,97.9633401221996,92.48878923766816,92.27557411273486,96.10894941634241,86.34496919917865,67.69078295341923,"[[971, 1, 1, 0, 1, 0, 2, 3, 1, 0], [0, 1129, 1, 3, 0, 0, 2, 0, 0, 0], [11, 9, 913, 26, 3, 1, 6, 32, 30, 1], [0, 0, 1, 990, 0, 1, 0, 11, 6, 1], [1, 3, 2, 0, 962, 0, 10, 2, 1, 1], [6, 1, 1, 52, 0, 825, 1, 2, 4, 0], [17, 6, 4, 0, 24, 20, 884, 1, 2, 0], [3, 7, 9, 19, 2, 0, 0, 988, 0, 0], [11, 9, 4, 77, 5, 11, 3, 10, 841, 3], [14, 6, 3, 23, 136, 7, 0, 136, 1, 683]]"
40,92.48,0.2665527298237188,0.9283969269680445,0.9250617526326371,0.9226311211392548,259893852,98.46938775510205,98.6784140969163,87.59689922480621,95.84158415841584,96.23217922606925,96.74887892376681,96.86847599164928,95.03891050583657,92.09445585215606,67.49256689791872,"[[965, 1, 0, 0, 0, 0, 11, 2, 1, 0], [0, 1120, 3, 2, 0, 0, 6, 0, 4, 0], [15, 5, 904, 19, 1, 0, 20, 22, 45, 1], [0, 0, 4, 968, 0, 13, 0, 12, 13, 0], [0, 3, 2, 0, 945, 0, 30, 0, 1, 1], [8, 1, 0, 13, 0, 863, 2, 1, 4, 0], [12, 3, 2, 0, 5, 7, 928, 0, 1, 0], [7, 7, 14, 17, 3, 2, 0, 977, 0, 1], [18, 2, 2, 19, 5, 13, 11, 6, 897, 1], [28, 7, 2, 15, 174, 14, 1, 82, 5, 681]]"
41,92.5,0.2613963868242864,0.9288049274894442,0.925431000603757,0.9231935277051881,266403718,96.93877551020408,98.59030837004406,84.78682170542635,95.04950495049505,95.41751527494908,96.74887892376681,98.22546972860125,95.42801556420234,94.96919917864476,69.27651139742319,"[[950, 1, 0, 0, 0, 0, 21, 2, 6, 0], [0, 1119, 2, 1, 0, 0, 6, 0, 7, 0], [13, 4, 875, 19, 1, 0, 22, 23, 74, 1], [0, 0, 4, 960, 0, 14, 0, 12, 20, 0], [0, 3, 2, 0, 937, 0, 36, 1, 2, 1], [5, 1, 0, 12, 0, 863, 3, 1, 7, 0], [6, 2, 2, 0, 3, 2, 941, 0, 2, 0], [5, 7, 12, 16, 3, 1, 0, 981, 2, 1], [7, 2, 1, 12, 4, 8, 9, 5, 925, 1], [21, 7, 2, 9, 157, 10, 3, 91, 10, 699]]"
42,92.8,0.26955123745595305,0.9315594957344452,0.9281179890630348,0.9273171221885036,272412825,97.55102040816327,99.03083700440529,81.4922480620155,98.21782178217822,94.60285132382892,95.62780269058297,96.76409185803759,93.48249027237354,91.17043121149896,80.17839444995045,"[[956, 1, 0, 0, 0, 0, 16, 2, 5, 0], [0, 1124, 0, 4, 0, 1, 3, 0, 3, 0], [14, 12, 841, 59, 1, 1, 17, 20, 66, 1], [0, 0, 0, 992, 0, 3, 0, 8, 7, 0], [0, 4, 2, 1, 929, 0, 34, 1, 2, 9], [4, 1, 0, 28, 0, 853, 2, 1, 3, 0], [10, 4, 2, 0, 3, 10, 927, 0, 2, 0], [5, 8, 7, 38, 2, 3, 0, 961, 1, 3], [7, 3, 1, 54, 4, 10, 4, 3, 888, 0], [20, 10, 2, 23, 62, 14, 2, 65, 2, 809]]"
43,91.16,0.2875223402588512,0.9201819984035209,0.9112844069850816,0.9073840252830238,278421931,99.08163265306122,99.20704845814979,93.7015503875969,96.53465346534654,96.43584521384929,95.73991031390135,95.92901878914405,96.10894941634241,82.64887063655031,55.89692765113974,"[[971, 1, 2, 0, 0, 0, 3, 2, 1, 0], [0, 1126, 3, 2, 0, 0, 4, 0, 0, 0], [13, 3, 967, 12, 1, 0, 6, 20, 9, 1], [1, 1, 10, 975, 0, 7, 0, 13, 3, 0], [2, 5, 2, 0, 947, 0, 23, 2, 0, 1], [8, 1, 2, 22, 0, 854, 2, 1, 2, 0], [17, 4, 5, 0, 3, 10, 919, 0, 0, 0], [4, 6, 17, 10, 2, 1, 0, 988, 0, 0], [33, 15, 24, 48, 5, 18, 11, 13, 805, 2], [27, 8, 6, 18, 141, 13, 1, 231, 0, 564]]"
44,90.53,0.3222630436832722,0.9221885808731072,0.9035640743337471,0.9047581628082868,284431037,97.6530612244898,99.29515418502203,93.21705426356588,99.60396039603961,94.19551934826885,86.65919282511211,97.7035490605428,92.12062256809338,68.6858316221766,74.43012884043607,"[[957, 1, 2, 0, 0, 0, 17, 2, 1, 0], [0, 1127, 1, 4, 0, 0, 3, 0, 0, 0], [9, 3, 962, 33, 1, 0, 7, 12, 5, 0], [0, 0, 1, 1006, 0, 0, 0, 3, 0, 0], [0, 5, 2, 3, 925, 0, 37, 1, 0, 9], [5, 1, 2, 106, 0, 773, 2, 1, 2, 0], [10, 4, 3, 0, 3, 2, 936, 0, 0, 0], [3, 5, 19, 51, 2, 1, 0, 947, 0, 0], [14, 18, 20, 217, 5, 8, 20, 1, 669, 2], [18, 8, 7, 83, 62, 5, 2, 73, 0, 751]]"
45,92.78,0.270137135784466,0.9349692593400416,0.9270851827015558,0.9276345281356054,291441662,97.85714285714285,99.29515418502203,91.76356589147287,99.4059405940594,95.11201629327903,93.04932735426009,96.86847599164928,92.31517509727627,82.03285420944559,79.38553022794846,"[[959, 1, 2, 0, 0, 0, 15, 2, 1, 0], [0, 1127, 1, 4, 0, 0, 3, 0, 0, 0], [10, 6, 947, 37, 1, 0, 7, 13, 11, 0], [0, 0, 0, 1004, 0, 0, 0, 4, 2, 0], [0, 5, 2, 1, 934, 0, 28, 0, 0, 12], [3, 1, 2, 52, 0, 830, 2, 1, 1, 0], [10, 4, 3, 0, 3, 8, 928, 0, 2, 0], [4, 6, 16, 47, 2, 1, 0, 949, 0, 3], [12, 9, 8, 119, 5, 14, 5, 1, 799, 2], [18, 10, 5, 57, 55, 9, 1, 53, 0, 801]]"
46,92.8,0.2569404397719203,0.9336842786056165,0.9278113598011848,0.9267069644942711,298953046,97.55102040816327,99.11894273127754,87.1124031007752,98.51485148514851,98.16700610997964,95.2914798206278,95.61586638830897,96.78988326848248,88.19301848049281,71.45688800792864,"[[956, 1, 0, 0, 1, 2, 15, 3, 2, 0], [0, 1125, 0, 4, 0, 0, 4, 1, 1, 0], [10, 7, 899, 36, 2, 0, 7, 35, 35, 1], [0, 0, 0, 995, 0, 1, 0, 9, 5, 0], [0, 2, 2, 0, 964, 0, 12, 1, 0, 1], [4, 0, 0, 34, 0, 850, 1, 1, 2, 0], [10, 4, 2, 0, 13, 11, 916, 0, 2, 0], [3, 4, 6, 18, 2, 0, 0, 995, 0, 0], [8, 6, 2, 68, 5, 11, 4, 9, 859, 2], [11, 5, 2, 23, 133, 8, 0, 105, 1, 721]]"
47,89.22,0.3006162416820709,0.9114307091116661,0.8920760367542784,0.8851955202866583,303960634,97.0408163265306,99.38325991189427,88.85658914728683,98.11881188118812,98.57433808553971,94.84304932735425,97.28601252609603,94.94163424124513,81.1088295687885,41.92269573835481,"[[951, 1, 0, 0, 3, 0, 21, 3, 1, 0], [0, 1128, 1, 2, 0, 0, 4, 0, 0, 0], [10, 15, 917, 23, 6, 0, 18, 25, 17, 1], [0, 3, 1, 991, 0, 1, 0, 10, 3, 1], [0, 2, 1, 0, 968, 0, 11, 0, 0, 0], [3, 2, 1, 35, 0, 846, 3, 1, 1, 0], [6, 4, 1, 0, 12, 3, 932, 0, 0, 0], [3, 10, 10, 14, 15, 0, 0, 976, 0, 0], [11, 27, 5, 71, 23, 15, 22, 10, 790, 0], [13, 7, 2, 19, 429, 6, 1, 107, 2, 423]]"
48,91.56,0.2639281054417165,0.9248532672984835,0.9157162409938255,0.9134270735771922,310470499,98.36734693877551,99.38325991189427,85.17441860465115,97.42574257425743,98.67617107942974,96.30044843049326,95.19832985386222,94.94163424124513,88.60369609856262,61.64519326065411,"[[964, 1, 0, 0, 2, 0, 9, 3, 1, 0], [0, 1128, 1, 2, 0, 0, 4, 0, 0, 0], [14, 24, 879, 23, 7, 0, 17, 30, 35, 3], [0, 3, 1, 984, 0, 4, 0, 10, 7, 1], [0, 2, 0, 0, 969, 0, 10, 0, 0, 1], [6, 1, 0, 20, 0, 859, 2, 1, 3, 0], [11, 4, 1, 0, 22, 7, 912, 0, 1, 0], [3, 9, 9, 13, 14, 1, 0, 976, 0, 3], [17, 17, 0, 31, 16, 11, 8, 7, 863, 4], [16, 6, 1, 13, 283, 8, 0, 58, 2, 622]]"
49,90.05,0.28342943842085405,0.914831459765184,0.9005488507710305,0.8934549314401778,316980364,98.06122448979592,99.38325991189427,93.7015503875969,94.95049504950495,98.16700610997964,98.4304932735426,96.4509394572025,96.20622568093385,80.69815195071868,44.49950445986125,"[[961, 2, 1, 0, 1, 0, 12, 2, 1, 0], [0, 1128, 2, 1, 0, 0, 4, 0, 0, 0], [11, 9, 967, 9, 2, 0, 6, 19, 8, 1], [0, 3, 10, 959, 0, 19, 0, 14, 4, 1], [0, 3, 2, 0, 964, 0, 13, 0, 0, 0], [3, 1, 2, 5, 0, 878, 1, 1, 1, 0], [10, 4, 2, 0, 10, 8, 924, 0, 0, 0], [3, 6, 18, 6, 5, 1, 0, 989, 0, 0], [26, 32, 19, 24, 23, 28, 18, 16, 786, 2], [17, 6, 4, 12, 376, 14, 0, 130, 1, 449]]"
50,94.07,0.22184552227298673,0.9422574856436213,0.9408291202982262,0.9397599218612424,322989471,97.85714285714285,99.38325991189427,89.72868217054264,96.03960396039604,96.94501018329939,98.09417040358744,97.39039665970772,95.91439688715954,91.47843942505133,77.998017839445,"[[959, 1, 0, 0, 0, 0, 16, 3, 1, 0], [0, 1128, 2, 1, 0, 0, 4, 0, 0, 0], [13, 11, 926, 16, 1, 0, 16, 23, 25, 1], [0, 3, 5, 970, 0, 13, 0, 10, 9, 0], [0, 5, 2, 0, 952, 0, 20, 0, 0, 3], [3, 1, 0, 8, 0, 875, 3, 1, 1, 0], [8, 4, 2, 0, 3, 7, 933, 0, 1, 0], [3, 10, 13, 10, 2, 1, 0, 986, 0, 3], [14, 7, 3, 16, 5, 15, 11, 7, 891, 5], [15, 7, 2, 12, 105, 13, 1, 63, 4, 787]]"
51,92.51,0.24420028514326952,0.9307227673085275,0.9249729126751584,0.9237826952369657,328998575,94.59183673469389,99.29515418502203,92.34496124031007,96.63366336633663,97.65784114052953,96.74887892376681,98.64300626304802,93.67704280155642,85.1129363449692,70.26759167492567,"[[927, 1, 1, 0, 1, 0, 48, 2, 0, 0], [0, 1127, 2, 1, 0, 0, 5, 0, 0, 0], [9, 12, 953, 8, 2, 0, 21, 15, 10, 2], [0, 3, 9, 976, 0, 5, 0, 10, 6, 1], [0, 3, 1, 0, 959, 0, 18, 0, 0, 1], [3, 1, 1, 14, 0, 863, 7, 1, 1, 1], [4, 3, 1, 0, 3, 2, 945, 0, 0, 0], [3, 10, 18, 9, 14, 1, 0, 963, 0, 10], [10, 30, 15, 17, 13, 12, 37, 7, 829, 4], [11, 6, 2, 12, 222, 6, 2, 36, 3, 709]]"
52,93.5,0.22660793159335565,0.9377196585686386,0.9347639493463282,0.934319072536067,336509960,95.20408163265306,99.29515418502203,95.93023255813954,96.83168316831683,97.45417515274949,96.0762331838565,98.53862212943632,89.10505836575877,86.44763860369609,79.8810703666997,"[[933, 1, 1, 0, 1, 0, 40, 2, 2, 0], [0, 1127, 3, 1, 0, 0, 4, 0, 0, 0], [6, 5, 990, 9, 1, 0, 8, 6, 5, 2], [0, 2, 13, 978, 0, 2, 0, 8, 6, 1], [0, 3, 2, 0, 957, 0, 19, 0, 0, 1], [3, 1, 1, 20, 0, 857, 6, 1, 3, 0], [4, 3, 2, 0, 3, 2, 944, 0, 0, 0], [2, 10, 41, 14, 12, 3, 0, 916, 0, 30], [6, 19, 32, 27, 8, 7, 25, 2, 842, 6], [10, 7, 6, 17, 136, 6, 1, 18, 2, 806]]"
53,94.12,0.21355582924244312,0.941656753812054,0.9414397393446242,0.9406844049088285,343019824,97.34693877551021,99.47136563876651,92.92635658914729,92.37623762376238,97.86150712830958,99.32735426008968,95.72025052192068,88.2295719844358,90.96509240246407,87.21506442021804,"[[954, 2, 1, 0, 2, 3, 15, 2, 1, 0], [0, 1129, 2, 1, 0, 0, 3, 0, 0, 0], [9, 11, 959, 12, 3, 2, 8, 8, 18, 2], [0, 4, 9, 933, 0, 42, 0, 8, 9, 5], [0, 3, 2, 0, 961, 0, 11, 0, 0, 5], [1, 1, 0, 0, 0, 886, 2, 1, 1, 0], [6, 4, 2, 0, 14, 14, 917, 0, 1, 0], [3, 16, 26, 8, 9, 3, 0, 907, 1, 55], [10, 14, 7, 5, 6, 25, 9, 5, 886, 7], [9, 7, 3, 7, 74, 15, 0, 12, 2, 880]]"
54,92.62,0.2410959780525666,0.930731780410115,0.9263338321565687,0.9248232187259064,348528173,97.44897959183673,99.38325991189427,90.21317829457365,91.78217821782178,98.4725050916497,99.43946188340807,95.4070981210856,95.3307392996109,85.31827515400411,73.53815659068384,"[[955, 2, 0, 0, 2, 3, 14, 3, 1, 0], [0, 1128, 2, 1, 0, 1, 3, 0, 0, 0], [9, 25, 931, 12, 3, 2, 11, 21, 17, 1], [0, 3, 6, 927, 0, 50, 0, 13, 8, 3], [0, 3, 1, 0, 967, 0, 10, 0, 0, 1], [1, 0, 0, 0, 0, 887, 2, 1, 1, 0], [7, 4, 2, 0, 13, 18, 914, 0, 0, 0], [3, 11, 13, 7, 7, 4, 0, 980, 0, 3], [12, 35, 5, 8, 12, 43, 14, 7, 831, 7], [10, 8, 1, 5, 177, 24, 0, 42, 0, 742]]"
55,94.85,0.1997544937454664,0.9487492444201484,0.9485871765806897,0.9482178496201007,355538798,96.63265306122449,99.29515418502203,94.86434108527132,93.46534653465348,96.43584521384929,98.76681614349776,98.12108559498957,90.75875486381322,90.55441478439425,89.69276511397423,"[[947, 2, 1, 0, 0, 2, 25, 2, 1, 0], [0, 1127, 2, 1, 0, 1, 4, 0, 0, 0], [8, 7, 979, 6, 1, 0, 7, 8, 14, 2], [0, 2, 14, 944, 0, 27, 0, 10, 10, 3], [0, 7, 2, 0, 947, 0, 19, 0, 0, 7], [3, 1, 0, 1, 0, 881, 3, 1, 2, 0], [4, 4, 2, 0, 3, 4, 940, 0, 1, 0], [3, 9, 33, 7, 2, 3, 0, 933, 2, 36], [8, 20, 16, 6, 3, 12, 15, 5, 882, 7], [10, 9, 3, 10, 40, 11, 1, 17, 3, 905]]"
56,94.99,0.19332429050756528,0.9504503811742554,0.949843135176985,0.9497406745858493,361547904,96.53061224489797,99.55947136563876,89.43798449612403,97.62376237623762,97.65784114052953,97.30941704035875,95.51148225469728,91.53696498054474,92.50513347022587,92.17046580773042,"[[946, 2, 1, 0, 2, 2, 19, 2, 6, 0], [0, 1130, 1, 2, 0, 0, 2, 0, 0, 0], [8, 16, 923, 21, 2, 0, 5, 18, 33, 6], [0, 0, 1, 986, 0, 5, 0, 7, 7, 4], [0, 3, 1, 0, 959, 0, 9, 0, 0, 10], [3, 1, 0, 13, 0, 868, 3, 1, 2, 1], [8, 5, 2, 0, 18, 7, 915, 0, 3, 0], [3, 10, 11, 15, 2, 1, 0, 941, 0, 45], [5, 10, 1, 22, 6, 8, 5, 5, 901, 11], [7, 6, 1, 12, 33, 6, 0, 14, 0, 930]]"
57,94.72,0.1926629333295666,0.9486251020842552,0.9473409749759669,0.9470908520609396,367557011,97.14285714285714,99.47136563876651,86.82170542635659,97.42574257425743,97.04684317718942,96.8609865470852,95.4070981210856,87.2568093385214,94.76386036960986,95.14370664023785,"[[952, 2, 1, 0, 2, 1, 14, 2, 6, 0], [0, 1129, 1, 2, 0, 0, 2, 0, 1, 0], [10, 15, 896, 20, 3, 0, 7, 14, 56, 11], [0, 0, 0, 984, 0, 5, 0, 3, 10, 8], [0, 3, 1, 0, 953, 0, 9, 0, 0, 16], [3, 0, 1, 12, 0, 864, 3, 1, 6, 2], [8, 5, 2, 0, 19, 6, 914, 0, 4, 0], [3, 9, 11, 18, 1, 2, 0, 897, 1, 86], [6, 5, 0, 16, 5, 7, 2, 1, 923, 9], [7, 7, 0, 11, 15, 3, 0, 4, 2, 960]]"
58,94.77,0.2037518560267485,0.9491161026809646,0.9475932035340261,0.94729295798567,373065359,99.38775510204081,99.55947136563876,87.5,97.52475247524752,98.4725050916497,97.86995515695067,93.84133611691024,96.20622568093385,89.3223819301848,87.90882061446978,"[[974, 1, 0, 0, 0, 0, 1, 3, 1, 0], [0, 1130, 1, 2, 0, 0, 2, 0, 0, 0], [14, 20, 903, 17, 2, 0, 5, 34, 32, 5], [0, 0, 1, 985, 0, 6, 0, 10, 5, 3], [1, 3, 1, 0, 967, 0, 8, 0, 0, 2], [5, 0, 0, 11, 0, 873, 1, 1, 1, 0], [19, 5, 2, 0, 19, 11, 899, 0, 3, 0], [3, 7, 10, 11, 1, 0, 0, 989, 0, 7], [25, 12, 0, 23, 7, 10, 4, 10, 870, 13], [12, 5, 0, 10, 54, 5, 0, 36, 0, 887]]"
59,95.13,0.1853631509902378,0.9524162794588928,0.9515188826146241,0.95110669614504,378072947,99.08163265306122,99.11894273127754,83.43023255813954,95.94059405940594,96.33401221995926,97.19730941704036,96.76409185803759,96.3035019455253,95.27720739219713,92.07135777998018,"[[971, 1, 0, 0, 0, 0, 3, 3, 2, 0], [0, 1125, 1, 2, 0, 0, 4, 0, 3, 0], [12, 19, 861, 15, 2, 0, 11, 43, 64, 5], [1, 1, 1, 969, 0, 7, 0, 14, 11, 6], [1, 3, 1, 0, 946, 0, 13, 1, 1, 16], [5, 0, 0, 9, 0, 867, 2, 1, 6, 2], [12, 4, 2, 0, 6, 4, 927, 0, 3, 0], [3, 6, 8, 7, 1, 0, 0, 990, 0, 13], [11, 3, 0, 7, 4, 5, 3, 6, 928, 7], [12, 5, 0, 6, 17, 3, 1, 35, 1, 929]]"
60,95.1,0.19494900714975005,0.9529821971544884,0.9507966661014933,0.9506099592979922,384582812,98.9795918367347,99.29515418502203,92.53875968992247,97.82178217821782,97.65784114052953,96.63677130044843,96.86847599164928,97.37354085603113,91.06776180698152,82.55698711595639,"[[970, 1, 1, 0, 0, 0, 4, 3, 1, 0], [0, 1127, 2, 1, 0, 0, 4, 1, 0, 0], [11, 6, 955, 9, 1, 0, 6, 22, 21, 1], [0, 0, 3, 988, 0, 1, 0, 13, 5, 0], [1, 3, 2, 0, 959, 0, 12, 2, 0, 3], [4, 0, 1, 19, 0, 862, 2, 1, 3, 0], [12, 4, 2, 0, 7, 4, 928, 0, 1, 0], [3, 3, 13, 7, 1, 0, 0, 1001, 0, 0], [16, 7, 9, 22, 5, 6, 4, 13, 887, 5], [12, 5, 1, 15, 55, 5, 0, 82, 1, 833]]"
61,95.02,0.19872198045587006,0.9520684416607679,0.9499661094384223,0.9498504456766226,389590401,97.6530612244898,99.11894273127754,93.12015503875969,98.91089108910892,96.94501018329939,96.74887892376681,97.91231732776617,94.94163424124513,88.19301848049281,86.42220019821606,"[[957, 1, 2, 0, 0, 1, 16, 2, 1, 0], [0, 1125, 1, 3, 0, 1, 4, 0, 1, 0], [8, 4, 961, 24, 1, 0, 7, 13, 13, 1], [0, 0, 0, 999, 0, 1, 0, 8, 2, 0], [0, 3, 2, 0, 952, 0, 20, 0, 1, 4], [3, 0, 1, 21, 0, 863, 2, 1, 1, 0], [7, 3, 2, 0, 3, 4, 938, 0, 1, 0], [3, 6, 15, 21, 1, 2, 0, 976, 0, 4], [11, 5, 7, 61, 5, 11, 9, 4, 859, 2], [11, 5, 1, 23, 45, 11, 1, 40, 0, 872]]"
62,94.56,0.19990589934439895,0.9476753663744351,0.945567790346546,0.9454203654653206,395098750,97.14285714285714,99.55947136563876,90.21317829457365,98.91089108910892,98.57433808553971,96.74887892376681,96.65970772442589,90.85603112840467,91.27310061601642,85.62933597621407,"[[952, 2, 1, 0, 1, 1, 16, 2, 5, 0], [0, 1130, 1, 2, 0, 0, 2, 0, 0, 0], [7, 18, 931, 26, 4, 1, 6, 11, 26, 2], [0, 0, 0, 999, 0, 1, 0, 4, 5, 1], [0, 3, 1, 0, 968, 0, 9, 0, 0, 1], [3, 0, 1, 20, 0, 863, 3, 1, 1, 0], [6, 4, 1, 0, 16, 4, 926, 0, 1, 0], [3, 8, 14, 26, 9, 2, 0, 934, 0, 32], [6, 15, 0, 37, 6, 8, 6, 2, 889, 5], [9, 7, 0, 17, 94, 6, 0, 12, 0, 864]]"
63,95.35,0.18268510765922716,0.9547328026336543,0.9532872767124706,0.9533846304285453,402610133,98.57142857142858,99.55947136563876,96.12403100775194,98.01980198019803,97.04684317718942,96.74887892376681,97.28601252609603,89.2023346303502,90.14373716632443,90.58473736372646,"[[966, 1, 2, 0, 0, 0, 8, 2, 1, 0], [0, 1130, 2, 1, 0, 0, 2, 0, 0, 0], [8, 6, 992, 9, 1, 0, 4, 4, 7, 1], [0, 0, 9, 990, 0, 1, 0, 4, 5, 1], [0, 6, 2, 0, 953, 0, 14, 0, 0, 7], [3, 0, 2, 19, 0, 863, 2, 1, 2, 0], [9, 4, 4, 0, 4, 4, 932, 0, 1, 0], [3, 9, 41, 19, 3, 2, 0, 917, 0, 34], [14, 14, 18, 28, 3, 6, 6, 2, 878, 5], [10, 10, 3, 18, 35, 4, 0, 15, 0, 914]]"
64,95.27,0.18387245158917798,0.9536736438297149,0.9525393313547745,0.9525451739217958,407617723,99.18367346938776,99.55947136563876,93.8953488372093,97.72277227722772,97.65784114052953,97.30941704035875,95.92901878914405,90.95330739299611,90.04106776180699,90.28741328047572,"[[972, 2, 1, 0, 0, 0, 3, 1, 1, 0], [0, 1130, 2, 1, 0, 0, 2, 0, 0, 0], [13, 11, 969, 10, 1, 0, 6, 8, 12, 2], [1, 1, 7, 987, 0, 3, 0, 5, 5, 1], [1, 5, 1, 0, 959, 0, 11, 0, 0, 5], [4, 1, 1, 14, 0, 868, 2, 1, 1, 0], [13, 5, 2, 0, 12, 6, 919, 0, 1, 0], [4, 10, 27, 15, 3, 2, 0, 935, 1, 31], [22, 19, 12, 18, 4, 8, 5, 3, 877, 6], [14, 10, 0, 14, 41, 5, 0, 14, 0, 911]]"
65,95.16,0.19375837512742788,0.9531439472987637,0.9514002330536794,0.9512098945070505,413626829,99.18367346938776,99.55947136563876,94.96124031007753,97.02970297029702,97.5560081466395,97.6457399103139,96.65970772442589,95.42801556420234,89.63039014373717,83.74628344895937,"[[972, 2, 1, 0, 0, 0, 2, 2, 1, 0], [0, 1130, 2, 1, 0, 0, 2, 0, 0, 0], [11, 7, 980, 7, 1, 0, 4, 12, 9, 1], [1, 0, 11, 980, 0, 3, 0, 10, 5, 0], [2, 6, 2, 0, 958, 0, 13, 0, 0, 1], [4, 0, 1, 12, 0, 871, 2, 1, 1, 0], [15, 5, 3, 0, 3, 5, 926, 0, 1, 0], [3, 8, 22, 9, 1, 2, 0, 981, 0, 2], [21, 19, 17, 17, 3, 6, 6, 7, 873, 5], [18, 11, 1, 16, 60, 9, 0, 47, 2, 845]]"
66,93.75,0.2256015398131963,0.9415764662901497,0.9369531979492157,0.9365666158705549,418634419,99.18367346938776,99.47136563876651,93.02325581395348,99.20792079207921,98.87983706720978,96.8609865470852,92.06680584551148,94.45525291828794,82.23819301848049,81.56590683845391,"[[972, 2, 1, 0, 0, 1, 1, 2, 1, 0], [0, 1129, 1, 3, 0, 0, 2, 0, 0, 0], [9, 8, 960, 26, 3, 1, 2, 12, 10, 1], [0, 0, 0, 1002, 0, 1, 0, 5, 2, 0], [1, 3, 1, 0, 971, 0, 5, 0, 0, 1], [4, 0, 1, 20, 0, 864, 1, 1, 1, 0], [16, 6, 3, 0, 29, 21, 882, 0, 1, 0], [3, 7, 14, 23, 3, 2, 0, 971, 0, 5], [20, 20, 11, 80, 9, 20, 3, 5, 801, 5], [11, 6, 1, 22, 102, 10, 0, 34, 0, 823]]"
67,95.08,0.18825346175521707,0.9515131146478616,0.9508498942308019,0.9503622935761303,425144284,99.08163265306122,99.55947136563876,90.89147286821705,97.22772277227722,98.87983706720978,98.87892376681614,93.84133611691024,93.19066147859922,91.78644763860369,87.51238850346878,"[[971, 2, 1, 0, 0, 1, 2, 2, 1, 0], [0, 1130, 1, 2, 0, 0, 2, 0, 0, 0], [11, 15, 938, 17, 2, 1, 4, 17, 26, 1], [0, 0, 0, 982, 0, 14, 0, 9, 5, 0], [0, 3, 1, 0, 971, 0, 6, 0, 0, 1], [2, 0, 0, 4, 0, 882, 2, 1, 1, 0], [8, 5, 2, 0, 25, 18, 899, 0, 1, 0], [3, 8, 14, 12, 4, 2, 0, 958, 0, 27], [12, 14, 2, 14, 6, 17, 4, 5, 894, 6], [10, 6, 0, 11, 67, 14, 0, 18, 0, 883]]"
68,95.47,0.1751891187252328,0.9552356597000806,0.954812493226213,0.9545763516868263,432655668,98.16326530612245,99.55947136563876,90.69767441860465,97.72277227722772,98.4725050916497,98.20627802690582,95.61586638830897,90.27237354085604,93.63449691991786,92.46778989098117,"[[962, 2, 1, 0, 1, 0, 10, 2, 2, 0], [0, 1130, 1, 2, 0, 0, 2, 0, 0, 0], [8, 17, 936, 21, 2, 0, 5, 11, 29, 3], [0, 0, 0, 987, 0, 7, 0, 4, 5, 7], [0, 3, 1, 0, 967, 0, 8, 0, 0, 3], [3, 0, 1, 8, 0, 876, 2, 1, 1, 0], [7, 5, 1, 0, 19, 7, 916, 0, 3, 0], [3, 7, 15, 15, 3, 2, 0, 928, 2, 53], [7, 10, 1, 16, 5, 9, 5, 3, 912, 6], [9, 7, 0, 13, 35, 6, 0, 6, 0, 933]]"
69,94.61,0.1999713865677103,0.9485121868348714,0.9459367861853856,0.945793209900453,437663258,98.16326530612245,99.38325991189427,98.44961240310077,96.83168316831683,97.65784114052953,98.20627802690582,96.03340292275574,87.35408560311284,86.34496919917865,87.51238850346878,"[[962, 1, 5, 0, 0, 1, 8, 2, 1, 0], [0, 1128, 3, 1, 0, 1, 2, 0, 0, 0], [2, 4, 1016, 5, 1, 0, 1, 1, 2, 0], [0, 0, 17, 978, 0, 8, 0, 4, 3, 0], [0, 7, 2, 0, 959, 0, 12, 0, 0, 2], [3, 0, 2, 8, 0, 876, 1, 1, 1, 0], [7, 5, 6, 0, 8, 11, 920, 0, 1, 0], [3, 11, 66, 13, 4, 3, 0, 898, 1, 29], [10, 21, 45, 27, 4, 13, 6, 2, 841, 5], [8, 10, 5, 19, 56, 13, 0, 15, 0, 883]]"
70,95.56,0.17598717003322828,0.9562696071237864,0.9556521525554613,0.955405961098891,444673882,97.6530612244898,99.38325991189427,96.22093023255815,97.62376237623762,97.45417515274949,97.86995515695067,98.32985386221294,89.2023346303502,92.91581108829568,88.9990089197225,"[[957, 2, 2, 0, 0, 0, 16, 2, 1, 0], [0, 1128, 2, 1, 0, 0, 4, 0, 0, 0], [6, 6, 993, 8, 1, 0, 5, 4, 8, 1], [0, 0, 8, 986, 0, 8, 0, 3, 4, 1], [0, 7, 2, 0, 957, 0, 14, 0, 0, 2], [3, 0, 1, 10, 0, 873, 3, 1, 1, 0], [5, 3, 1, 0, 3, 3, 942, 0, 1, 0], [3, 11, 42, 15, 4, 3, 0, 917, 2, 31], [9, 10, 12, 14, 3, 7, 8, 1, 905, 5], [10, 10, 2, 16, 53, 9, 0, 9, 2, 898]]"
71,95.07,0.18327053112629504,0.9517131001361874,0.950795749923623,0.9504400204625403,451684507,99.08163265306122,99.38325991189427,94.67054263565892,96.73267326732673,97.25050916496944,98.20627802690582,97.80793319415449,90.85603112840467,91.37577002053389,85.43111992071358,"[[971, 2, 1, 0, 0, 0, 4, 1, 1, 0], [0, 1128, 2, 1, 0, 0, 4, 0, 0, 0], [13, 10, 977, 6, 1, 0, 7, 5, 12, 1], [1, 2, 8, 977, 0, 10, 0, 6, 5, 1], [0, 7, 2, 0, 955, 0, 17, 0, 0, 1], [3, 1, 1, 6, 0, 876, 3, 1, 1, 0], [10, 4, 1, 0, 3, 2, 937, 0, 1, 0], [7, 14, 32, 11, 5, 3, 0, 934, 2, 20], [21, 17, 9, 10, 3, 8, 8, 3, 890, 5], [19, 15, 1, 14, 70, 10, 0, 16, 2, 862]]"
72,94.15,0.20674320759650427,0.9444827475338634,0.941356883138097,0.9405425106919167,459195890,99.18367346938776,99.38325991189427,97.48062015503875,96.43564356435644,97.86150712830958,98.4304932735426,95.92901878914405,92.60700389105058,86.34496919917865,77.70069375619426,"[[972, 1, 2, 0, 0, 0, 3, 1, 1, 0], [0, 1128, 3, 1, 0, 0, 3, 0, 0, 0], [8, 4, 1006, 5, 1, 0, 2, 3, 3, 0], [0, 0, 13, 974, 0, 11, 0, 9, 3, 0], [1, 6, 2, 0, 961, 0, 11, 0, 0, 1], [3, 0, 2, 6, 0, 878, 1, 1, 1, 0], [12, 5, 3, 0, 8, 10, 919, 0, 1, 0], [4, 12, 41, 9, 5, 3, 0, 952, 0, 2], [22, 23, 36, 15, 4, 17, 7, 5, 841, 4], [15, 13, 2, 18, 127, 13, 0, 37, 0, 784]]"
73,94.49,0.19520310425577453,0.9479917131500043,0.9449153208697098,0.9440217786367315,465204995,99.08163265306122,99.29515418502203,94.0891472868217,96.03960396039604,99.28716904276986,99.10313901345292,93.94572025052193,96.3035019455253,90.86242299794661,76.90782953419227,"[[971, 1, 0, 0, 1, 1, 2, 3, 1, 0], [0, 1127, 2, 1, 0, 1, 4, 0, 0, 0], [9, 7, 971, 7, 5, 0, 3, 19, 10, 1], [0, 0, 6, 970, 0, 17, 0, 11, 5, 1], [0, 1, 0, 0, 975, 0, 5, 0, 0, 1], [2, 0, 1, 1, 0, 884, 2, 1, 1, 0], [8, 4, 1, 0, 30, 14, 900, 0, 1, 0], [3, 4, 16, 6, 4, 2, 0, 990, 0, 3], [15, 8, 9, 8, 9, 18, 5, 11, 885, 6], [10, 6, 0, 9, 149, 13, 0, 46, 0, 776]]"
74,93.64,0.2030594665557146,0.9419947835056192,0.9368371996273591,0.9364030947184692,471214101,98.06122448979592,99.64757709251101,87.98449612403101,95.84158415841584,97.35234215885947,98.4304932735426,91.02296450939458,75.58365758754863,95.68788501026694,97.22497522299307,"[[961, 2, 0, 0, 4, 2, 2, 2, 5, 2], [0, 1131, 2, 1, 0, 0, 1, 0, 0, 0], [6, 22, 908, 11, 6, 1, 1, 13, 46, 18], [0, 0, 0, 968, 0, 12, 0, 5, 9, 16], [0, 3, 0, 0, 956, 0, 4, 0, 0, 19], [3, 0, 0, 3, 0, 878, 2, 1, 2, 3], [8, 7, 1, 0, 45, 19, 872, 0, 6, 0], [3, 8, 12, 8, 2, 2, 0, 777, 4, 212], [7, 5, 0, 5, 5, 7, 1, 1, 932, 11], [4, 6, 0, 3, 8, 4, 0, 2, 1, 981]]"
75,95.28,0.1700891310247941,0.9534392772271983,0.9530256478241403,0.9526476520096381,478725483,99.28571428571429,99.47136563876651,90.79457364341084,96.93069306930693,98.4725050916497,98.54260089686099,95.61586638830897,88.13229571984435,92.91581108829568,92.86422200198216,"[[973, 1, 0, 0, 0, 0, 3, 2, 1, 0], [0, 1129, 2, 1, 0, 0, 3, 0, 0, 0], [12, 16, 937, 15, 4, 1, 6, 13, 23, 5], [0, 0, 0, 979, 0, 11, 0, 5, 5, 10], [2, 3, 0, 0, 967, 0, 7, 0, 0, 3], [3, 0, 0, 6, 0, 879, 2, 1, 1, 0], [10, 4, 1, 0, 18, 7, 916, 0, 2, 0], [3, 7, 15, 12, 3, 3, 0, 906, 1, 78], [17, 8, 1, 8, 6, 10, 5, 5, 905, 9], [11, 6, 0, 7, 39, 4, 0, 5, 0, 937]]"
76,93.56,0.20526149066182942,0.94085864809813,0.9357457391535678,0.9355902829761525,483733072,99.08163265306122,99.38325991189427,86.04651162790698,99.10891089108911,95.9266802443992,95.85201793721974,92.48434237995825,78.40466926070039,93.22381930184805,96.23389494549059,"[[971, 0, 0, 0, 0, 1, 1, 2, 4, 1], [0, 1128, 0, 5, 0, 0, 0, 0, 2, 0], [6, 18, 888, 46, 2, 2, 2, 12, 46, 10], [0, 0, 0, 1001, 0, 0, 0, 1, 4, 4], [1, 3, 1, 0, 942, 0, 5, 0, 0, 30], [3, 0, 0, 27, 0, 855, 1, 1, 3, 2], [12, 7, 2, 0, 29, 16, 886, 0, 6, 0], [3, 7, 10, 34, 2, 3, 0, 806, 1, 162], [4, 4, 0, 34, 3, 6, 1, 0, 908, 14], [5, 7, 0, 15, 5, 3, 0, 3, 0, 971]]"
77,93.33,0.20473130257389607,0.9399998334842865,0.9336437990644345,0.9331061086935731,488740661,99.48979591836735,99.64757709251101,89.34108527131784,98.01980198019803,96.5376782077393,97.98206278026906,90.91858037578288,72.37354085603113,92.50513347022587,96.82854311199208,"[[975, 1, 0, 0, 0, 0, 1, 1, 1, 1], [0, 1131, 1, 2, 0, 0, 1, 0, 0, 0], [9, 19, 922, 22, 4, 1, 3, 9, 30, 13], [0, 0, 0, 990, 0, 4, 0, 1, 4, 11], [1, 3, 1, 0, 948, 0, 4, 0, 0, 25], [4, 0, 1, 8, 0, 874, 1, 1, 1, 2], [18, 8, 1, 0, 38, 17, 871, 0, 5, 0], [4, 7, 13, 24, 2, 2, 0, 744, 2, 230], [11, 10, 0, 18, 5, 8, 2, 1, 901, 18], [6, 7, 0, 7, 5, 5, 0, 2, 0, 977]]"
78,94.35,0.18472488641072385,0.9474720612901685,0.9436566630451144,0.9435134908562745,494749768,98.46938775510205,99.55947136563876,89.92248062015504,99.20792079207921,95.11201629327903,95.96412556053812,96.13778705636743,78.89105058365759,94.45585215605749,95.93657086223985,"[[965, 2, 1, 0, 0, 0, 8, 2, 2, 0], [0, 1130, 1, 3, 0, 0, 1, 0, 0, 0], [7, 20, 928, 30, 1, 0, 3, 8, 32, 3], [0, 0, 0, 1002, 0, 0, 0, 1, 4, 3], [1, 7, 2, 0, 934, 0, 10, 0, 1, 27], [3, 0, 0, 24, 0, 856, 2, 1, 6, 0], [10, 5, 1, 0, 9, 6, 921, 0, 6, 0], [3, 7, 15, 41, 2, 3, 0, 811, 2, 144], [6, 8, 1, 26, 2, 4, 2, 0, 920, 5], [7, 7, 0, 16, 4, 2, 0, 3, 2, 968]]"
79,95.38,0.16784306759008774,0.9548376567732418,0.9540193585382826,0.9535695114184914,499757358,98.87755102040816,99.73568281938327,84.01162790697676,96.93069306930693,98.16700610997964,98.54260089686099,94.57202505219206,94.94163424124513,95.27720739219713,92.9633300297324,"[[969, 2, 0, 0, 0, 2, 2, 3, 2, 0], [0, 1132, 0, 1, 0, 1, 1, 0, 0, 0], [11, 34, 867, 16, 2, 2, 5, 27, 64, 4], [0, 0, 0, 979, 0, 10, 0, 9, 9, 3], [1, 5, 1, 0, 964, 0, 7, 0, 0, 4], [3, 0, 0, 5, 0, 879, 2, 1, 2, 0], [10, 5, 1, 0, 18, 14, 906, 0, 4, 0], [3, 8, 9, 9, 1, 2, 0, 976, 1, 19], [10, 12, 0, 3, 3, 6, 2, 5, 928, 5], [10, 9, 0, 8, 20, 6, 0, 18, 0, 938]]"
80,94.69,0.18788035465077088,0.9488868733189021,0.9470087805755192,0.9466585893363373,505766464,98.57142857142858,100.0,84.20542635658916,96.23762376237623,99.4908350305499,98.76681614349776,90.18789144050105,92.02334630350194,94.6611909650924,92.86422200198216,"[[966, 2, 0, 0, 3, 2, 2, 3, 2, 0], [0, 1135, 0, 0, 0, 0, 0, 0, 0, 0], [10, 43, 869, 13, 9, 2, 2, 19, 55, 10], [1, 2, 0, 972, 0, 11, 0, 7, 8, 9], [0, 3, 0, 0, 977, 0, 1, 0, 0, 1], [3, 0, 0, 3, 0, 881, 2, 1, 2, 0], [9, 9, 1, 0, 52, 19, 864, 0, 4, 0], [3, 8, 11, 8, 4, 2, 0, 946, 1, 45], [8, 18, 0, 2, 5, 7, 2, 5, 922, 5], [7, 8, 0, 5, 40, 6, 0, 6, 0, 937]]"
81,94.43,0.1952022005336734,0.9468829759101162,0.9439933934888188,0.943783402447502,511775570,99.48979591836735,99.73568281938327,85.46511627906976,98.8118811881188,99.59266802443992,96.97309417040358,86.95198329853862,91.9260700389105,91.78644763860369,93.26065411298316,"[[975, 1, 0, 0, 0, 0, 0, 3, 1, 0], [0, 1132, 0, 2, 1, 0, 0, 0, 0, 0], [11, 30, 882, 29, 8, 2, 1, 16, 45, 8], [0, 0, 0, 998, 0, 1, 0, 3, 4, 4], [1, 1, 0, 0, 978, 0, 1, 0, 0, 1], [4, 0, 0, 18, 0, 865, 1, 1, 2, 1], [21, 7, 1, 0, 74, 18, 833, 0, 4, 0], [3, 8, 7, 18, 4, 2, 0, 945, 0, 41], [12, 14, 0, 28, 7, 7, 1, 3, 894, 8], [9, 5, 0, 13, 30, 4, 0, 7, 0, 941]]"
82,94.7,0.18639551541104485,0.9490948294701831,0.9470676608079275,0.9463189739249291,519286952,99.48979591836735,99.64757709251101,79.94186046511628,98.11881188118812,98.77800407331976,97.42152466367713,90.50104384133611,96.20622568093385,95.58521560574948,91.37760158572844,"[[975, 0, 0, 0, 0, 0, 0, 3, 2, 0], [0, 1131, 0, 2, 0, 0, 0, 0, 2, 0], [13, 31, 825, 20, 5, 1, 3, 36, 93, 5], [1, 0, 0, 991, 0, 3, 0, 9, 5, 1], [2, 3, 0, 0, 970, 0, 5, 0, 0, 2], [4, 0, 0, 15, 0, 869, 1, 1, 2, 0], [23, 6, 1, 0, 40, 16, 867, 0, 5, 0], [3, 5, 5, 12, 1, 0, 0, 989, 2, 11], [11, 4, 0, 7, 4, 6, 2, 4, 931, 5], [12, 6, 0, 14, 29, 3, 0, 23, 0, 922]]"
83,94.53,0.18440630574362538,0.9477917345482403,0.945974538860475,0.9444022036365194,526297577,98.67346938775509,99.20704845814979,74.12790697674419,96.73267326732673,98.67617107942974,98.65470852017937,94.98956158663883,95.52529182879378,96.91991786447639,92.46778989098117,"[[967, 0, 0, 0, 0, 2, 3, 3, 5, 0], [0, 1126, 0, 2, 0, 1, 3, 0, 3, 0], [11, 29, 765, 21, 4, 2, 7, 40, 149, 4], [1, 0, 0, 977, 0, 10, 0, 8, 9, 5], [1, 2, 0, 0, 969, 0, 7, 0, 1, 2], [3, 0, 0, 4, 0, 880, 2, 1, 2, 0], [9, 4, 1, 0, 19, 10, 910, 0, 5, 0], [3, 5, 4, 9, 1, 2, 0, 982, 3, 19], [6, 3, 0, 1, 4, 6, 3, 3, 944, 4], [10, 6, 0, 7, 28, 9, 0, 15, 1, 933]]"
84,94.72,0.18248342198971362,0.9499027541115248,0.9474350666412654,0.946760769747913,533808960,99.08163265306122,99.73568281938327,78.00387596899225,98.91089108910892,98.57433808553971,96.52466367713004,93.84133611691024,92.60700389105058,96.20123203285421,93.95441030723488,"[[971, 0, 0, 0, 0, 0, 1, 3, 5, 0], [0, 1132, 0, 2, 0, 0, 0, 0, 1, 0], [11, 39, 805, 31, 4, 2, 3, 24, 109, 4], [0, 0, 0, 999, 0, 0, 0, 3, 5, 3], [1, 3, 0, 0, 968, 0, 5, 0, 1, 4], [3, 0, 0, 19, 0, 861, 2, 1, 6, 0], [12, 8, 1, 0, 21, 7, 899, 0, 10, 0], [3, 7, 6, 20, 1, 2, 0, 952, 4, 33], [5, 6, 0, 13, 2, 4, 1, 1, 937, 5], [8, 7, 0, 15, 19, 2, 0, 8, 2, 948]]"
85,95.3,0.17611215856319037,0.954114847042043,0.9531284509015698,0.9526973897917724,539818066,99.6938775510204,99.47136563876651,86.9186046511628,98.41584158415841,98.98167006109979,97.98206278026906,92.69311064718163,92.02334630350194,95.17453798767967,91.77403369672945,"[[977, 0, 0, 0, 0, 0, 0, 1, 2, 0], [0, 1129, 1, 2, 0, 0, 1, 0, 2, 0], [15, 17, 897, 19, 4, 1, 3, 14, 60, 2], [1, 0, 0, 994, 0, 4, 0, 3, 6, 2], [2, 2, 0, 0, 972, 0, 5, 0, 0, 1], [4, 0, 0, 10, 0, 874, 1, 1, 2, 0], [24, 5, 1, 0, 26, 10, 888, 0, 4, 0], [5, 8, 11, 16, 4, 2, 0, 946, 5, 31], [14, 4, 0, 9, 5, 6, 2, 2, 927, 5], [12, 8, 0, 13, 39, 4, 0, 7, 0, 926]]"
86,94.68,0.19850623068480064,0.9495252458068482,0.9464563776176501,0.9463649739781561,545326412,99.59183673469387,99.47136563876651,98.25581395348837,96.43564356435644,97.9633401221996,98.4304932735426,91.8580375782881,90.95330739299611,87.37166324435319,86.1248761149653,"[[976, 0, 3, 0, 0, 0, 0, 1, 0, 0], [0, 1129, 3, 1, 0, 1, 1, 0, 0, 0], [7, 3, 1014, 3, 0, 0, 0, 2, 3, 0], [1, 0, 20, 974, 0, 7, 0, 5, 3, 0], [2, 6, 3, 0, 962, 0, 8, 0, 0, 1], [3, 0, 2, 6, 0, 878, 1, 1, 1, 0], [35, 4, 7, 0, 11, 19, 880, 0, 2, 0], [7, 8, 56, 10, 2, 3, 0, 935, 0, 7], [30, 11, 49, 9, 3, 9, 3, 5, 851, 4], [22, 9, 3, 18, 47, 13, 0, 28, 0, 869]]"
87,95.02,0.1860857965014042,0.9515771925650236,0.9497615004742256,0.949417469903473,551335519,99.59183673469387,99.38325991189427,96.12403100775194,97.82178217821782,99.38900203665987,98.31838565022422,86.74321503131523,90.56420233463035,90.34907597535934,91.47670961347869,"[[976, 0, 1, 0, 0, 0, 0, 1, 2, 0], [0, 1128, 3, 2, 1, 1, 0, 0, 0, 0], [11, 3, 992, 5, 3, 0, 0, 6, 12, 0], [1, 0, 5, 988, 0, 6, 0, 3, 4, 3], [1, 1, 1, 0, 976, 0, 2, 0, 0, 1], [5, 0, 1, 7, 0, 877, 0, 1, 1, 0], [40, 5, 5, 0, 48, 26, 831, 0, 3, 0], [5, 6, 25, 12, 4, 3, 0, 931, 0, 42], [25, 8, 11, 20, 7, 12, 1, 4, 880, 6], [12, 5, 0, 13, 40, 8, 0, 8, 0, 923]]"
88,95.18,0.18416332313642145,0.9534807075360708,0.9514165840224231,0.9513536844419379,556343107,99.48979591836735,99.47136563876651,97.48062015503875,98.21782178217822,97.45417515274949,97.30941704035875,89.66597077244259,86.57587548638132,92.09445585215606,93.65708622398414,"[[975, 0, 3, 0, 0, 0, 0, 1, 1, 0], [0, 1129, 3, 2, 0, 1, 0, 0, 0, 0], [7, 3, 1006, 4, 0, 0, 0, 2, 10, 0], [0, 0, 10, 992, 0, 1, 0, 1, 4, 2], [2, 6, 3, 0, 957, 0, 4, 0, 1, 9], [3, 0, 2, 16, 0, 868, 1, 1, 1, 0], [39, 6, 7, 0, 19, 24, 859, 0, 4, 0], [6, 7, 47, 23, 1, 3, 0, 890, 1, 50], [15, 5, 17, 25, 3, 6, 1, 0, 897, 5], [11, 7, 2, 20, 11, 6, 0, 7, 0, 945]]"
89,95.28,0.18158125575072467,0.9541020992628839,0.9525765760136222,0.9522926129252095,561851455,99.48979591836735,99.73568281938327,96.80232558139535,97.72277227722772,97.5560081466395,98.31838565022422,88.93528183716074,86.7704280155642,95.17453798767967,92.07135777998018,"[[975, 1, 2, 0, 0, 0, 0, 1, 1, 0], [0, 1132, 2, 1, 0, 0, 0, 0, 0, 0], [8, 4, 999, 5, 0, 0, 0, 1, 15, 0], [1, 0, 8, 987, 0, 6, 0, 1, 5, 2], [2, 10, 2, 0, 958, 0, 5, 0, 1, 4], [4, 0, 1, 7, 0, 877, 1, 1, 1, 0], [38, 7, 8, 0, 16, 32, 852, 0, 5, 0], [7, 13, 49, 22, 3, 3, 0, 892, 3, 36], [13, 8, 4, 9, 2, 8, 1, 0, 927, 2], [12, 14, 1, 16, 18, 11, 0, 6, 2, 929]]"
90,95.27,0.17867067261649588,0.9543449757558209,0.9525989139899131,0.95243525030529,568361322,99.59183673469387,99.73568281938327,93.8953488372093,98.7128712871287,97.25050916496944,97.42152466367713,90.70981210855949,85.01945525291829,96.40657084188912,93.85530227948465,"[[976, 1, 1, 0, 0, 0, 0, 1, 1, 0], [0, 1132, 2, 1, 0, 0, 0, 0, 0, 0], [10, 13, 969, 7, 1, 0, 1, 0, 31, 0], [1, 0, 1, 997, 0, 1, 0, 1, 7, 2], [1, 11, 2, 0, 955, 0, 5, 0, 1, 7], [3, 0, 1, 12, 0, 869, 2, 1, 4, 0], [32, 7, 4, 0, 20, 19, 869, 0, 7, 0], [6, 21, 33, 23, 3, 2, 0, 874, 8, 58], [10, 7, 0, 8, 2, 4, 1, 0, 939, 3], [11, 14, 0, 17, 11, 3, 0, 3, 3, 947]]"
91,95.92,0.1581597173342499,0.9601282894676114,0.9593755976280105,0.9592203678333305,573869669,99.18367346938776,99.73568281938327,89.63178294573643,96.83168316831683,98.16700610997964,98.09417040358744,96.76409185803759,93.57976653696498,96.40657084188912,90.98116947472745,"[[972, 1, 1, 0, 0, 0, 4, 1, 1, 0], [0, 1132, 1, 0, 0, 0, 2, 0, 0, 0], [9, 27, 925, 6, 2, 0, 6, 9, 48, 0], [1, 2, 1, 978, 0, 9, 0, 7, 10, 2], [0, 5, 0, 0, 964, 0, 12, 0, 0, 1], [3, 0, 0, 5, 0, 875, 3, 1, 5, 0], [12, 4, 1, 0, 7, 3, 927, 0, 4, 0], [3, 15, 16, 8, 3, 2, 0, 962, 4, 15], [9, 10, 0, 1, 2, 4, 4, 2, 939, 3], [12, 11, 0, 11, 38, 5, 0, 11, 3, 918]]"
92,96.09,0.15916551354998787,0.9618142863411027,0.9608301662411153,0.960880113137595,579378017,99.59183673469387,99.64757709251101,95.63953488372093,97.52475247524752,97.65784114052953,97.75784753363229,95.82463465553236,92.12062256809338,95.17453798767967,89.89098116947473,"[[976, 1, 1, 0, 0, 0, 0, 1, 1, 0], [0, 1131, 2, 1, 0, 0, 1, 0, 0, 0], [10, 7, 987, 5, 0, 0, 2, 3, 18, 0], [1, 0, 8, 985, 0, 3, 0, 6, 7, 0], [2, 8, 2, 0, 959, 0, 10, 0, 0, 1], [3, 0, 1, 7, 0, 872, 3, 1, 5, 0], [21, 5, 3, 0, 4, 3, 918, 0, 4, 0], [5, 11, 38, 9, 1, 2, 0, 947, 3, 12], [15, 12, 3, 4, 2, 4, 3, 2, 927, 2], [15, 14, 0, 15, 32, 6, 0, 17, 3, 907]]"
93,95.26,0.17571989685511247,0.9546000358573975,0.9526117124641132,0.9525668601593456,585887882,99.38775510204081,99.64757709251101,91.47286821705426,97.92079207920791,99.18533604887983,97.75784753363229,94.258872651357,92.50972762645915,94.14784394250513,86.32309217046581,"[[974, 1, 1, 0, 0, 0, 2, 1, 1, 0], [0, 1131, 2, 1, 0, 0, 1, 0, 0, 0], [10, 25, 944, 7, 5, 0, 4, 10, 27, 0], [1, 1, 1, 989, 0, 3, 0, 7, 6, 2], [0, 2, 0, 0, 974, 0, 5, 0, 0, 1], [3, 0, 1, 9, 0, 872, 3, 1, 3, 0], [13, 6, 1, 0, 28, 5, 903, 0, 2, 0], [3, 12, 16, 10, 13, 0, 0, 951, 2, 21], [16, 13, 1, 5, 6, 4, 3, 4, 917, 5], [12, 7, 0, 12, 94, 4, 0, 9, 0, 871]]"
94,96.03,0.1581072179963604,0.9613820969976056,0.9601832933221575,0.9601965723087871,592397749,99.28571428571429,99.64757709251101,95.54263565891473,97.12871287128712,98.87983706720978,97.42152466367713,95.4070981210856,93.67704280155642,95.48254620123203,87.71060455896928,"[[973, 2, 1, 0, 0, 0, 2, 1, 1, 0], [0, 1131, 2, 1, 0, 0, 1, 0, 0, 0], [7, 7, 986, 5, 2, 0, 2, 5, 18, 0], [1, 1, 8, 981, 0, 2, 0, 9, 8, 0], [0, 3, 1, 0, 971, 0, 6, 0, 0, 1], [3, 0, 1, 10, 0, 869, 3, 1, 5, 0], [12, 6, 3, 0, 17, 2, 914, 0, 4, 0], [3, 10, 27, 6, 5, 0, 0, 963, 3, 11], [11, 11, 3, 3, 4, 3, 4, 2, 930, 3], [12, 9, 0, 14, 66, 3, 0, 17, 3, 885]]"
95,96.42,0.14871929171748055,0.964604606496296,0.9642621838426789,0.9640379129758951,597906097,98.16326530612245,99.38325991189427,93.21705426356588,97.82178217821782,98.57433808553971,98.31838565022422,97.7035490605428,96.40077821011673,95.48254620123203,89.197224975223,"[[962, 2, 2, 0, 0, 0, 10, 2, 2, 0], [0, 1128, 2, 1, 0, 1, 3, 0, 0, 0], [6, 8, 962, 7, 2, 0, 5, 15, 27, 0], [0, 0, 1, 988, 0, 5, 0, 10, 6, 0], [0, 3, 1, 0, 968, 0, 9, 0, 0, 1], [3, 0, 1, 6, 0, 877, 3, 1, 1, 0], [6, 3, 1, 0, 7, 2, 936, 0, 3, 0], [3, 5, 12, 9, 1, 1, 0, 991, 1, 5], [6, 6, 2, 6, 4, 5, 4, 7, 930, 4], [9, 5, 0, 14, 41, 9, 0, 30, 1, 900]]"
96,95.6,0.1585880843059609,0.9572673556951177,0.956307174612672,0.9558418445431421,605417481,98.67346938775509,99.47136563876651,83.72093023255815,96.73267326732673,98.77800407331976,97.75784753363229,95.51148225469728,93.19066147859922,97.22792607802874,95.24281466798811,"[[967, 0, 0, 0, 0, 0, 5, 3, 5, 0], [0, 1129, 0, 2, 0, 0, 2, 0, 2, 0], [7, 25, 864, 12, 4, 1, 5, 24, 86, 4], [1, 0, 0, 977, 0, 5, 0, 7, 11, 9], [0, 1, 0, 0, 970, 0, 5, 0, 2, 4], [2, 0, 0, 6, 0, 872, 3, 1, 8, 0], [10, 4, 1, 0, 19, 3, 915, 0, 6, 0], [3, 5, 9, 8, 1, 1, 0, 958, 5, 38], [6, 3, 0, 1, 4, 3, 3, 2, 947, 5], [6, 5, 0, 6, 19, 3, 0, 7, 2, 961]]"
97,96.32,0.1451117201163746,0.9634941885996229,0.963235464259079,0.96301096406361,611426587,98.36734693877551,99.29515418502203,92.44186046511628,97.52475247524752,99.18533604887983,98.31838565022422,97.18162839248434,96.20622568093385,93.63449691991786,91.0802775024777,"[[964, 2, 0, 0, 0, 0, 10, 3, 1, 0], [0, 1127, 2, 1, 0, 1, 4, 0, 0, 0], [7, 8, 954, 10, 4, 0, 7, 21, 20, 1], [0, 0, 1, 985, 0, 7, 0, 10, 5, 2], [0, 1, 0, 0, 974, 0, 6, 0, 0, 1], [3, 0, 1, 6, 0, 877, 3, 1, 1, 0], [5, 3, 1, 0, 13, 4, 931, 0, 1, 0], [3, 4, 11, 7, 1, 2, 0, 989, 0, 11], [8, 5, 2, 8, 6, 8, 9, 10, 912, 6], [8, 5, 0, 11, 39, 5, 0, 22, 0, 919]]"
98,96.23,0.14564319461369857,0.9626090085330556,0.9623719799214916,0.9622196398472063,618437212,97.95918367346938,99.47136563876651,95.25193798449612,97.52475247524752,99.08350305498982,98.31838565022422,97.39039665970772,91.05058365758755,94.25051334702259,92.07135777998018,"[[960, 2, 2, 0, 2, 0, 11, 2, 1, 0], [0, 1129, 2, 1, 0, 0, 3, 0, 0, 0], [5, 9, 983, 7, 4, 0, 3, 8, 13, 0], [0, 0, 4, 985, 0, 4, 0, 6, 5, 6], [0, 1, 1, 0, 973, 0, 6, 0, 0, 1], [3, 0, 1, 6, 0, 877, 3, 1, 1, 0], [5, 3, 1, 0, 13, 2, 933, 0, 1, 0], [3, 7, 21, 7, 5, 2, 0, 936, 2, 45], [6, 8, 3, 7, 6, 6, 10, 5, 918, 5], [7, 6, 0, 11, 45, 5, 0, 6, 0, 929]]"
99,95.86,0.15150438850156414,0.9596176610951245,0.9587023448550047,0.9587309513330531,623444801,98.67346938775509,99.73568281938327,92.24806201550388,97.32673267326733,98.87983706720978,98.31838565022422,95.72025052192068,89.59143968871595,94.35318275154005,93.85530227948465,"[[967, 2, 1, 0, 1, 0, 6, 2, 1, 0], [0, 1132, 1, 1, 0, 0, 1, 0, 0, 0], [6, 28, 952, 7, 4, 0, 3, 11, 20, 1], [0, 0, 2, 983, 0, 6, 0, 5, 5, 9], [0, 3, 1, 0, 971, 0, 5, 0, 0, 2], [3, 0, 1, 6, 0, 877, 3, 1, 1, 0], [9, 6, 1, 0, 19, 3, 917, 0, 3, 0], [3, 10, 18, 6, 5, 2, 0, 921, 2, 61], [8, 18, 2, 6, 4, 5, 5, 2, 919, 5], [8, 8, 0, 7, 31, 4, 0, 4, 0, 947]]"
100,96.02,0.1500952411323976,0.9606957277601389,0.9603242640377732,0.9599815594782385,628953147,97.34693877551021,99.38325991189427,94.67054263565892,96.53465346534654,98.26883910386965,98.4304932735426,98.64300626304802,94.64980544747081,95.37987679671458,87.01684836471755,"[[954, 2, 2, 0, 0, 0, 19, 2, 1, 0], [0, 1128, 2, 1, 0, 0, 4, 0, 0, 0], [6, 7, 977, 6, 2, 0, 8, 8, 18, 0], [0, 1, 8, 975, 0, 8, 0, 10, 8, 0], [0, 3, 1, 0, 965, 0, 12, 0, 0, 1], [2, 0, 1, 5, 0, 878, 3, 1, 2, 0], [3, 3, 1, 0, 4, 1, 945, 0, 1, 0], [3, 8, 22, 4, 3, 2, 0, 973, 2, 11], [6, 9, 3, 2, 4, 5, 10, 2, 929, 4], [10, 7, 0, 13, 72, 9, 0, 19, 1, 878]]"
