Round,Accuracy,Loss,Precision,Recall,F1-Score,Communication_Cost,Class_0_Accuracy,Class_1_Accuracy,Class_2_Accuracy,Class_3_Accuracy,Class_4_Accuracy,Class_5_Accuracy,Class_6_Accuracy,Class_7_Accuracy,Class_8_Accuracy,Class_9_Accuracy,Confusion_Matrix
1,26.54,2.305740675,0.214550458,0.25585917,0.158393515,6512556,0,85.9030837,0,0,0.305498982,0.784753363,0,0,99.58932238,69.2765114,"[[0, 0, 0, 0, 0, 4, 0, 0, 920, 56], [0, 975, 0, 0, 0, 0, 0, 0, 160, 0], [0, 21, 0, 0, 1, 0, 0, 0, 956, 54], [0, 33, 0, 0, 0, 7, 0, 0, 924, 46], [0, 2, 0, 0, 3, 0, 0, 0, 420, 557], [0, 22, 0, 0, 0, 7, 0, 0, 823, 40], [0, 16, 0, 0, 3, 1, 0, 0, 888, 50], [0, 28, 0, 0, 0, 0, 0, 0, 329, 671], [0, 1, 0, 0, 0, 0, 0, 0, 970, 3], [0, 7, 0, 0, 0, 0, 0, 0, 303, 699]]"
2,45.69,1.535314409,0.509143557,0.450400148,0.364089499,13526078,0,99.64757709,31.39534884,71.98019802,99.69450102,78.81165919,0.208768267,63.32684825,5.23613963,0.099108028,"[[0, 3, 5, 76, 158, 704, 0, 11, 5, 18], [0, 1131, 0, 2, 1, 1, 0, 0, 0, 0], [0, 346, 324, 59, 143, 46, 0, 28, 83, 3], [0, 97, 2, 727, 17, 146, 0, 17, 0, 4], [0, 2, 0, 0, 979, 0, 0, 1, 0, 0], [0, 56, 0, 45, 82, 703, 0, 2, 1, 3], [0, 87, 5, 0, 759, 104, 2, 0, 1, 0], [0, 52, 7, 0, 308, 0, 0, 651, 0, 10], [0, 117, 1, 75, 110, 605, 0, 15, 51, 0], [0, 14, 0, 4, 932, 17, 0, 41, 0, 1]]"
3,59.36,1.149486543,0.754752962,0.584692195,0.596008611,20539598,99.79591837,96.03524229,42.82945736,75.84158416,65.27494908,17.71300448,60.96033403,72.17898833,29.97946612,24.08325074,"[[978, 0, 0, 0, 0, 0, 1, 0, 1, 0], [4, 1090, 1, 19, 0, 5, 1, 0, 15, 0], [273, 24, 442, 46, 9, 1, 36, 5, 195, 1], [226, 3, 1, 766, 0, 1, 1, 6, 4, 2], [212, 5, 2, 16, 641, 24, 60, 4, 6, 12], [683, 3, 0, 34, 2, 158, 4, 0, 8, 0], [341, 12, 6, 0, 7, 7, 584, 0, 1, 0], [143, 19, 43, 62, 6, 1, 0, 742, 3, 9], [615, 3, 0, 47, 1, 12, 2, 2, 292, 0], [504, 3, 11, 103, 74, 18, 9, 43, 1, 243]]"
4,59.57,1.256712558,0.672308912,0.590430791,0.534512533,27052154,96.83673469,99.11894273,58.33333333,73.86138614,99.79633401,77.24215247,0.835073069,66.43968872,17.96714579,0,"[[949, 0, 0, 0, 29, 1, 0, 1, 0, 0], [0, 1125, 0, 3, 3, 4, 0, 0, 0, 0], [147, 107, 602, 14, 109, 5, 0, 14, 34, 0], [100, 37, 7, 746, 18, 92, 0, 9, 1, 0], [0, 2, 0, 0, 980, 0, 0, 0, 0, 0], [86, 11, 1, 20, 83, 689, 0, 1, 1, 0], [75, 28, 4, 0, 785, 58, 8, 0, 0, 0], [7, 41, 30, 4, 263, 0, 0, 683, 0, 0], [230, 62, 12, 40, 161, 284, 1, 9, 175, 0], [18, 15, 0, 6, 938, 6, 0, 26, 0, 0]]"
5,77.06,0.701896769,0.819359923,0.765894467,0.761072936,34566643,97.75510204,98.76651982,46.89922481,86.93069307,78.20773931,47.75784753,61.89979123,62.74319066,94.25051335,90.68384539,"[[958, 1, 0, 0, 2, 0, 0, 1, 17, 1], [0, 1121, 0, 3, 0, 0, 0, 0, 11, 0], [37, 91, 484, 21, 26, 0, 14, 13, 322, 24], [7, 29, 2, 878, 1, 1, 1, 3, 79, 9], [4, 23, 3, 0, 768, 0, 9, 0, 17, 158], [55, 35, 1, 149, 7, 426, 4, 3, 201, 11], [75, 43, 21, 1, 128, 11, 593, 0, 86, 0], [6, 50, 28, 7, 5, 0, 0, 645, 16, 271], [10, 20, 0, 16, 5, 0, 0, 0, 918, 5], [18, 22, 2, 13, 21, 1, 0, 2, 15, 915]]"
6,72.2,0.742088587,0.824141992,0.716181551,0.722095214,39576303,71.53061224,98.85462555,96.70542636,79.7029703,84.01221996,79.14798206,21.08559499,60.11673152,52.87474333,72.1506442,"[[701, 1, 204, 7, 2, 55, 5, 2, 3, 0], [0, 1122, 11, 1, 0, 1, 0, 0, 0, 0], [1, 13, 998, 1, 6, 2, 3, 4, 3, 1], [0, 41, 118, 805, 0, 25, 1, 4, 10, 6], [0, 26, 104, 0, 825, 0, 2, 0, 0, 25], [1, 35, 62, 55, 4, 706, 15, 1, 9, 4], [5, 23, 703, 1, 8, 16, 202, 0, 0, 0], [1, 64, 95, 0, 11, 2, 0, 618, 0, 237], [1, 58, 333, 24, 7, 29, 1, 3, 515, 3], [2, 30, 110, 10, 114, 8, 0, 2, 5, 728]]"
7,65.98,0.929032454,0.801045501,0.653647524,0.640278633,44585961,85.10204082,99.20704846,67.44186047,98.81188119,81.26272912,44.39461883,57.93319415,5.739299611,33.67556468,80.07928642,"[[834, 1, 7, 120, 2, 15, 0, 0, 0, 1], [0, 1126, 0, 9, 0, 0, 0, 0, 0, 0], [6, 38, 696, 269, 9, 0, 3, 2, 4, 5], [0, 6, 1, 998, 0, 0, 0, 0, 0, 5], [2, 26, 20, 50, 798, 0, 5, 0, 0, 81], [4, 23, 13, 444, 3, 396, 1, 0, 5, 3], [25, 47, 221, 35, 41, 33, 555, 0, 1, 0], [2, 42, 29, 284, 7, 2, 0, 59, 0, 603], [0, 46, 14, 555, 6, 15, 0, 0, 328, 10], [7, 13, 17, 145, 16, 3, 0, 0, 0, 808]]"
8,74.25,0.71296114,0.799874302,0.740689797,0.729005853,50597551,88.26530612,97.7092511,97.28682171,78.61386139,96.02851324,84.30493274,60.54279749,57.87937743,70.84188912,9.217046581,"[[865, 0, 71, 0, 4, 27, 8, 1, 4, 0], [0, 1109, 24, 1, 0, 1, 0, 0, 0, 0], [2, 1, 1004, 1, 12, 0, 2, 3, 7, 0], [1, 6, 156, 794, 4, 26, 1, 2, 18, 2], [0, 2, 32, 0, 943, 0, 3, 0, 2, 0], [11, 8, 38, 38, 21, 752, 14, 0, 10, 0], [8, 6, 296, 1, 47, 18, 580, 0, 2, 0], [10, 30, 164, 12, 117, 7, 0, 595, 3, 90], [3, 6, 215, 7, 21, 28, 2, 0, 690, 2], [7, 17, 58, 8, 802, 11, 0, 5, 8, 93]]"
9,85.49,0.512366727,0.87551552,0.85263946,0.854654411,55607210,94.18367347,98.76651982,67.44186047,97.52475248,93.07535642,72.75784753,89.1440501,86.08949416,81.10882957,72.54707631,"[[923, 1, 0, 22, 0, 27, 1, 1, 5, 0], [0, 1121, 0, 6, 0, 2, 1, 0, 5, 0], [16, 18, 696, 140, 10, 0, 21, 14, 109, 8], [1, 2, 2, 985, 0, 2, 0, 7, 10, 1], [2, 7, 1, 7, 914, 0, 27, 1, 6, 17], [5, 4, 2, 203, 3, 649, 5, 0, 19, 2], [28, 7, 7, 4, 25, 28, 854, 0, 5, 0], [6, 19, 18, 63, 11, 0, 0, 885, 2, 24], [2, 12, 0, 138, 5, 23, 2, 1, 790, 1], [18, 13, 4, 59, 142, 4, 0, 32, 5, 732]]"
10,81.46,0.523254961,0.851599826,0.81294866,0.802240209,61117834,95.51020408,97.44493392,58.13953488,89.8019802,97.75967413,65.91928251,93.42379958,92.12062257,92.40246407,30.42616452,"[[936, 1, 0, 3, 5, 2, 23, 2, 8, 0], [0, 1106, 0, 4, 2, 1, 7, 0, 15, 0], [14, 13, 600, 38, 29, 0, 89, 34, 202, 13], [2, 2, 1, 907, 3, 4, 7, 27, 52, 5], [0, 0, 0, 0, 960, 0, 19, 2, 1, 0], [25, 5, 0, 92, 43, 588, 46, 11, 76, 6], [13, 2, 1, 1, 44, 1, 895, 0, 1, 0], [4, 5, 13, 3, 38, 0, 0, 947, 1, 17], [5, 2, 0, 15, 27, 1, 12, 9, 900, 3], [9, 4, 1, 6, 610, 2, 2, 58, 10, 307]]"
11,82.99,0.515312966,0.865932818,0.82967287,0.824242807,68632323,88.7755102,97.62114537,39.34108527,92.47524752,82.17922607,77.35426009,90.60542797,68.87159533,96.61190965,95.83746283,"[[870, 0, 0, 12, 2, 42, 14, 2, 29, 9], [0, 1108, 0, 4, 0, 1, 3, 0, 19, 0], [7, 24, 406, 131, 14, 1, 48, 19, 335, 47], [0, 1, 0, 934, 0, 5, 0, 4, 53, 13], [1, 2, 0, 0, 807, 0, 13, 1, 11, 147], [3, 4, 0, 81, 4, 690, 8, 1, 88, 13], [13, 6, 1, 2, 45, 11, 868, 0, 11, 1], [2, 10, 0, 23, 4, 0, 0, 708, 10, 271], [1, 1, 0, 18, 3, 4, 0, 1, 941, 5], [3, 6, 0, 11, 4, 4, 0, 2, 12, 967]]"
12,84.66,0.480903298,0.879522403,0.844486924,0.846202894,74142947,91.32653061,98.85462555,67.15116279,98.51485149,91.24236253,67.04035874,95.19832985,61.08949416,83.88090349,90.18830525,"[[895, 1, 0, 32, 2, 15, 27, 2, 6, 0], [0, 1122, 0, 4, 0, 1, 3, 0, 5, 0], [9, 14, 693, 154, 11, 0, 42, 7, 89, 13], [0, 1, 0, 995, 0, 0, 1, 1, 8, 4], [0, 3, 1, 4, 896, 0, 26, 1, 4, 47], [3, 4, 3, 223, 3, 598, 22, 0, 33, 3], [8, 4, 4, 3, 19, 5, 912, 0, 3, 0], [3, 19, 8, 131, 9, 0, 0, 628, 3, 227], [1, 4, 0, 136, 5, 4, 6, 0, 817, 1], [5, 10, 3, 40, 32, 3, 0, 1, 5, 910]]"
13,89.05,0.383140466,0.898749986,0.889275855,0.88869714,81657434,99.18367347,99.47136564,91.56976744,90.2970297,91.95519348,83.40807175,89.24843424,64.88326848,87.78234086,91.47670961,"[[972, 1, 1, 0, 1, 0, 2, 1, 2, 0], [0, 1129, 2, 1, 0, 1, 2, 0, 0, 0], [12, 12, 945, 8, 9, 0, 7, 6, 26, 7], [10, 7, 37, 912, 0, 12, 1, 2, 22, 7], [2, 12, 9, 1, 903, 0, 15, 0, 4, 36], [41, 12, 7, 45, 2, 744, 4, 2, 31, 4], [26, 8, 25, 1, 26, 11, 855, 0, 6, 0], [7, 41, 57, 10, 13, 0, 0, 667, 1, 232], [20, 18, 31, 27, 5, 9, 2, 3, 855, 4], [19, 14, 7, 9, 26, 4, 0, 1, 6, 923]]"
14,86.74,0.412875578,0.884947416,0.867204759,0.865990633,89171921,88.57142857,99.29515419,80.81395349,90.59405941,98.57433809,97.75784753,80.48016701,86.96498054,84.29158111,59.86124876,"[[868, 1, 0, 0, 4, 95, 7, 2, 3, 0], [0, 1127, 1, 2, 0, 3, 1, 0, 1, 0], [11, 17, 834, 19, 20, 4, 11, 19, 82, 15], [1, 1, 5, 915, 0, 64, 0, 9, 11, 4], [1, 2, 2, 0, 968, 0, 7, 0, 1, 1], [3, 2, 1, 7, 0, 872, 1, 1, 4, 1], [9, 7, 2, 1, 117, 48, 771, 0, 3, 0], [4, 15, 25, 13, 34, 2, 0, 894, 1, 40], [2, 14, 2, 26, 16, 85, 0, 5, 821, 3], [8, 9, 3, 9, 333, 20, 0, 22, 1, 604]]"
15,90.71,0.332605702,0.911429041,0.906675185,0.90575982,96686410,99.18367347,98.85462555,77.51937984,90.3960396,97.35234216,92.82511211,82.25469729,91.43968872,92.60780287,84.24182359,"[[972, 1, 0, 0, 1, 0, 1, 2, 3, 0], [0, 1122, 2, 1, 0, 2, 2, 0, 6, 0], [25, 10, 800, 15, 18, 1, 10, 25, 108, 20], [12, 2, 3, 913, 0, 24, 0, 15, 36, 5], [2, 2, 1, 0, 956, 0, 9, 1, 1, 10], [28, 2, 0, 13, 0, 828, 1, 4, 14, 2], [38, 7, 3, 0, 92, 23, 788, 0, 7, 0], [6, 12, 16, 9, 11, 1, 0, 940, 1, 32], [20, 3, 0, 9, 9, 19, 1, 5, 902, 6], [20, 7, 0, 5, 81, 6, 0, 32, 8, 850]]"
16,90.55,0.337666343,0.909451098,0.905696868,0.90453841,104200898,99.08163265,99.38325991,79.84496124,87.52475248,94.19551935,97.53363229,88.30897704,88.13229572,89.63039014,82.06144698,"[[971, 1, 0, 0, 0, 3, 1, 1, 3, 0], [0, 1128, 2, 1, 0, 2, 1, 0, 1, 0], [35, 29, 824, 17, 3, 2, 16, 12, 87, 7], [5, 10, 6, 884, 0, 65, 0, 7, 31, 2], [4, 18, 1, 1, 925, 0, 20, 0, 5, 8], [10, 4, 0, 1, 0, 870, 1, 1, 5, 0], [42, 7, 3, 0, 18, 38, 846, 0, 4, 0], [13, 34, 29, 12, 9, 5, 0, 906, 5, 15], [20, 20, 0, 9, 4, 41, 2, 3, 873, 2], [29, 24, 2, 8, 72, 16, 0, 25, 5, 828]]"
17,89.74,0.347342116,0.908751674,0.895698013,0.897192093,110713453,98.57142857,99.64757709,76.5503876,97.92079208,90.42769857,84.30493274,89.35281837,95.3307393,81.8275154,81.76412289,"[[966, 1, 1, 1, 0, 5, 1, 3, 2, 0], [0, 1131, 0, 3, 0, 0, 1, 0, 0, 0], [14, 27, 790, 89, 3, 1, 7, 42, 56, 3], [0, 2, 0, 989, 0, 0, 0, 11, 8, 0], [3, 18, 3, 3, 888, 0, 13, 4, 4, 46], [5, 4, 0, 120, 0, 752, 1, 2, 8, 0], [27, 12, 5, 2, 22, 28, 856, 1, 5, 0], [3, 10, 4, 30, 1, 0, 0, 980, 0, 0], [8, 29, 1, 112, 5, 12, 0, 7, 797, 3], [14, 15, 2, 25, 19, 3, 0, 105, 1, 825]]"
18,82.02,0.496314391,0.87962577,0.818915036,0.817431882,116224076,95.91836735,98.32599119,67.44186047,99.6039604,96.6395112,83.07174888,94.98956159,88.81322957,53.08008214,41.03072349,"[[940, 0, 0, 9, 2, 10, 17, 2, 0, 0], [0, 1116, 0, 13, 0, 3, 3, 0, 0, 0], [8, 4, 696, 270, 3, 2, 19, 16, 12, 2], [0, 0, 0, 1006, 0, 0, 0, 4, 0, 0], [0, 1, 2, 6, 949, 0, 20, 2, 0, 2], [4, 0, 0, 144, 0, 741, 1, 1, 1, 0], [12, 3, 2, 2, 11, 17, 910, 1, 0, 0], [4, 0, 3, 104, 3, 1, 0, 913, 0, 0], [11, 10, 2, 375, 10, 34, 13, 2, 517, 0], [17, 2, 2, 154, 266, 7, 1, 146, 0, 414]]"
19,90.83,0.318089041,0.915530934,0.908378675,0.90788499,123738565,95.10204082,99.64757709,91.18217054,80.89108911,94.80651731,93.04932735,93.42379958,72.85992218,97.22792608,90.18830525,"[[932, 1, 9, 0, 2, 3, 23, 2, 8, 0], [0, 1131, 2, 0, 0, 0, 2, 0, 0, 0], [4, 11, 941, 1, 5, 1, 7, 1, 55, 6], [1, 15, 52, 817, 0, 22, 1, 4, 86, 12], [0, 16, 3, 0, 931, 0, 15, 0, 3, 14], [4, 7, 5, 5, 0, 830, 2, 1, 37, 1], [7, 10, 14, 0, 15, 10, 895, 0, 7, 0], [3, 39, 63, 3, 22, 0, 0, 749, 13, 136], [4, 9, 5, 1, 3, 2, 2, 0, 947, 1], [6, 19, 8, 1, 40, 5, 0, 3, 17, 910]]"
20,82.94,0.443747919,0.866477953,0.829430708,0.811923618,130251122,99.18367347,99.47136564,82.55813953,75.54455446,99.38900204,98.5426009,77.66179541,96.40077821,79.5687885,21.11000991,"[[972, 1, 0, 0, 2, 2, 1, 2, 0, 0], [0, 1129, 2, 0, 0, 3, 1, 0, 0, 0], [26, 22, 852, 5, 10, 3, 4, 53, 51, 6], [13, 6, 16, 763, 0, 150, 0, 34, 25, 3], [2, 1, 0, 0, 976, 0, 3, 0, 0, 0], [8, 1, 0, 0, 0, 879, 0, 2, 2, 0], [43, 9, 3, 0, 115, 42, 744, 0, 2, 0], [4, 8, 12, 3, 8, 0, 0, 991, 0, 2], [38, 25, 2, 3, 28, 81, 1, 21, 775, 0], [22, 5, 1, 0, 527, 26, 0, 214, 1, 213]]"
21,91.61,0.284210498,0.923941744,0.915993033,0.916192026,136262712,92.24489796,99.47136564,96.22093023,83.26732673,91.03869654,94.95515695,94.78079332,74.90272374,94.66119097,94.44995045,"[[904, 0, 33, 0, 2, 7, 25, 2, 7, 0], [0, 1129, 4, 0, 0, 0, 2, 0, 0, 0], [2, 3, 993, 2, 1, 0, 4, 4, 18, 5], [0, 2, 72, 841, 0, 22, 0, 6, 52, 15], [0, 5, 6, 0, 894, 0, 29, 1, 4, 43], [3, 2, 8, 5, 0, 847, 2, 1, 23, 1], [6, 8, 18, 0, 4, 9, 908, 0, 5, 0], [2, 9, 63, 4, 1, 2, 0, 770, 4, 173], [4, 4, 28, 2, 3, 3, 2, 1, 922, 5], [5, 8, 9, 2, 8, 4, 0, 5, 15, 953]]"
22,91.11,0.296274793,0.915708067,0.911586727,0.909354464,143276234,98.87755102,99.47136564,80.13565891,75.24752475,98.16700611,98.76681614,90.29227557,91.82879377,91.68377823,87.11595639,"[[969, 1, 0, 0, 2, 2, 3, 2, 1, 0], [0, 1129, 2, 0, 0, 3, 1, 0, 0, 0], [19, 26, 827, 7, 6, 1, 11, 33, 86, 16], [4, 4, 7, 760, 0, 154, 0, 17, 51, 13], [1, 2, 1, 0, 964, 0, 9, 0, 1, 4], [6, 0, 0, 0, 0, 881, 1, 1, 3, 0], [16, 6, 2, 0, 36, 29, 865, 0, 4, 0], [3, 11, 12, 3, 8, 5, 0, 944, 1, 41], [20, 4, 1, 1, 5, 35, 2, 6, 893, 7], [12, 5, 0, 0, 66, 21, 0, 22, 4, 879]]"
23,91.04,0.304706693,0.923380964,0.907489744,0.909963585,150289757,98.87755102,99.47136564,95.34883721,98.71287129,93.17718941,76.00896861,90.08350731,83.36575875,79.87679671,92.56689792,"[[969, 0, 8, 0, 0, 0, 1, 1, 1, 0], [0, 1129, 2, 3, 0, 0, 1, 0, 0, 0], [3, 6, 984, 16, 2, 0, 3, 7, 8, 3], [0, 0, 9, 997, 0, 0, 0, 2, 1, 1], [2, 15, 3, 3, 915, 0, 10, 1, 1, 32], [7, 2, 6, 188, 0, 678, 1, 1, 9, 0], [23, 12, 19, 1, 21, 14, 863, 0, 5, 0], [2, 9, 42, 46, 1, 1, 0, 857, 0, 70], [8, 15, 30, 129, 4, 4, 2, 0, 778, 4], [10, 8, 5, 33, 9, 2, 0, 8, 0, 934]]"
24,94.59,0.209290041,0.945689314,0.945910548,0.945361611,157804245,97.24489796,99.47136564,93.79844961,92.17821782,96.7413442,98.5426009,94.46764092,91.53696498,93.32648871,88.60257681,"[[953, 1, 1, 0, 1, 5, 16, 2, 1, 0], [0, 1129, 2, 1, 0, 0, 3, 0, 0, 0], [9, 5, 968, 7, 2, 1, 6, 5, 27, 2], [0, 1, 17, 931, 0, 32, 0, 9, 19, 1], [0, 4, 2, 0, 950, 0, 14, 1, 2, 9], [2, 1, 1, 2, 0, 879, 2, 1, 4, 0], [11, 4, 4, 0, 15, 15, 905, 0, 4, 0], [3, 8, 42, 10, 2, 2, 0, 941, 2, 18], [11, 4, 5, 9, 5, 19, 3, 4, 909, 5], [10, 10, 4, 11, 35, 15, 0, 27, 3, 894]]"
25,93.43,0.246211319,0.938031851,0.933162439,0.933894618,164817766,99.08163265,99.11894273,97.09302326,97.52475248,90.42769857,93.16143498,92.06680585,93.6770428,84.29158111,86.71952428,"[[971, 0, 5, 0, 0, 0, 1, 2, 1, 0], [0, 1125, 4, 3, 0, 1, 2, 0, 0, 0], [5, 2, 1002, 10, 0, 0, 1, 5, 6, 1], [0, 0, 13, 985, 0, 0, 0, 9, 3, 0], [2, 7, 11, 2, 888, 0, 17, 2, 4, 49], [6, 0, 3, 47, 0, 831, 1, 1, 3, 0], [22, 5, 20, 0, 6, 19, 882, 0, 4, 0], [2, 4, 41, 16, 0, 1, 0, 963, 0, 1], [17, 4, 42, 68, 3, 8, 2, 7, 821, 2], [11, 7, 8, 28, 6, 3, 0, 71, 0, 875]]"
26,89.28,0.357729105,0.913187442,0.891127803,0.893161435,171330322,95.30612245,99.030837,99.03100775,97.62376238,90.83503055,92.04035874,88.8308977,86.08949416,66.32443532,76.01585728,"[[934, 0, 38, 0, 0, 3, 3, 1, 1, 0], [0, 1124, 7, 3, 0, 0, 1, 0, 0, 0], [0, 2, 1022, 6, 0, 0, 0, 1, 1, 0], [0, 0, 21, 986, 0, 0, 0, 2, 1, 0], [0, 17, 27, 7, 892, 0, 14, 2, 1, 22], [2, 0, 9, 57, 0, 821, 1, 1, 1, 0], [15, 6, 51, 0, 5, 27, 851, 0, 3, 0], [1, 6, 91, 44, 0, 1, 0, 885, 0, 0], [6, 12, 172, 117, 2, 15, 2, 0, 646, 2], [9, 12, 42, 84, 13, 7, 0, 75, 0, 767]]"
27,91.52,0.271651082,0.925498002,0.914572976,0.915393172,177341913,96.2244898,99.47136564,96.12403101,95.54455446,99.79633401,95.40358744,81.41962422,80.83657588,90.862423,78.88999009,"[[943, 1, 12, 0, 8, 1, 11, 2, 2, 0], [0, 1129, 4, 0, 0, 0, 2, 0, 0, 0], [3, 3, 992, 5, 13, 0, 1, 1, 7, 7], [0, 1, 25, 965, 0, 2, 0, 1, 9, 7], [0, 1, 0, 0, 980, 0, 1, 0, 0, 0], [3, 1, 4, 24, 1, 851, 2, 1, 3, 2], [10, 6, 6, 0, 137, 16, 780, 0, 3, 0], [2, 8, 74, 12, 33, 1, 0, 831, 0, 67], [7, 7, 27, 15, 16, 8, 2, 2, 885, 5], [7, 7, 5, 14, 173, 2, 0, 4, 1, 796]]"
28,90.57,0.299651227,0.921626712,0.903187373,0.906047487,183854469,96.73469388,98.85462555,80.03875969,99.40594059,88.18737271,73.87892377,90.91858038,88.52140078,92.19712526,94.44995045,"[[948, 0, 2, 4, 0, 2, 8, 3, 13, 0], [0, 1122, 0, 6, 0, 0, 2, 0, 5, 0], [2, 8, 826, 88, 2, 0, 2, 11, 85, 8], [0, 0, 0, 1004, 0, 0, 0, 1, 4, 1], [0, 3, 1, 5, 866, 0, 7, 1, 4, 95], [2, 2, 1, 201, 0, 659, 1, 1, 22, 3], [12, 7, 4, 1, 38, 11, 871, 0, 14, 0], [3, 4, 4, 67, 0, 0, 0, 910, 0, 40], [1, 0, 0, 70, 2, 0, 0, 0, 898, 3], [5, 5, 1, 32, 3, 1, 0, 7, 2, 953]]"
29,92.57,0.253329022,0.928047483,0.926276155,0.924273785,189866059,99.48979592,98.85462555,77.51937984,85.54455446,98.67617108,99.21524664,91.54488518,95.03891051,91.88911704,88.50346878,"[[975, 1, 0, 0, 0, 0, 1, 2, 1, 0], [1, 1122, 1, 2, 0, 2, 3, 0, 4, 0], [22, 21, 800, 15, 5, 2, 10, 37, 108, 12], [2, 0, 1, 864, 0, 97, 0, 13, 23, 10], [1, 1, 0, 0, 969, 0, 9, 0, 0, 2], [4, 0, 0, 0, 0, 885, 1, 1, 1, 0], [18, 3, 2, 0, 34, 22, 877, 0, 2, 0], [3, 4, 7, 8, 3, 3, 0, 977, 0, 23], [29, 1, 0, 2, 5, 26, 5, 5, 895, 6], [14, 5, 0, 2, 51, 20, 0, 24, 0, 893]]"
30,93.44,0.241720429,0.939436578,0.934238847,0.934556194,196378617,96.73469388,99.11894273,98.74031008,89.10891089,90.42769857,98.87892377,96.34655532,89.20233463,87.47433265,88.2061447,"[[948, 0, 14, 0, 0, 1, 14, 2, 1, 0], [0, 1125, 5, 0, 0, 1, 4, 0, 0, 0], [4, 2, 1019, 0, 0, 0, 2, 2, 3, 0], [0, 0, 49, 900, 0, 39, 0, 10, 10, 2], [0, 7, 11, 0, 888, 0, 63, 1, 1, 11], [3, 0, 4, 0, 0, 882, 1, 1, 1, 0], [8, 3, 15, 0, 1, 7, 923, 0, 1, 0], [3, 7, 78, 4, 1, 5, 0, 917, 0, 13], [11, 4, 69, 3, 2, 15, 12, 5, 852, 1], [16, 8, 18, 8, 21, 21, 3, 22, 2, 890]]"
31,91.45,0.270389699,0.929328937,0.914096926,0.917376496,201388276,99.48979592,100,79.94186047,94.75247525,89.20570265,94.17040359,90.81419624,84.82490272,86.4476386,94.44995045,"[[975, 2, 1, 0, 0, 0, 0, 1, 1, 0], [0, 1135, 0, 0, 0, 0, 0, 0, 0, 0], [16, 154, 825, 8, 1, 0, 3, 9, 14, 2], [2, 22, 6, 957, 0, 1, 0, 5, 8, 9], [4, 39, 1, 0, 876, 0, 11, 0, 1, 50], [16, 7, 1, 13, 0, 840, 0, 1, 6, 8], [39, 27, 2, 0, 9, 8, 870, 0, 3, 0], [6, 53, 19, 6, 1, 0, 0, 872, 1, 70], [27, 81, 1, 6, 2, 4, 2, 3, 842, 6], [14, 24, 1, 5, 5, 3, 0, 4, 0, 953]]"
32,86.91,0.356596066,0.896831107,0.869436996,0.857857585,207399868,96.42857143,99.38325991,87.79069767,88.21782178,98.87983707,99.10313901,96.65970772,96.10894942,75.0513347,31.81367691,"[[945, 1, 0, 0, 2, 1, 27, 4, 0, 0], [0, 1128, 1, 0, 1, 0, 5, 0, 0, 0], [10, 44, 906, 7, 9, 1, 20, 28, 6, 1], [2, 8, 9, 891, 2, 66, 0, 27, 5, 0], [0, 0, 0, 0, 971, 0, 11, 0, 0, 0], [2, 0, 0, 0, 1, 884, 3, 1, 1, 0], [4, 2, 1, 0, 21, 4, 926, 0, 0, 0], [3, 4, 11, 2, 20, 0, 0, 988, 0, 0], [23, 41, 6, 4, 37, 48, 62, 22, 731, 0], [10, 5, 1, 4, 514, 23, 1, 129, 1, 321]]"
33,93.64,0.219546477,0.938896941,0.9369786,0.935608362,213912425,95.51020408,98.41409692,84.39922481,89.00990099,96.94501018,99.43946188,98.434238,97.85992218,93.1211499,83.84539148,"[[936, 1, 0, 0, 0, 11, 26, 4, 2, 0], [0, 1117, 1, 2, 0, 2, 6, 3, 4, 0], [10, 23, 871, 12, 1, 3, 17, 48, 45, 2], [0, 0, 1, 899, 0, 70, 0, 23, 14, 3], [0, 1, 0, 0, 952, 0, 26, 1, 0, 2], [1, 0, 0, 0, 0, 887, 2, 1, 1, 0], [4, 1, 1, 0, 3, 6, 943, 0, 0, 0], [3, 1, 5, 2, 2, 5, 0, 1006, 0, 4], [8, 1, 0, 3, 4, 17, 17, 12, 907, 5], [8, 4, 0, 2, 63, 25, 2, 58, 1, 846]]"
34,87.73,0.337229081,0.905615571,0.87803882,0.871032164,218922083,95.10204082,98.94273128,76.06589147,89.8019802,99.89816701,99.10313901,91.75365344,99.51361868,88.80903491,39.04856293,"[[932, 1, 0, 0, 11, 5, 18, 11, 2, 0], [0, 1123, 0, 0, 3, 0, 4, 5, 0, 0], [8, 38, 785, 9, 13, 1, 14, 118, 42, 4], [1, 2, 0, 907, 0, 33, 0, 55, 10, 2], [0, 0, 0, 0, 981, 0, 1, 0, 0, 0], [1, 0, 0, 0, 1, 884, 3, 2, 1, 0], [4, 4, 1, 0, 62, 8, 879, 0, 0, 0], [0, 2, 1, 0, 2, 0, 0, 1023, 0, 0], [9, 11, 0, 5, 29, 14, 12, 29, 865, 0], [6, 4, 0, 2, 346, 10, 1, 246, 0, 394]]"
35,94.54,0.203868415,0.947168675,0.945356208,0.945217278,224432707,99.3877551,99.11894273,97.77131783,93.26732673,92.46435845,98.20627803,95.19832985,89.59143969,93.53182752,86.81863231,"[[974, 0, 3, 0, 0, 0, 1, 1, 1, 0], [0, 1125, 3, 1, 0, 2, 3, 0, 1, 0], [7, 2, 1009, 2, 0, 0, 2, 3, 7, 0], [0, 0, 32, 942, 0, 14, 0, 10, 12, 0], [3, 14, 6, 0, 908, 0, 46, 0, 0, 5], [3, 0, 2, 5, 0, 876, 1, 1, 4, 0], [23, 3, 9, 0, 1, 8, 912, 0, 2, 0], [7, 8, 66, 6, 3, 3, 0, 921, 2, 12], [16, 4, 24, 3, 3, 5, 3, 4, 911, 1], [26, 10, 9, 10, 32, 14, 2, 24, 6, 876]]"
36,94.52,0.19316617,0.947590665,0.94523572,0.944732254,231446230,99.28571429,99.20704846,96.60852713,94.45544554,98.57433809,97.98206278,96.13778706,91.73151751,91.27310062,79.98017839,"[[973, 1, 1, 0, 0, 0, 3, 1, 1, 0], [0, 1126, 4, 0, 0, 1, 4, 0, 0, 0], [10, 4, 997, 4, 2, 0, 4, 5, 5, 1], [2, 0, 24, 954, 0, 9, 0, 10, 9, 2], [1, 2, 2, 0, 968, 0, 9, 0, 0, 0], [3, 0, 1, 7, 0, 874, 3, 1, 3, 0], [12, 3, 2, 0, 15, 4, 921, 0, 1, 0], [4, 6, 36, 6, 12, 2, 0, 943, 0, 19], [21, 4, 25, 5, 6, 6, 8, 6, 889, 4], [17, 6, 3, 10, 140, 4, 0, 20, 2, 807]]"
37,93.28,0.237547389,0.940324349,0.93181987,0.932206534,238960719,99.69387755,99.29515419,92.53875969,99.8019802,98.2688391,94.28251121,91.85803758,92.21789883,75.35934292,88.50346878,"[[977, 1, 0, 0, 0, 0, 1, 1, 0, 0], [0, 1127, 0, 5, 0, 1, 2, 0, 0, 0], [12, 7, 955, 36, 2, 2, 2, 12, 2, 2], [0, 0, 0, 1008, 0, 0, 0, 2, 0, 0], [2, 2, 1, 1, 965, 0, 6, 0, 0, 5], [3, 0, 1, 44, 0, 841, 1, 1, 1, 0], [28, 4, 1, 1, 21, 22, 880, 0, 1, 0], [4, 6, 11, 37, 2, 3, 0, 948, 0, 17], [29, 11, 8, 155, 9, 15, 3, 1, 734, 9], [14, 5, 0, 29, 44, 5, 0, 19, 0, 893]]"
38,92,0.23430549,0.930716541,0.920244982,0.914692423,246475206,98.46938776,99.030837,96.80232558,92.97029703,98.57433809,98.0941704,96.03340292,97.08171206,93.63449692,49.55401388,"[[965, 2, 2, 0, 0, 0, 8, 2, 1, 0], [0, 1124, 4, 0, 0, 1, 4, 1, 1, 0], [5, 3, 999, 2, 1, 0, 3, 11, 8, 0], [0, 0, 29, 939, 0, 12, 0, 18, 12, 0], [0, 2, 2, 0, 968, 0, 10, 0, 0, 0], [3, 0, 1, 6, 0, 875, 3, 1, 3, 0], [9, 3, 4, 0, 14, 6, 920, 0, 2, 0], [3, 3, 21, 1, 2, 0, 0, 998, 0, 0], [9, 4, 17, 1, 7, 6, 6, 12, 912, 0], [15, 5, 2, 10, 270, 13, 0, 191, 3, 500]]"
39,93.45,0.237593516,0.941606826,0.93360585,0.934524846,253488729,99.18367347,99.20704846,87.8875969,99.20792079,98.57433809,91.14349776,91.75365344,96.40077821,87.98767967,82.25966303,"[[972, 2, 0, 0, 0, 0, 1, 4, 1, 0], [0, 1126, 0, 5, 0, 0, 2, 1, 1, 0], [7, 7, 907, 53, 2, 0, 1, 27, 27, 1], [0, 0, 0, 1002, 0, 0, 0, 6, 2, 0], [1, 2, 2, 1, 968, 0, 6, 1, 0, 1], [3, 0, 1, 72, 0, 813, 1, 1, 1, 0], [17, 6, 4, 1, 28, 19, 879, 0, 4, 0], [3, 3, 4, 23, 1, 1, 0, 991, 0, 2], [5, 4, 0, 88, 6, 4, 1, 7, 857, 2], [10, 5, 0, 41, 50, 2, 0, 71, 0, 830]]"
40,93.3,0.226400983,0.935574876,0.933469821,0.931366889,260001285,98.06122449,98.32599119,90.79457364,94.25742574,93.68635438,98.5426009,99.16492693,94.64980545,93.73716632,72.24975223,"[[961, 0, 0, 0, 0, 0, 17, 1, 1, 0], [0, 1116, 2, 1, 0, 1, 8, 0, 7, 0], [13, 3, 937, 7, 0, 0, 19, 8, 45, 0], [3, 0, 3, 952, 0, 27, 0, 10, 15, 0], [0, 3, 0, 0, 920, 0, 58, 0, 1, 0], [4, 0, 0, 1, 0, 879, 6, 1, 1, 0], [4, 1, 1, 0, 1, 1, 950, 0, 0, 0], [7, 4, 18, 10, 6, 4, 0, 973, 5, 1], [13, 1, 0, 1, 3, 5, 35, 2, 913, 1], [36, 6, 1, 7, 153, 32, 3, 36, 6, 729]]"
41,94.58,0.195929302,0.948189923,0.946225834,0.945240849,266513842,96.42857143,98.41409692,86.43410853,96.53465347,96.7413442,97.42152466,98.7473904,96.88715953,97.84394251,80.77304262,"[[945, 0, 0, 0, 0, 0, 25, 2, 8, 0], [0, 1117, 1, 2, 0, 1, 6, 0, 8, 0], [9, 4, 892, 17, 1, 0, 12, 18, 78, 1], [0, 0, 0, 975, 0, 9, 0, 10, 16, 0], [0, 2, 1, 0, 950, 0, 25, 0, 3, 1], [2, 0, 1, 5, 0, 869, 6, 1, 8, 0], [3, 2, 1, 0, 2, 1, 946, 0, 3, 0], [3, 3, 10, 10, 1, 1, 0, 996, 3, 1], [6, 0, 0, 1, 3, 1, 4, 5, 953, 1], [10, 5, 0, 10, 64, 10, 3, 78, 14, 815]]"
42,91.93,0.264001716,0.935153872,0.919473754,0.921289691,272525433,98.57142857,99.11894273,76.45348837,99.9009901,94.90835031,96.30044843,96.76409186,91.82879377,83.36755647,82.25966303,"[[966, 2, 0, 0, 0, 2, 7, 2, 1, 0], [0, 1125, 0, 6, 0, 1, 2, 0, 1, 0], [8, 17, 789, 170, 0, 3, 6, 15, 24, 0], [0, 0, 0, 1009, 0, 0, 0, 1, 0, 0], [2, 4, 2, 10, 932, 0, 17, 2, 1, 12], [1, 0, 0, 30, 0, 859, 1, 1, 0, 0], [6, 3, 1, 0, 3, 15, 927, 0, 3, 0], [3, 3, 2, 72, 0, 3, 0, 944, 0, 1], [7, 8, 0, 126, 3, 10, 4, 2, 812, 2], [12, 6, 0, 86, 14, 18, 0, 43, 0, 830]]"
43,89.34,0.300716468,0.910861809,0.893016962,0.886167458,278537023,99.59183673,99.11894273,97.48062016,91.78217822,97.25050916,97.75784753,95.92901879,97.37354086,70.94455852,45.78790882,"[[976, 0, 3, 0, 0, 0, 0, 1, 0, 0], [0, 1125, 4, 0, 0, 1, 4, 1, 0, 0], [11, 3, 1006, 0, 0, 0, 2, 9, 1, 0], [4, 0, 52, 927, 0, 10, 0, 15, 2, 0], [2, 6, 2, 0, 955, 0, 15, 2, 0, 0], [10, 0, 1, 5, 0, 872, 2, 1, 1, 0], [23, 3, 7, 0, 3, 3, 919, 0, 0, 0], [3, 3, 21, 0, 0, 0, 0, 1001, 0, 0], [67, 30, 112, 7, 6, 14, 18, 28, 691, 1], [31, 6, 4, 17, 139, 16, 0, 334, 0, 462]]"
44,84,0.443636172,0.917099046,0.83637029,0.84408824,284548613,97.34693878,98.50220264,94.37984496,99.9009901,95.21384929,71.86098655,98.53862213,83.94941634,38.50102669,58.17641229,"[[954, 1, 3, 6, 0, 0, 14, 1, 1, 0], [0, 1118, 0, 14, 0, 0, 3, 0, 0, 0], [1, 2, 974, 52, 0, 0, 1, 2, 0, 0], [0, 0, 0, 1009, 0, 0, 0, 1, 0, 0], [0, 3, 3, 17, 935, 0, 19, 0, 0, 5], [1, 0, 1, 245, 0, 641, 3, 0, 1, 0], [5, 3, 2, 0, 2, 2, 944, 0, 0, 0], [3, 2, 13, 142, 1, 0, 0, 863, 0, 4], [4, 7, 12, 548, 5, 12, 10, 0, 375, 1], [10, 4, 6, 344, 36, 6, 0, 16, 0, 587]]"
45,96.05,0.167777762,0.960617229,0.960706083,0.960097181,291562136,98.57142857,99.20704846,95.05813953,96.83168317,97.45417515,98.99103139,98.32985386,94.35797665,95.4825462,86.4222002,"[[966, 2, 1, 0, 0, 0, 9, 1, 1, 0], [0, 1126, 2, 1, 0, 0, 4, 0, 2, 0], [8, 7, 981, 10, 0, 0, 3, 5, 18, 0], [0, 0, 2, 978, 0, 14, 0, 8, 8, 0], [0, 5, 2, 0, 957, 0, 17, 0, 0, 1], [2, 0, 1, 1, 0, 883, 3, 1, 1, 0], [5, 3, 1, 0, 3, 3, 942, 0, 1, 0], [3, 9, 19, 12, 3, 2, 0, 970, 0, 10], [8, 4, 3, 5, 4, 11, 7, 1, 930, 1], [12, 7, 1, 14, 53, 23, 1, 24, 2, 872]]"
46,93.56,0.221892424,0.942126248,0.935532726,0.935232833,299076625,98.26530612,98.85462555,83.33333333,98.71287129,99.59266802,96.30044843,91.75365344,98.83268482,91.88911704,77.99801784,"[[963, 0, 0, 0, 3, 1, 4, 5, 4, 0], [0, 1122, 0, 4, 0, 0, 2, 5, 2, 0], [7, 5, 860, 37, 4, 1, 1, 72, 44, 1], [0, 0, 0, 997, 0, 0, 0, 10, 3, 0], [0, 0, 0, 0, 978, 0, 1, 2, 0, 1], [2, 0, 1, 27, 0, 859, 1, 1, 1, 0], [8, 4, 1, 0, 45, 15, 879, 0, 6, 0], [0, 2, 2, 8, 0, 0, 0, 1016, 0, 0], [4, 3, 0, 40, 8, 5, 0, 15, 895, 4], [7, 5, 0, 20, 73, 3, 0, 114, 0, 787]]"
47,89.7,0.277155807,0.92028257,0.897108532,0.888140807,304086283,96.93877551,99.38325991,92.53875969,98.61386139,99.08350305,96.52466368,98.01670146,95.71984436,84.90759754,35.38156591,"[[950, 2, 0, 0, 0, 0, 24, 3, 1, 0], [0, 1128, 2, 1, 0, 0, 4, 0, 0, 0], [7, 12, 955, 15, 5, 0, 13, 16, 9, 0], [0, 0, 0, 996, 0, 2, 0, 10, 2, 0], [0, 1, 0, 0, 973, 0, 8, 0, 0, 0], [2, 0, 1, 19, 1, 861, 6, 1, 1, 0], [3, 3, 1, 0, 11, 1, 939, 0, 0, 0], [3, 6, 10, 9, 16, 0, 0, 984, 0, 0], [8, 24, 5, 34, 24, 10, 28, 14, 827, 0], [9, 6, 1, 19, 524, 6, 0, 87, 0, 357]]"
48,94.81,0.189632359,0.950507708,0.948418996,0.947730531,310598839,99.48979592,99.29515419,85.27131783,97.52475248,99.08350305,98.20627803,95.82463466,96.10894942,94.66119097,82.95341923,"[[975, 1, 0, 0, 0, 0, 2, 1, 1, 0], [0, 1127, 1, 2, 0, 0, 4, 0, 1, 0], [17, 28, 880, 17, 5, 1, 8, 25, 48, 3], [3, 1, 0, 985, 0, 5, 0, 10, 6, 0], [1, 2, 0, 0, 973, 0, 5, 0, 0, 1], [4, 0, 0, 5, 1, 876, 3, 1, 2, 0], [12, 4, 1, 0, 16, 5, 918, 0, 2, 0], [3, 7, 8, 7, 5, 2, 0, 988, 0, 8], [17, 6, 0, 6, 7, 4, 2, 5, 922, 5], [13, 6, 0, 10, 119, 3, 0, 21, 0, 837]]"
49,91.11,0.254636995,0.921533339,0.911029614,0.905807226,317111395,98.67346939,99.11894273,97.77131783,91.88118812,98.16700611,99.32735426,96.55532359,97.08171206,78.43942505,54.01387512,"[[967, 1, 3, 0, 0, 2, 5, 2, 0, 0], [0, 1125, 3, 1, 0, 1, 4, 1, 0, 0], [4, 4, 1009, 3, 0, 0, 2, 9, 1, 0], [2, 0, 22, 928, 0, 44, 0, 13, 1, 0], [1, 4, 2, 0, 964, 0, 11, 0, 0, 0], [2, 0, 1, 0, 0, 886, 2, 1, 0, 0], [8, 3, 5, 0, 3, 14, 925, 0, 0, 0], [3, 3, 21, 1, 0, 2, 0, 998, 0, 0], [23, 32, 52, 5, 13, 41, 18, 25, 764, 1], [10, 6, 5, 9, 222, 28, 0, 184, 0, 545]]"
50,96.07,0.155622905,0.960879937,0.960917046,0.960494182,323122986,98.26530612,99.29515419,92.05426357,96.93069307,97.04684318,98.76681614,98.64300626,95.3307393,95.58521561,88.99900892,"[[963, 1, 0, 0, 0, 0, 13, 2, 1, 0], [0, 1127, 2, 1, 0, 0, 4, 0, 1, 0], [8, 10, 950, 9, 1, 0, 11, 17, 25, 1], [1, 0, 1, 979, 0, 10, 0, 10, 9, 0], [0, 5, 1, 0, 953, 0, 20, 0, 0, 3], [2, 0, 1, 3, 0, 881, 3, 1, 1, 0], [4, 3, 1, 0, 2, 2, 945, 0, 1, 0], [3, 8, 13, 7, 1, 2, 0, 980, 0, 14], [8, 4, 3, 1, 4, 6, 10, 5, 931, 2], [10, 7, 0, 13, 41, 12, 1, 23, 4, 898]]"
51,91.92,0.235234513,0.9288783,0.918913839,0.918394691,329134574,91.02040816,99.29515419,95.05813953,97.02970297,98.67617108,95.85201794,99.26931106,90.17509728,83.16221766,69.37561943,"[[892, 0, 1, 0, 1, 0, 85, 1, 0, 0], [0, 1127, 2, 1, 0, 0, 5, 0, 0, 0], [4, 7, 981, 7, 5, 0, 17, 6, 5, 0], [1, 1, 9, 980, 2, 3, 0, 9, 5, 0], [0, 1, 0, 0, 969, 0, 12, 0, 0, 0], [2, 1, 1, 15, 1, 855, 15, 1, 0, 1], [0, 2, 1, 0, 3, 1, 951, 0, 0, 0], [3, 10, 20, 7, 31, 0, 0, 927, 0, 30], [5, 23, 18, 6, 24, 5, 73, 5, 810, 5], [7, 7, 1, 14, 266, 3, 2, 9, 0, 700]]"
52,94.87,0.186938301,0.951713402,0.948657823,0.948651593,336649064,96.73469388,99.29515419,99.2248062,97.82178218,97.65784114,97.08520179,98.434238,83.26848249,89.93839836,89.19722498,"[[948, 1, 10, 0, 0, 0, 18, 1, 2, 0], [0, 1127, 3, 1, 0, 0, 4, 0, 0, 0], [0, 2, 1024, 2, 0, 0, 1, 1, 2, 0], [0, 0, 16, 988, 0, 1, 0, 2, 3, 0], [0, 4, 3, 0, 959, 0, 14, 0, 0, 2], [2, 0, 2, 18, 0, 866, 2, 1, 1, 0], [3, 3, 5, 0, 2, 1, 943, 0, 1, 0], [2, 9, 74, 18, 3, 3, 0, 856, 0, 63], [4, 7, 49, 15, 4, 4, 9, 1, 876, 5], [7, 9, 7, 22, 54, 3, 0, 6, 1, 900]]"
53,93.68,0.20260546,0.940769246,0.937073833,0.936248508,343161619,98.26530612,99.64757709,94.08914729,81.98019802,98.47250509,99.77578475,93.11064718,86.77042802,92.19712526,92.76511397,"[[963, 2, 1, 0, 0, 8, 4, 1, 1, 0], [0, 1131, 2, 0, 0, 1, 1, 0, 0, 0], [9, 16, 971, 5, 1, 1, 3, 4, 20, 2], [1, 4, 7, 828, 0, 144, 0, 5, 11, 10], [0, 6, 0, 0, 967, 0, 5, 0, 0, 4], [0, 0, 0, 0, 0, 890, 1, 1, 0, 0], [6, 6, 1, 0, 17, 36, 892, 0, 0, 0], [3, 19, 27, 3, 3, 4, 0, 892, 3, 74], [7, 22, 2, 1, 3, 29, 6, 1, 898, 5], [6, 10, 0, 2, 33, 19, 0, 3, 0, 936]]"
54,93.13,0.213125016,0.937197194,0.931445143,0.929665014,348672245,98.67346939,99.64757709,90.31007752,94.45544554,98.98167006,99.66367713,96.03340292,97.47081712,86.13963039,70.06937562,"[[967, 2, 0, 0, 0, 1, 6, 3, 1, 0], [0, 1131, 0, 0, 0, 2, 2, 0, 0, 0], [9, 30, 932, 8, 2, 2, 5, 33, 11, 0], [1, 1, 1, 954, 0, 34, 0, 13, 5, 1], [1, 3, 0, 0, 972, 0, 6, 0, 0, 0], [1, 0, 0, 0, 0, 889, 1, 1, 0, 0], [5, 3, 1, 0, 8, 21, 920, 0, 0, 0], [3, 7, 8, 2, 2, 3, 0, 1002, 0, 1], [13, 36, 3, 4, 11, 38, 11, 17, 839, 2], [9, 6, 0, 7, 178, 22, 0, 80, 0, 707]]"
55,95.72,0.159705056,0.958167849,0.957341277,0.957132964,355685768,97.04081633,99.38325991,98.25581395,94.85148515,95.21384929,98.43049327,98.85177453,86.47859922,95.27720739,93.5579782,"[[951, 1, 4, 0, 0, 0, 20, 2, 2, 0], [0, 1128, 2, 0, 0, 1, 4, 0, 0, 0], [2, 5, 1014, 1, 0, 0, 2, 2, 6, 0], [0, 0, 17, 958, 0, 11, 0, 6, 12, 6], [0, 10, 3, 0, 935, 0, 24, 0, 0, 10], [2, 0, 1, 4, 0, 878, 3, 1, 3, 0], [3, 3, 2, 0, 1, 1, 947, 0, 1, 0], [3, 9, 46, 6, 3, 3, 0, 889, 3, 66], [5, 7, 11, 1, 3, 4, 11, 1, 928, 3], [8, 9, 2, 9, 17, 8, 2, 6, 4, 944]]"
56,94.53,0.191389952,0.94835556,0.945206772,0.945142042,361697358,97.44897959,99.55947137,83.23643411,99.00990099,99.69450102,95.62780269,91.33611691,89.78599222,94.66119097,94.84638256,"[[955, 2, 0, 0, 7, 0, 5, 3, 6, 2], [0, 1130, 0, 4, 1, 0, 0, 0, 0, 0], [5, 25, 859, 40, 6, 1, 1, 20, 63, 12], [0, 0, 0, 1000, 0, 0, 0, 1, 4, 5], [0, 1, 0, 0, 979, 0, 0, 0, 0, 2], [2, 0, 1, 25, 1, 853, 2, 1, 3, 4], [7, 7, 1, 0, 59, 2, 875, 0, 7, 0], [3, 6, 3, 20, 4, 0, 0, 923, 1, 68], [4, 6, 0, 17, 8, 3, 0, 3, 922, 11], [4, 5, 0, 11, 24, 2, 0, 6, 0, 957]]"
57,95.28,0.163165701,0.955061184,0.953345724,0.952776821,367708949,99.18367347,99.38325991,84.01162791,98.11881188,97.55600815,98.0941704,96.76409186,86.67315175,97.22792608,96.33300297,"[[972, 0, 0, 0, 0, 0, 2, 1, 5, 0], [0, 1128, 0, 2, 0, 0, 1, 0, 4, 0], [7, 17, 867, 22, 1, 0, 1, 10, 102, 5], [0, 0, 0, 991, 0, 4, 0, 1, 7, 7], [1, 3, 0, 0, 958, 0, 6, 0, 1, 13], [2, 0, 0, 6, 0, 875, 3, 1, 5, 0], [8, 4, 1, 0, 10, 2, 927, 0, 6, 0], [3, 7, 10, 18, 3, 2, 0, 891, 5, 89], [6, 2, 0, 4, 4, 2, 3, 1, 947, 5], [6, 7, 0, 6, 10, 4, 0, 3, 1, 972]]"
58,94.31,0.202528784,0.947692448,0.942930255,0.942629892,373219574,99.69387755,99.38325991,88.6627907,97.62376238,99.28716904,98.43049327,93.21503132,98.6381323,85.93429158,82.06144698,"[[977, 1, 0, 0, 0, 0, 0, 2, 0, 0], [0, 1128, 0, 2, 0, 0, 3, 2, 0, 0], [19, 15, 915, 11, 3, 0, 1, 54, 14, 0], [3, 0, 0, 986, 0, 5, 0, 12, 4, 0], [2, 1, 0, 0, 975, 0, 3, 0, 0, 1], [6, 0, 0, 6, 0, 878, 1, 1, 0, 0], [39, 3, 1, 0, 13, 8, 893, 0, 1, 0], [3, 3, 4, 2, 0, 1, 0, 1014, 0, 1], [60, 14, 1, 10, 9, 13, 4, 22, 837, 4], [16, 5, 0, 9, 70, 7, 0, 74, 0, 828]]"
59,95.53,0.150209185,0.957113035,0.955741075,0.955154651,378229232,98.67346939,98.76651982,82.17054264,94.85148515,95.31568228,97.98206278,98.32985386,97.27626459,97.33059548,95.04459861,"[[967, 0, 0, 0, 0, 0, 7, 3, 3, 0], [0, 1121, 1, 1, 0, 1, 4, 1, 6, 0], [14, 9, 848, 9, 1, 0, 10, 50, 89, 2], [3, 0, 0, 958, 0, 10, 0, 13, 20, 6], [2, 2, 0, 0, 936, 0, 15, 0, 4, 23], [2, 0, 0, 3, 0, 874, 3, 1, 9, 0], [6, 3, 1, 0, 2, 1, 942, 0, 3, 0], [3, 3, 5, 1, 0, 1, 0, 1000, 1, 14], [8, 1, 0, 1, 2, 0, 4, 6, 948, 4], [9, 5, 0, 4, 5, 3, 1, 20, 3, 959]]"
60,94.71,0.184601456,0.951043823,0.946664753,0.946247661,384741788,98.87755102,99.030837,97.38372093,98.31683168,98.47250509,95.40358744,97.80793319,97.27626459,87.78234086,76.31318137,"[[969, 0, 4, 0, 0, 0, 4, 2, 1, 0], [0, 1124, 3, 2, 0, 1, 4, 1, 0, 0], [3, 3, 1005, 7, 0, 0, 1, 10, 3, 0], [0, 0, 7, 993, 0, 0, 0, 10, 0, 0], [1, 3, 2, 0, 967, 0, 8, 0, 0, 1], [3, 0, 1, 32, 0, 851, 3, 1, 1, 0], [8, 3, 5, 0, 3, 1, 937, 0, 1, 0], [3, 3, 15, 6, 0, 1, 0, 1000, 0, 0], [11, 10, 29, 35, 5, 5, 5, 18, 855, 1], [11, 5, 2, 25, 73, 5, 0, 118, 0, 770]]"
61,94.93,0.190648801,0.952646355,0.949281467,0.949104391,389751447,97.34693878,98.85462555,95.83333333,99.6039604,96.53767821,98.31838565,98.85177453,90.85603113,86.75564682,86.32309217,"[[954, 0, 3, 0, 0, 2, 18, 1, 2, 0], [0, 1122, 1, 4, 0, 1, 4, 0, 3, 0], [4, 3, 989, 22, 0, 0, 6, 2, 6, 0], [0, 0, 0, 1006, 0, 3, 0, 1, 0, 0], [0, 2, 2, 1, 948, 0, 26, 0, 1, 2], [1, 0, 1, 10, 0, 877, 2, 1, 0, 0], [0, 3, 1, 0, 1, 6, 947, 0, 0, 0], [3, 3, 16, 59, 1, 3, 0, 934, 0, 9], [5, 2, 10, 76, 4, 15, 15, 0, 845, 2], [11, 5, 1, 43, 30, 27, 2, 19, 0, 871]]"
62,94.8,0.177817594,0.950733314,0.948096066,0.948040633,395262073,97.04081633,99.82378855,90.01937984,99.40594059,99.59266802,96.6367713,95.61586639,85.21400778,94.55852156,90.18830525,"[[951, 2, 1, 0, 7, 1, 12, 1, 5, 0], [0, 1133, 0, 2, 0, 0, 0, 0, 0, 0], [4, 22, 929, 31, 10, 2, 2, 3, 28, 1], [0, 0, 0, 1004, 0, 0, 0, 1, 3, 2], [0, 2, 0, 0, 978, 0, 1, 0, 0, 1], [1, 1, 1, 18, 1, 862, 3, 1, 3, 1], [2, 5, 1, 0, 29, 2, 916, 0, 3, 0], [3, 11, 14, 34, 13, 1, 0, 876, 3, 73], [3, 14, 0, 15, 7, 4, 4, 1, 921, 5], [6, 8, 0, 15, 63, 3, 0, 3, 1, 910]]"
63,95.15,0.178647145,0.955455143,0.951382844,0.951964149,402776561,98.67346939,99.29515419,99.32170543,96.33663366,94.70468432,97.30941704,97.49478079,85.01945525,90.75975359,92.46778989,"[[967, 0, 9, 0, 0, 0, 2, 1, 1, 0], [0, 1127, 4, 1, 0, 1, 2, 0, 0, 0], [1, 2, 1025, 0, 0, 0, 1, 1, 2, 0], [0, 0, 30, 973, 0, 2, 0, 2, 3, 0], [1, 15, 9, 0, 930, 0, 15, 0, 0, 12], [3, 0, 4, 11, 0, 868, 2, 1, 3, 0], [9, 3, 8, 0, 1, 1, 934, 0, 2, 0], [3, 8, 86, 12, 3, 2, 0, 874, 0, 40], [10, 7, 54, 5, 3, 3, 4, 1, 884, 3], [11, 12, 6, 15, 14, 7, 0, 9, 2, 933]]"
64,95.93,0.154469524,0.96068835,0.959285027,0.959408136,407786221,99.69387755,99.82378855,92.44186047,97.92079208,98.67617108,98.20627803,95.82463466,91.14785992,91.99178645,93.5579782,"[[977, 1, 0, 0, 0, 0, 1, 1, 0, 0], [0, 1133, 1, 0, 0, 0, 1, 0, 0, 0], [16, 26, 954, 6, 4, 0, 3, 8, 15, 0], [3, 0, 0, 989, 0, 3, 0, 5, 5, 5], [2, 4, 0, 0, 969, 0, 5, 0, 0, 2], [4, 0, 0, 7, 0, 876, 3, 1, 1, 0], [16, 5, 1, 0, 15, 2, 918, 0, 1, 0], [4, 12, 17, 9, 4, 0, 0, 937, 1, 44], [28, 18, 3, 6, 4, 6, 3, 5, 896, 5], [12, 10, 0, 7, 29, 3, 0, 4, 0, 944]]"
65,95.23,0.176608863,0.955045791,0.952095548,0.951633028,413797811,99.48979592,99.29515419,97.28682171,97.42574257,98.3706721,97.53363229,96.76409186,97.17898833,90.55441478,78.19623389,"[[975, 1, 1, 0, 0, 0, 1, 1, 1, 0], [0, 1127, 3, 1, 0, 1, 2, 1, 0, 0], [9, 3, 1004, 3, 0, 0, 1, 8, 4, 0], [1, 0, 10, 984, 0, 2, 0, 10, 3, 0], [1, 5, 2, 0, 966, 0, 7, 0, 0, 1], [3, 0, 1, 13, 0, 870, 3, 1, 1, 0], [15, 3, 4, 0, 3, 5, 927, 0, 1, 0], [3, 4, 18, 3, 0, 1, 0, 999, 0, 0], [19, 13, 22, 10, 3, 6, 3, 14, 882, 2], [13, 7, 2, 19, 62, 8, 0, 109, 0, 789]]"
66,91.94,0.254707121,0.931777038,0.918453125,0.918723715,418807471,99.3877551,99.47136564,92.34496124,99.9009901,99.89816701,96.52466368,83.50730689,92.3151751,77.10472279,77.99801784,"[[974, 1, 1, 0, 1, 0, 1, 1, 1, 0], [0, 1129, 0, 4, 1, 1, 0, 0, 0, 0], [7, 10, 953, 41, 6, 1, 1, 7, 6, 0], [0, 0, 0, 1009, 0, 0, 0, 1, 0, 0], [0, 1, 0, 0, 981, 0, 0, 0, 0, 0], [1, 0, 1, 28, 0, 861, 0, 1, 0, 0], [11, 6, 4, 0, 102, 35, 800, 0, 0, 0], [3, 6, 10, 42, 12, 1, 0, 949, 0, 5], [9, 14, 6, 143, 18, 26, 0, 3, 751, 4], [8, 6, 0, 29, 152, 8, 0, 19, 0, 787]]"
67,95.62,0.156096301,0.956533081,0.956564775,0.95581205,425320027,98.7755102,99.38325991,90.69767442,92.67326733,98.57433809,99.66367713,94.98956159,92.0233463,96.91991786,92.864222,"[[968, 2, 0, 0, 0, 3, 4, 2, 1, 0], [0, 1128, 1, 1, 0, 2, 1, 0, 2, 0], [7, 13, 936, 9, 2, 2, 2, 12, 49, 0], [0, 0, 1, 936, 0, 50, 0, 6, 10, 7], [0, 3, 0, 0, 968, 0, 8, 0, 1, 2], [0, 0, 0, 0, 0, 889, 2, 1, 0, 0], [5, 4, 1, 0, 12, 22, 910, 0, 4, 0], [3, 7, 12, 8, 3, 3, 0, 946, 3, 43], [6, 5, 0, 1, 3, 9, 3, 1, 944, 2], [7, 7, 0, 3, 24, 23, 0, 6, 2, 937]]"
68,96.14,0.140724467,0.962175258,0.961494748,0.961391506,432834516,97.55102041,99.64757709,92.63565891,98.61386139,98.47250509,97.42152466,96.97286013,88.42412451,96.61190965,95.14370664,"[[956, 2, 2, 0, 3, 0, 10, 1, 4, 2], [0, 1131, 0, 2, 0, 0, 1, 0, 1, 0], [5, 14, 956, 11, 4, 0, 2, 11, 29, 0], [0, 0, 0, 996, 0, 2, 0, 1, 5, 6], [0, 3, 1, 0, 967, 0, 6, 0, 0, 5], [2, 0, 0, 9, 0, 869, 4, 1, 7, 0], [4, 4, 1, 0, 13, 1, 929, 0, 6, 0], [3, 7, 14, 16, 4, 2, 0, 909, 3, 70], [5, 5, 3, 4, 3, 3, 3, 2, 941, 5], [5, 7, 0, 9, 19, 3, 0, 4, 2, 960]]"
69,92.13,0.256528479,0.937450899,0.920862709,0.922013386,437844176,97.14285714,99.20704846,99.90310078,95.74257426,97.25050916,98.43049327,96.76409186,81.42023346,68.48049281,86.52130823,"[[952, 0, 17, 0, 0, 2, 7, 1, 1, 0], [0, 1126, 6, 0, 0, 1, 2, 0, 0, 0], [0, 1, 1031, 0, 0, 0, 0, 0, 0, 0], [0, 0, 38, 967, 0, 4, 0, 1, 0, 0], [0, 8, 8, 0, 955, 0, 10, 0, 0, 1], [2, 0, 4, 6, 0, 878, 1, 1, 0, 0], [5, 3, 11, 0, 1, 11, 927, 0, 0, 0], [1, 11, 135, 15, 4, 3, 0, 837, 0, 22], [7, 17, 239, 18, 2, 16, 6, 1, 667, 1], [6, 16, 21, 28, 40, 17, 0, 8, 0, 873]]"
70,96.21,0.143989665,0.962616041,0.962305605,0.962027247,444857698,98.06122449,99.29515419,95.05813953,98.51485149,97.55600815,97.98206278,98.95615866,89.29961089,96.30390144,91.27849356,"[[961, 2, 0, 0, 0, 0, 15, 1, 1, 0], [0, 1127, 1, 1, 0, 0, 4, 0, 2, 0], [6, 11, 981, 5, 0, 0, 10, 2, 17, 0], [0, 0, 3, 995, 0, 3, 0, 2, 5, 2], [0, 5, 0, 0, 958, 0, 17, 0, 0, 2], [2, 0, 0, 8, 0, 874, 4, 1, 3, 0], [3, 3, 1, 0, 1, 1, 948, 0, 1, 0], [3, 12, 32, 17, 5, 3, 0, 918, 3, 35], [5, 5, 3, 3, 3, 2, 11, 1, 938, 3], [10, 9, 0, 13, 42, 6, 1, 4, 3, 921]]"
71,95.86,0.161434517,0.960266983,0.958645745,0.958704708,451871221,99.69387755,99.64757709,93.50775194,97.92079208,97.25050916,98.43049327,97.70354906,93.28793774,92.40246407,88.80079286,"[[977, 1, 0, 0, 0, 0, 1, 1, 0, 0], [0, 1131, 1, 0, 0, 0, 3, 0, 0, 0], [17, 22, 965, 4, 0, 0, 5, 5, 14, 0], [2, 1, 1, 989, 0, 4, 0, 7, 5, 1], [4, 8, 0, 0, 955, 0, 14, 0, 0, 1], [4, 0, 0, 5, 0, 878, 3, 1, 1, 0], [14, 4, 1, 0, 1, 1, 936, 0, 1, 0], [9, 17, 18, 10, 2, 3, 0, 959, 1, 9], [34, 16, 3, 2, 2, 4, 6, 3, 900, 4], [20, 17, 0, 12, 41, 8, 0, 15, 0, 896]]"
72,93.94,0.205141072,0.943810955,0.939169116,0.938087625,459385709,99.08163265,99.47136564,99.32170543,97.22772277,98.77800407,98.76681614,95.09394572,92.41245136,84.1889117,74.82656095,"[[971, 1, 4, 0, 0, 0, 2, 1, 1, 0], [0, 1129, 4, 0, 0, 1, 1, 0, 0, 0], [1, 2, 1025, 2, 0, 0, 0, 1, 1, 0], [0, 0, 14, 982, 0, 6, 0, 8, 0, 0], [1, 4, 2, 0, 970, 0, 5, 0, 0, 0], [2, 0, 2, 5, 0, 881, 1, 1, 0, 0], [14, 3, 6, 0, 6, 18, 911, 0, 0, 0], [3, 7, 55, 7, 2, 2, 0, 950, 1, 1], [17, 16, 66, 18, 4, 21, 4, 7, 820, 1], [9, 10, 6, 20, 129, 16, 0, 64, 0, 755]]"
73,94.61,0.191783373,0.950313491,0.946229799,0.945936752,465397298,98.46938776,97.97356828,89.34108527,94.95049505,100,99.66367713,89.1440501,99.02723735,93.1211499,84.53914767,"[[965, 0, 1, 0, 5, 1, 1, 5, 2, 0], [0, 1112, 3, 1, 8, 2, 2, 4, 3, 0], [7, 3, 922, 7, 8, 1, 2, 60, 20, 2], [1, 0, 1, 959, 0, 25, 0, 16, 4, 4], [0, 0, 0, 0, 982, 0, 0, 0, 0, 0], [1, 0, 0, 0, 0, 889, 1, 1, 0, 0], [8, 3, 1, 0, 71, 20, 854, 0, 1, 0], [0, 2, 4, 1, 0, 0, 0, 1018, 0, 3], [11, 2, 2, 3, 15, 15, 1, 12, 907, 6], [6, 3, 0, 4, 89, 5, 0, 49, 0, 853]]"
74,87.7,0.373251794,0.912509043,0.878325753,0.873470199,471408888,95.51020408,99.91189427,77.81007752,95.54455446,92.66802444,96.30044843,87.05636743,36.77042802,97.84394251,98.90981169,"[[936, 1, 1, 0, 4, 2, 1, 0, 13, 22], [0, 1134, 0, 0, 0, 0, 0, 0, 1, 0], [1, 36, 803, 15, 4, 1, 1, 11, 130, 30], [0, 0, 0, 965, 0, 5, 0, 0, 11, 29], [0, 3, 0, 0, 910, 0, 0, 0, 3, 66], [1, 0, 0, 5, 0, 859, 1, 0, 8, 18], [10, 13, 1, 0, 64, 17, 834, 0, 17, 2], [1, 13, 8, 8, 0, 0, 0, 378, 17, 603], [2, 4, 0, 2, 3, 1, 0, 0, 953, 9], [1, 7, 0, 1, 2, 0, 0, 0, 0, 998]]"
75,95.34,0.164515557,0.954861622,0.953443037,0.952914447,478923375,99.59183673,99.47136564,93.60465116,98.11881188,98.47250509,98.43049327,98.12108559,93.77431907,89.21971253,84.6382557,"[[976, 0, 0, 0, 0, 0, 3, 1, 0, 0], [0, 1129, 1, 1, 0, 0, 4, 0, 0, 0], [13, 12, 966, 9, 3, 2, 6, 10, 11, 0], [1, 0, 1, 991, 0, 5, 0, 7, 3, 2], [1, 2, 0, 0, 967, 0, 12, 0, 0, 0], [4, 0, 0, 6, 0, 878, 3, 1, 0, 0], [11, 3, 1, 0, 1, 2, 940, 0, 0, 0], [7, 9, 12, 11, 8, 3, 0, 964, 1, 13], [38, 12, 3, 10, 7, 8, 16, 6, 869, 5], [16, 7, 0, 13, 98, 9, 1, 11, 0, 854]]"
76,91.29,0.251937062,0.9262639,0.913327046,0.912527822,483933034,98.36734694,99.11894273,76.35658915,99.5049505,94.09368635,93.04932735,91.12734864,68.19066148,95.99589322,97.52229931,"[[964, 0, 0, 0, 0, 0, 1, 0, 7, 8], [0, 1125, 0, 5, 1, 0, 0, 0, 4, 0], [4, 16, 788, 91, 3, 1, 1, 13, 105, 10], [0, 0, 0, 1005, 0, 0, 0, 0, 1, 4], [1, 2, 0, 1, 924, 0, 1, 0, 3, 50], [2, 0, 0, 50, 0, 830, 1, 0, 5, 4], [16, 6, 2, 1, 23, 19, 873, 0, 18, 0], [3, 4, 3, 65, 0, 0, 0, 701, 5, 247], [3, 0, 0, 26, 3, 0, 0, 0, 935, 7], [3, 5, 0, 13, 3, 0, 0, 1, 0, 984]]"
77,93.63,0.193363281,0.944493265,0.936954874,0.935895538,488942693,99.48979592,99.64757709,92.05426357,96.53465347,97.35234216,98.99103139,92.79749478,67.80155642,94.76386037,97.52229931,"[[975, 1, 0, 0, 0, 0, 0, 0, 1, 3], [0, 1131, 1, 1, 0, 1, 1, 0, 0, 0], [15, 18, 950, 8, 3, 1, 1, 5, 24, 7], [2, 0, 1, 975, 0, 11, 0, 0, 7, 14], [1, 4, 0, 0, 956, 0, 2, 0, 0, 19], [4, 0, 0, 1, 0, 883, 2, 0, 1, 1], [23, 5, 2, 0, 23, 11, 889, 0, 5, 0], [6, 7, 18, 11, 3, 2, 0, 697, 5, 279], [18, 9, 2, 3, 3, 7, 2, 0, 923, 7], [9, 7, 0, 2, 3, 4, 0, 0, 0, 984]]"
78,95.28,0.163918301,0.95601533,0.952567123,0.952947152,494954284,98.36734694,99.73568282,91.95736434,99.40594059,96.94501018,93.2735426,98.22546973,84.3385214,95.17453799,95.14370664,"[[964, 1, 1, 0, 0, 0, 10, 1, 3, 0], [0, 1132, 0, 3, 0, 0, 0, 0, 0, 0], [7, 21, 949, 19, 0, 0, 1, 8, 27, 0], [0, 0, 0, 1004, 0, 0, 0, 1, 3, 2], [1, 11, 1, 0, 952, 0, 7, 0, 1, 9], [2, 0, 0, 48, 0, 832, 4, 0, 6, 0], [4, 4, 2, 0, 1, 1, 941, 0, 5, 0], [3, 9, 14, 49, 2, 3, 0, 867, 3, 78], [5, 11, 1, 20, 2, 1, 2, 0, 927, 5], [7, 10, 0, 21, 6, 2, 0, 2, 1, 960]]"
79,94.74,0.17823479,0.95116329,0.947865035,0.94711344,499963944,98.7755102,99.82378855,78.29457364,95.94059406,99.18533605,99.32735426,95.30271399,98.83268482,94.96919918,87.41328048,"[[968, 2, 0, 0, 0, 2, 3, 4, 1, 0], [0, 1133, 0, 0, 0, 1, 1, 0, 0, 0], [8, 49, 808, 7, 6, 1, 3, 71, 78, 1], [1, 0, 1, 969, 0, 13, 0, 15, 8, 3], [0, 3, 0, 0, 974, 0, 4, 0, 0, 1], [2, 0, 0, 0, 0, 886, 2, 1, 1, 0], [7, 4, 1, 0, 19, 9, 913, 0, 5, 0], [1, 4, 2, 1, 0, 1, 0, 1016, 1, 2], [7, 15, 0, 1, 3, 5, 2, 14, 925, 2], [10, 7, 0, 2, 48, 6, 0, 54, 0, 882]]"
80,93.98,0.193513747,0.94413763,0.939745134,0.939425932,505975534,98.16326531,99.91189427,83.91472868,95.54455446,99.69450102,99.43946188,82.77661795,90.85603113,95.68788501,93.75619425,"[[962, 3, 0, 0, 7, 0, 1, 2, 2, 3], [0, 1134, 0, 0, 1, 0, 0, 0, 0, 0], [7, 45, 866, 6, 14, 2, 1, 25, 58, 8], [1, 2, 1, 965, 0, 16, 0, 6, 9, 10], [0, 2, 0, 0, 979, 0, 0, 0, 0, 1], [0, 1, 0, 1, 0, 887, 0, 1, 1, 1], [8, 10, 1, 0, 112, 29, 793, 0, 5, 0], [3, 10, 5, 4, 11, 1, 0, 934, 1, 59], [6, 16, 0, 1, 8, 6, 0, 2, 932, 3], [4, 9, 0, 3, 40, 4, 0, 3, 0, 946]]"
81,93.4,0.215177018,0.940971689,0.932581349,0.933531709,511987124,99.69387755,99.47136564,89.34108527,99.7029703,99.59266802,90.13452915,83.19415449,91.34241245,86.55030801,93.5579782,"[[977, 0, 0, 0, 0, 0, 0, 1, 2, 0], [0, 1129, 0, 5, 1, 0, 0, 0, 0, 0], [12, 16, 922, 38, 6, 0, 1, 19, 18, 0], [0, 0, 0, 1007, 0, 0, 0, 1, 0, 2], [1, 1, 0, 0, 978, 0, 0, 0, 0, 2], [5, 0, 0, 79, 1, 804, 0, 1, 1, 1], [46, 6, 2, 1, 82, 20, 797, 0, 4, 0], [4, 4, 5, 34, 4, 1, 0, 939, 0, 37], [14, 7, 0, 91, 8, 3, 0, 3, 843, 5], [10, 5, 0, 22, 19, 2, 0, 7, 0, 944]]"
82,95.39,0.159987688,0.956132251,0.954208048,0.953450764,519501611,99.69387755,99.11894273,82.07364341,97.42574257,99.28716904,98.43049327,92.58872651,97.95719844,97.7412731,89.89098117,"[[977, 0, 0, 0, 0, 0, 0, 1, 2, 0], [0, 1125, 0, 2, 0, 2, 1, 1, 4, 0], [14, 16, 847, 10, 5, 1, 1, 45, 92, 1], [2, 0, 0, 984, 0, 7, 0, 9, 8, 0], [2, 3, 0, 0, 975, 0, 1, 0, 0, 1], [2, 0, 0, 4, 0, 878, 2, 1, 5, 0], [25, 4, 1, 0, 24, 9, 887, 0, 8, 0], [3, 4, 3, 5, 0, 1, 0, 1007, 2, 3], [9, 1, 0, 1, 3, 3, 1, 2, 952, 2], [11, 5, 0, 11, 26, 9, 0, 36, 4, 907]]"
83,94.78,0.16783149,0.95095506,0.948764352,0.946845877,526515134,98.26530612,98.94273128,72.28682171,95.04950495,98.67617108,99.43946188,97.70354906,96.59533074,98.04928131,93.75619425,"[[963, 0, 0, 0, 0, 4, 6, 1, 5, 1], [0, 1123, 0, 2, 0, 1, 4, 1, 4, 0], [10, 24, 746, 9, 3, 2, 6, 59, 171, 2], [1, 0, 0, 960, 0, 22, 0, 8, 13, 6], [0, 2, 0, 0, 969, 0, 9, 0, 0, 2], [1, 0, 0, 0, 0, 887, 2, 1, 1, 0], [4, 3, 1, 0, 4, 5, 936, 0, 5, 0], [3, 3, 3, 4, 0, 2, 0, 993, 2, 18], [6, 0, 0, 0, 4, 3, 2, 2, 955, 2], [7, 6, 0, 3, 22, 14, 0, 9, 2, 946]]"
84,94.83,0.179190245,0.952029709,0.948055198,0.948319024,534029622,99.3877551,99.82378855,83.04263566,99.7029703,98.57433809,93.38565022,94.05010438,90.27237354,94.96919918,94.84638256,"[[974, 1, 0, 0, 0, 0, 1, 1, 3, 0], [0, 1133, 0, 2, 0, 0, 0, 0, 0, 0], [7, 39, 857, 43, 4, 1, 1, 19, 60, 1], [0, 0, 0, 1007, 0, 0, 0, 1, 0, 2], [1, 6, 1, 0, 968, 0, 2, 0, 0, 4], [2, 0, 0, 49, 0, 833, 2, 1, 5, 0], [15, 8, 2, 0, 17, 6, 901, 0, 9, 0], [3, 9, 3, 30, 4, 0, 0, 928, 1, 50], [4, 8, 0, 25, 4, 2, 0, 0, 925, 6], [6, 10, 0, 20, 12, 1, 0, 2, 1, 957]]"
85,95.11,0.173167872,0.953170384,0.951263049,0.950874689,540041212,99.79591837,99.55947137,91.56976744,98.11881188,99.59266802,98.20627803,93.00626305,88.13229572,95.17453799,88.10703667,"[[978, 0, 0, 0, 0, 0, 0, 1, 1, 0], [0, 1130, 2, 1, 1, 0, 1, 0, 0, 0], [26, 6, 945, 7, 6, 1, 1, 3, 37, 0], [4, 0, 0, 991, 0, 6, 0, 1, 6, 2], [2, 1, 0, 0, 978, 0, 1, 0, 0, 0], [5, 1, 0, 4, 1, 876, 3, 1, 1, 0], [30, 3, 1, 0, 25, 5, 891, 0, 3, 0], [13, 7, 16, 20, 17, 1, 0, 906, 4, 44], [25, 2, 1, 2, 6, 6, 1, 1, 927, 3], [14, 8, 0, 10, 81, 3, 0, 3, 1, 889]]"
86,89.69,0.316632154,0.922802686,0.896147553,0.897582995,545551835,99.28571429,98.76651982,99.80620155,90.1980198,97.75967413,98.31838565,89.66597077,81.0311284,59.65092402,81.66501487,"[[973, 0, 6, 0, 0, 0, 0, 1, 0, 0], [0, 1121, 11, 0, 0, 1, 2, 0, 0, 0], [1, 1, 1030, 0, 0, 0, 0, 0, 0, 0], [0, 0, 86, 911, 0, 10, 0, 1, 2, 0], [2, 5, 10, 0, 960, 0, 5, 0, 0, 0], [3, 0, 6, 4, 0, 877, 1, 1, 0, 0], [56, 3, 16, 0, 3, 21, 859, 0, 0, 0], [11, 7, 157, 5, 3, 4, 0, 833, 0, 8], [39, 9, 321, 3, 3, 14, 1, 2, 581, 1], [27, 12, 18, 19, 72, 19, 0, 18, 0, 824]]"
87,93.84,0.193282091,0.942548684,0.938392097,0.937581528,551563426,99.69387755,99.47136564,90.21317829,96.43564356,99.69450102,98.99103139,81.83716075,81.51750973,95.79055441,94.74727453,"[[977, 0, 0, 0, 0, 0, 0, 1, 2, 0], [0, 1129, 2, 1, 1, 0, 0, 0, 2, 0], [20, 8, 931, 4, 11, 1, 0, 9, 42, 6], [3, 0, 0, 974, 0, 13, 0, 2, 6, 12], [1, 1, 0, 0, 979, 0, 0, 0, 0, 1], [5, 0, 0, 1, 0, 883, 1, 1, 1, 0], [45, 5, 1, 0, 95, 22, 784, 0, 6, 0], [6, 7, 12, 6, 7, 0, 0, 838, 3, 149], [16, 2, 1, 1, 8, 6, 0, 1, 933, 6], [9, 5, 0, 3, 30, 4, 0, 2, 0, 956]]"
88,93.9,0.216422438,0.944578309,0.938092943,0.938641038,556573084,98.97959184,99.55947137,99.2248062,98.81188119,96.84317719,93.04932735,87.68267223,80.54474708,89.93839836,93.45887017,"[[970, 0, 8, 0, 0, 0, 0, 1, 1, 0], [0, 1130, 3, 2, 0, 0, 0, 0, 0, 0], [1, 3, 1024, 2, 0, 0, 0, 0, 2, 0], [0, 0, 11, 998, 0, 0, 0, 1, 0, 0], [1, 14, 9, 0, 951, 0, 1, 0, 0, 6], [3, 0, 4, 51, 0, 830, 0, 0, 4, 0], [53, 11, 15, 0, 13, 18, 840, 0, 8, 0], [3, 11, 77, 40, 3, 2, 0, 828, 0, 64], [8, 10, 46, 26, 3, 1, 0, 0, 876, 4], [9, 13, 5, 26, 8, 3, 0, 2, 0, 943]]"
89,94.99,0.179850437,0.951693218,0.949893133,0.949251176,562083709,99.59183673,99.73568282,96.02713178,97.42574257,97.86150713,99.21524664,87.36951983,84.04669261,97.6386037,90.98116947,"[[976, 0, 1, 0, 0, 0, 0, 1, 2, 0], [0, 1132, 2, 1, 0, 0, 0, 0, 0, 0], [6, 6, 991, 3, 0, 0, 0, 0, 26, 0], [1, 0, 4, 984, 0, 10, 0, 1, 9, 1], [1, 11, 2, 0, 961, 0, 5, 0, 1, 1], [2, 0, 1, 1, 0, 885, 1, 1, 1, 0], [46, 6, 6, 0, 16, 39, 837, 0, 8, 0], [6, 33, 54, 19, 4, 3, 0, 864, 13, 32], [7, 4, 2, 1, 2, 7, 0, 0, 951, 0], [12, 20, 1, 14, 21, 15, 0, 3, 5, 918]]"
90,94.87,0.17269753,0.951973372,0.948723379,0.94863971,568596267,99.69387755,99.91189427,90.69767442,98.91089109,97.55600815,96.74887892,90.91858038,81.51750973,97.22792608,95.54013875,"[[977, 1, 0, 0, 0, 0, 0, 1, 1, 0], [0, 1134, 0, 1, 0, 0, 0, 0, 0, 0], [7, 32, 936, 8, 2, 0, 1, 3, 43, 0], [1, 0, 1, 999, 0, 0, 0, 1, 5, 3], [2, 11, 0, 0, 958, 0, 2, 0, 1, 8], [3, 1, 1, 16, 0, 863, 2, 1, 4, 1], [32, 8, 2, 0, 24, 10, 871, 0, 11, 0], [4, 32, 17, 27, 4, 0, 0, 838, 7, 99], [7, 9, 0, 3, 2, 2, 0, 0, 947, 4], [8, 14, 0, 11, 7, 1, 0, 1, 3, 964]]"
91,95.67,0.15746147,0.957992403,0.957081945,0.956534735,574106891,98.16326531,99.64757709,85.9496124,94.95049505,97.14867617,98.65470852,99.0605428,96.692607,97.02258727,89.79187314,"[[962, 0, 0, 0, 0, 0, 15, 1, 2, 0], [0, 1131, 0, 0, 0, 0, 4, 0, 0, 0], [8, 32, 887, 3, 2, 0, 13, 16, 71, 0], [2, 1, 1, 959, 0, 15, 0, 11, 19, 2], [0, 3, 0, 0, 954, 0, 24, 0, 0, 1], [3, 0, 0, 1, 0, 880, 4, 1, 3, 0], [3, 3, 1, 0, 1, 1, 949, 0, 0, 0], [3, 6, 12, 2, 2, 1, 0, 994, 3, 5], [6, 3, 0, 0, 2, 1, 12, 4, 945, 1], [12, 7, 0, 3, 44, 5, 1, 27, 4, 906]]"
92,96.22,0.150843716,0.963505546,0.961969154,0.962100855,579617516,99.69387755,99.64757709,97.86821705,97.82178218,97.55600815,97.08520179,96.34655532,93.28793774,94.45585216,88.2061447,"[[977, 0, 2, 0, 0, 0, 0, 1, 0, 0], [0, 1131, 2, 1, 0, 0, 1, 0, 0, 0], [7, 2, 1010, 2, 0, 0, 1, 2, 8, 0], [1, 0, 10, 988, 0, 1, 0, 6, 4, 0], [2, 8, 2, 0, 958, 0, 11, 0, 0, 1], [3, 0, 1, 13, 0, 866, 4, 1, 4, 0], [23, 3, 5, 0, 1, 1, 923, 0, 2, 0], [4, 9, 43, 6, 0, 2, 0, 959, 2, 3], [19, 5, 16, 2, 2, 1, 4, 3, 920, 2], [24, 11, 1, 16, 28, 6, 0, 30, 3, 890]]"
93,93.52,0.205648282,0.944476695,0.934801607,0.935995669,586130072,98.57142857,99.38325991,89.0503876,98.61386139,100,96.07623318,86.0125261,92.89883268,93.2238193,80.97125867,"[[966, 1, 0, 0, 10, 0, 1, 1, 1, 0], [0, 1128, 1, 1, 5, 0, 0, 0, 0, 0], [7, 33, 919, 11, 26, 0, 1, 11, 24, 0], [1, 0, 1, 996, 2, 0, 0, 5, 2, 3], [0, 0, 0, 0, 982, 0, 0, 0, 0, 0], [3, 1, 1, 19, 2, 857, 4, 1, 3, 1], [10, 5, 1, 0, 116, 1, 824, 0, 1, 0], [3, 6, 11, 10, 20, 0, 0, 955, 2, 21], [14, 11, 1, 5, 18, 3, 4, 6, 908, 4], [8, 5, 0, 8, 161, 3, 0, 7, 0, 817]]"
94,96.33,0.145580172,0.96438312,0.963031572,0.963177822,592642630,98.97959184,99.55947137,98.25581395,96.03960396,98.3706721,95.51569507,97.39039666,93.09338521,97.12525667,88.70168484,"[[970, 1, 3, 0, 0, 0, 4, 1, 1, 0], [0, 1130, 2, 0, 0, 0, 2, 0, 1, 0], [1, 3, 1014, 1, 0, 0, 1, 2, 10, 0], [0, 0, 21, 970, 0, 2, 0, 9, 8, 0], [0, 4, 2, 0, 966, 0, 7, 0, 2, 1], [2, 1, 1, 11, 0, 852, 8, 1, 16, 0], [9, 4, 5, 0, 3, 1, 933, 0, 3, 0], [3, 7, 46, 2, 3, 0, 0, 957, 4, 6], [7, 3, 7, 1, 3, 0, 4, 2, 946, 1], [8, 8, 4, 12, 46, 3, 0, 28, 5, 895]]"
95,96.52,0.140038544,0.966192821,0.965350582,0.965167519,598153255,97.34693878,99.20704846,90.60077519,98.31683168,98.98167006,98.65470852,98.32985386,98.24902724,95.27720739,90.38652131,"[[954, 1, 1, 0, 0, 1, 15, 4, 4, 0], [0, 1126, 0, 3, 0, 1, 3, 2, 0, 0], [2, 10, 935, 12, 1, 1, 4, 39, 28, 0], [0, 0, 1, 993, 0, 3, 0, 10, 3, 0], [0, 1, 0, 0, 972, 0, 6, 1, 0, 2], [1, 0, 0, 7, 0, 880, 3, 1, 0, 0], [3, 3, 1, 0, 4, 4, 942, 0, 1, 0], [2, 2, 3, 6, 0, 1, 0, 1010, 0, 4], [3, 4, 2, 6, 4, 6, 5, 11, 928, 5], [6, 5, 0, 11, 28, 8, 0, 39, 0, 912]]"
96,94.06,0.186660651,0.946192727,0.941333181,0.940019552,605667744,98.57142857,99.47136564,71.02713178,95.54455446,99.08350305,96.6367713,95.92901879,89.29961089,98.04928131,97.72051536,"[[966, 0, 0, 0, 1, 0, 3, 1, 6, 3], [0, 1129, 0, 1, 1, 0, 0, 0, 4, 0], [6, 31, 733, 9, 7, 1, 3, 49, 182, 11], [2, 0, 0, 965, 0, 6, 0, 5, 16, 16], [0, 0, 0, 0, 973, 0, 1, 0, 0, 8], [2, 0, 0, 4, 0, 862, 4, 1, 15, 4], [6, 4, 1, 0, 21, 1, 919, 0, 6, 0], [3, 5, 1, 3, 3, 0, 0, 918, 5, 90], [5, 0, 0, 1, 4, 0, 1, 2, 955, 6], [4, 5, 0, 1, 7, 0, 0, 4, 2, 986]]"
97,95.92,0.151114258,0.960249569,0.959194529,0.958712971,611679334,97.85714286,99.20704846,94.08914729,98.61386139,99.18533605,98.87892377,98.64300626,97.08171206,89.11704312,86.52130823,"[[959, 1, 2, 0, 0, 2, 13, 2, 1, 0], [0, 1126, 1, 2, 0, 1, 4, 1, 0, 0], [6, 5, 971, 10, 4, 0, 9, 23, 4, 0], [0, 0, 1, 996, 0, 4, 0, 9, 0, 0], [0, 1, 0, 0, 974, 0, 6, 0, 0, 1], [1, 0, 0, 6, 0, 882, 2, 1, 0, 0], [2, 3, 1, 0, 4, 3, 945, 0, 0, 0], [3, 3, 11, 7, 1, 1, 0, 998, 0, 4], [7, 4, 12, 23, 7, 18, 16, 13, 868, 6], [7, 5, 0, 14, 63, 11, 0, 36, 0, 873]]"
98,96.38,0.134179142,0.964593273,0.963907693,0.963720979,618692857,97.44897959,99.55947137,97.77131783,98.21782178,99.28716904,98.20627803,98.12108559,87.25680934,95.17453799,92.864222,"[[955, 2, 3, 0, 3, 0, 15, 1, 1, 0], [0, 1130, 2, 1, 0, 0, 2, 0, 0, 0], [1, 6, 1009, 2, 3, 0, 1, 2, 8, 0], [0, 0, 7, 992, 0, 2, 0, 2, 4, 3], [0, 1, 0, 0, 975, 0, 5, 0, 0, 1], [2, 0, 1, 7, 0, 876, 4, 1, 1, 0], [1, 3, 2, 0, 10, 1, 940, 0, 1, 0], [3, 8, 36, 7, 9, 0, 0, 897, 2, 66], [5, 3, 8, 4, 6, 4, 10, 2, 927, 5], [5, 7, 1, 10, 41, 3, 0, 4, 1, 937]]"
99,95.91,0.143587253,0.961438163,0.959210081,0.959538112,623702516,99.28571429,100,90.89147287,97.62376238,98.98167006,98.31838565,94.67640919,88.22957198,94.96919918,96.23389495,"[[973, 2, 0, 0, 0, 0, 1, 1, 1, 2], [0, 1135, 0, 0, 0, 0, 0, 0, 0, 0], [7, 40, 938, 5, 5, 0, 1, 12, 22, 2], [1, 0, 1, 986, 0, 4, 0, 3, 5, 10], [0, 4, 0, 0, 972, 0, 1, 0, 0, 5], [2, 1, 1, 5, 0, 877, 2, 1, 2, 1], [9, 9, 1, 0, 24, 3, 907, 0, 5, 0], [3, 22, 12, 5, 5, 0, 0, 907, 2, 72], [7, 22, 0, 3, 4, 3, 2, 2, 925, 6], [5, 10, 0, 4, 13, 3, 0, 3, 0, 971]]"
100,95.48,0.162068968,0.956232666,0.95497647,0.954102705,629213139,94.79591837,99.20704846,97.38372093,95.94059406,97.25050916,98.87892377,99.47807933,95.03891051,97.02258727,79.98017839,"[[929, 0, 3, 0, 0, 0, 43, 2, 3, 0], [0, 1126, 3, 1, 0, 1, 4, 0, 0, 0], [1, 3, 1005, 2, 0, 0, 9, 2, 10, 0], [0, 0, 11, 969, 0, 11, 0, 10, 9, 0], [0, 3, 1, 0, 955, 0, 23, 0, 0, 0], [0, 0, 1, 1, 0, 882, 6, 1, 1, 0], [0, 2, 1, 0, 1, 1, 953, 0, 0, 0], [3, 9, 27, 3, 2, 2, 0, 977, 2, 3], [2, 1, 4, 1, 2, 2, 15, 2, 945, 0], [8, 12, 2, 14, 94, 17, 2, 48, 5, 807]]"
,,,,,,600.0644102,,,,,,,,,,,
,,,,,,,,,,,,,,,,,
,,,,,,,,,,,,,,,,,
,Accuracy,,Loss,,Precision,,Recall,,F1-Score,,,,,,,,
,,,,,,,,,,,,,,,,,
,Mean,90.039,Mean,0.315375283,Mean,0.914952275,Mean,0.899698409,Mean,0.89632293,,,,,,,
,Standard Error,1.052077689,Standard Error,0.030553093,Standard Error,0.0094317,Standard Error,0.010688326,Standard Error,0.011868663,,,,,,,
,Median,93.54,Median,0.215799728,Median,0.941289258,Median,0.935167167,Median,0.935420598,,,,,,,
,Mode,91.11,Mode,#N/A,Mode,#N/A,Mode,#N/A,Mode,#N/A,,,,,,,
,Standard Deviation,10.52077689,Standard Deviation,0.305530934,Standard Deviation,0.094317003,Standard Deviation,0.106883258,Standard Deviation,0.118686631,,,,,,,
,Sample Variance,110.6867465,Sample Variance,0.093349152,Sample Variance,0.008895697,Sample Variance,0.011424031,Sample Variance,0.014086516,,,,,,,
,Kurtosis,16.57815073,Kurtosis,20.83736485,Kurtosis,33.87142113,Kurtosis,16.47183377,Kurtosis,19.03276676,,,,,,,
,Skewness,-3.729915534,Skewness,4.130716436,Skewness,-5.29349566,Skewness,-3.721940197,Skewness,-4.008037313,,,,,,,
,Range,69.98,Range,2.171561534,Range,0.751642364,Range,0.709491413,Range,0.806774004,,,,,,,
,Minimum,26.54,Minimum,0.134179142,Minimum,0.214550458,Minimum,0.25585917,Minimum,0.158393515,,,,,,,
,Maximum,96.52,Maximum,2.305740675,Maximum,0.966192821,Maximum,0.965350582,Maximum,0.965167519,,,,,,,
,Sum,9003.9,Sum,31.53752835,Sum,91.49522754,Sum,89.96984092,Sum,89.63229303,,,,,,,
,Count,100,Count,100,Count,100,Count,100,Count,100,,,,,,,
