Round,Accuracy,Loss,Precision,Recall,F1-Score,Communication_Cost,Class_0_Accuracy,Class_1_Accuracy,Class_2_Accuracy,Class_3_Accuracy,Class_4_Accuracy,Class_5_Accuracy,Class_6_Accuracy,Class_7_Accuracy,Class_8_Accuracy,Class_9_Accuracy,Class_10_Accuracy,Confusion_Matrix
1,13.572955338058275,2.3726697499803504,0.09625783664258841,0.11455921886387213,0.06748744196183712,30334584,0.0,0.0,0.0,0.0,31.1046511627907,0.0,0.0,0.0,24.10369553226696,0.0,70.80679405520169,"[[0, 0, 0, 0, 108, 0, 0, 0, 0, 0, 928], [0, 0, 0, 0, 551, 0, 0, 0, 0, 0, 233], [0, 0, 0, 0, 558, 0, 0, 0, 0, 0, 235], [0, 0, 0, 0, 388, 0, 0, 0, 0, 0, 397], [0, 0, 0, 0, 642, 0, 0, 0, 0, 0, 1422], [0, 0, 0, 0, 816, 0, 0, 0, 0, 0, 1149], [0, 0, 0, 0, 846, 0, 0, 0, 0, 0, 2439], [0, 0, 0, 0, 3, 0, 0, 0, 94, 0, 1650], [0, 0, 0, 0, 0, 0, 0, 0, 437, 0, 1376], [0, 0, 0, 0, 628, 0, 0, 0, 0, 0, 994], [0, 0, 0, 0, 550, 0, 0, 0, 0, 0, 1334]]"
2,20.390370120373497,2.252824546621858,0.07725030329952602,0.10695253413930882,0.054405896337541955,63002602,0.0,0.0,0.0,0.0,9.593023255813954,0.0,99.72602739726028,0.0,8.328736900165472,0.0,0.0,"[[0, 0, 0, 0, 304, 0, 732, 0, 0, 0, 0], [0, 0, 0, 0, 123, 0, 622, 0, 39, 0, 0], [0, 0, 0, 0, 84, 0, 657, 0, 52, 0, 0], [0, 0, 0, 0, 9, 0, 776, 0, 0, 0, 0], [0, 0, 0, 0, 198, 0, 1821, 0, 45, 0, 0], [0, 0, 0, 0, 235, 0, 1720, 0, 10, 0, 0], [0, 0, 0, 0, 9, 0, 3276, 0, 0, 0, 0], [0, 0, 0, 0, 0, 0, 1733, 0, 14, 0, 0], [0, 0, 0, 0, 0, 0, 1662, 0, 151, 0, 0], [0, 0, 0, 0, 67, 0, 1555, 0, 0, 0, 0], [0, 0, 0, 0, 176, 0, 1707, 0, 1, 0, 0]]"
3,18.47789402632467,2.174292339052228,0.01680659371018986,0.09090909090909091,0.028368610585766472,95670618,0.0,0.0,0.0,0.0,0.0,0.0,100.0,0.0,0.0,0.0,0.0,"[[0, 0, 0, 0, 0, 0, 1036, 0, 0, 0, 0], [0, 0, 0, 0, 0, 0, 784, 0, 0, 0, 0], [0, 0, 0, 0, 0, 0, 793, 0, 0, 0, 0], [0, 0, 0, 0, 0, 0, 785, 0, 0, 0, 0], [0, 0, 0, 0, 0, 0, 2055, 0, 9, 0, 0], [0, 0, 0, 0, 0, 0, 1965, 0, 0, 0, 0], [0, 0, 0, 0, 0, 0, 3285, 0, 0, 0, 0], [0, 0, 0, 0, 0, 0, 1747, 0, 0, 0, 0], [0, 0, 0, 0, 0, 0, 1813, 0, 0, 0, 0], [0, 0, 0, 0, 0, 0, 1622, 0, 0, 0, 0], [0, 0, 0, 0, 0, 0, 1884, 0, 0, 0, 0]]"
4,23.034087073911575,2.051405541116385,0.2637819015539556,0.14046984864417816,0.10082713307767466,126005206,0.4826254826254826,0.0,0.0,18.21656050955414,5.135658914728682,0.0,100.0,0.40068689181453926,30.281301709873137,0.0,0.0,"[[5, 0, 0, 0, 136, 0, 887, 0, 8, 0, 0], [19, 0, 0, 0, 358, 0, 354, 0, 53, 0, 0], [0, 0, 0, 0, 254, 0, 476, 0, 63, 0, 0], [0, 0, 0, 143, 262, 11, 369, 0, 0, 0, 0], [2, 0, 0, 0, 106, 22, 1847, 0, 87, 0, 0], [4, 0, 0, 0, 68, 0, 1841, 0, 52, 0, 0], [0, 0, 0, 0, 0, 0, 3285, 0, 0, 0, 0], [0, 0, 0, 0, 0, 77, 1282, 7, 381, 0, 0], [0, 0, 0, 0, 0, 0, 1264, 0, 549, 0, 0], [0, 0, 0, 2, 14, 0, 1606, 0, 0, 0, 0], [0, 0, 0, 0, 86, 5, 1757, 0, 36, 0, 0]]"
5,33.6089548880639,1.9951166311185138,0.1210433145641335,0.2295541115188267,0.14992210012166174,161006653,0.0,0.0,0.0,0.0,0.0,76.53944020356234,87.00152207001523,0.0,88.96856039713182,0.0,0.0,"[[0, 0, 0, 0, 0, 837, 143, 0, 56, 0, 0], [0, 0, 0, 0, 0, 705, 7, 0, 72, 0, 0], [0, 0, 0, 0, 0, 677, 33, 0, 83, 0, 0], [0, 0, 0, 0, 0, 785, 0, 0, 0, 0, 0], [0, 0, 0, 0, 0, 1813, 99, 0, 152, 0, 0], [0, 0, 0, 0, 0, 1504, 345, 0, 116, 0, 0], [0, 0, 0, 0, 0, 416, 2858, 0, 11, 0, 0], [0, 0, 0, 0, 0, 646, 3, 0, 1098, 0, 0], [0, 0, 0, 0, 0, 198, 2, 0, 1613, 0, 0], [0, 0, 0, 0, 0, 1328, 294, 0, 0, 0, 0], [0, 0, 0, 0, 0, 1474, 315, 0, 95, 0, 0]]"
6,42.395095061311736,1.848128522042748,0.2541030094109012,0.3650722773008043,0.28057370443448176,184340950,0.0,0.0,0.0,90.19108280254777,0.0,74.80916030534351,75.82952815829528,70.29192902117917,90.45780474351903,0.0,0.0,"[[0, 0, 0, 21, 0, 833, 129, 3, 50, 0, 0], [0, 0, 0, 388, 0, 303, 5, 23, 65, 0, 0], [0, 0, 0, 290, 0, 390, 29, 0, 84, 0, 0], [0, 0, 0, 708, 0, 65, 0, 12, 0, 0, 0], [0, 0, 0, 181, 0, 1619, 59, 82, 123, 0, 0], [0, 0, 0, 118, 0, 1470, 246, 24, 107, 0, 0], [0, 0, 0, 0, 0, 782, 2491, 0, 12, 0, 0], [0, 0, 0, 43, 0, 75, 3, 1228, 398, 0, 0], [0, 0, 0, 0, 0, 158, 1, 14, 1640, 0, 0], [0, 0, 0, 50, 0, 1438, 134, 0, 0, 0, 0], [0, 0, 0, 90, 0, 1461, 208, 55, 70, 0, 0]]"
7,44.27382157723029,1.68649941618494,0.30773359975295356,0.3713397947834792,0.28418345403003514,207675247,1.2548262548262548,0.0,0.0,86.49681528662421,47.189922480620154,0.0,92.1765601217656,33.42873497424156,99.11748483177054,47.16399506781751,1.645435244161359,"[[13, 0, 0, 0, 437, 0, 301, 0, 110, 134, 41], [5, 0, 0, 402, 94, 0, 13, 5, 94, 159, 12], [0, 0, 0, 417, 209, 0, 57, 0, 106, 4, 0], [0, 0, 0, 679, 26, 0, 2, 37, 0, 41, 0], [12, 0, 0, 130, 974, 0, 184, 48, 275, 428, 13], [9, 0, 0, 74, 736, 0, 619, 0, 219, 292, 16], [1, 0, 0, 1, 113, 0, 3028, 0, 124, 3, 15], [0, 0, 0, 14, 16, 0, 3, 584, 1126, 4, 0], [1, 0, 0, 1, 5, 0, 3, 0, 1797, 1, 5], [0, 0, 0, 13, 224, 0, 606, 0, 4, 765, 10], [0, 0, 0, 98, 817, 0, 511, 34, 184, 209, 31]]"
8,35.27393407582405,1.8388608857024489,0.2618168043171631,0.2969657112052822,0.19714258473993837,235676401,0.0,0.12755102040816327,0.0,76.56050955414014,84.01162790697676,0.0,67.33637747336377,98.62621637092158,0.0,0.0,0.0,"[[0, 0, 0, 4, 877, 0, 71, 84, 0, 0, 0], [0, 1, 0, 368, 317, 0, 0, 98, 0, 0, 0], [0, 0, 0, 281, 418, 0, 5, 89, 0, 0, 0], [0, 0, 0, 601, 113, 0, 0, 71, 0, 0, 0], [0, 0, 0, 32, 1734, 0, 2, 296, 0, 0, 0], [0, 0, 0, 26, 1651, 0, 96, 192, 0, 0, 0], [0, 0, 0, 0, 977, 0, 2212, 96, 0, 0, 0], [0, 0, 0, 2, 19, 0, 3, 1723, 0, 0, 0], [0, 0, 0, 0, 20, 0, 2, 1791, 0, 0, 0], [0, 0, 0, 14, 1555, 0, 49, 4, 0, 0, 0], [0, 0, 0, 46, 1560, 0, 58, 220, 0, 0, 0]]"
9,40.80886488918888,1.7394480021308651,0.31139064710552544,0.30456805861126285,0.25388223198338955,259010700,0.0,0.0,0.0,18.08917197452229,0.0,75.87786259541984,89.3455098934551,96.27933600457928,55.432984004412575,0.0,0.0,"[[0, 0, 0, 0, 0, 810, 201, 23, 2, 0, 0], [0, 0, 0, 0, 0, 709, 4, 71, 0, 0, 0], [0, 0, 0, 0, 0, 674, 57, 62, 0, 0, 0], [0, 0, 0, 142, 0, 630, 0, 13, 0, 0, 0], [0, 0, 0, 0, 0, 1798, 131, 131, 4, 0, 0], [0, 0, 0, 0, 0, 1491, 398, 68, 8, 0, 0], [0, 0, 0, 0, 0, 343, 2935, 0, 7, 0, 0], [0, 0, 0, 0, 0, 60, 5, 1682, 0, 0, 0], [0, 0, 0, 0, 0, 133, 79, 596, 1005, 0, 0], [0, 0, 0, 0, 0, 1415, 207, 0, 0, 0, 0], [0, 0, 0, 0, 0, 1464, 320, 100, 0, 0, 0]]"
10,47.20440994487569,1.590226570157696,0.39482129647527037,0.39468642071135385,0.34027543209485767,284678426,0.0,57.525510204081634,0.0,23.439490445859875,88.66279069767442,1.6793893129770994,81.06544901065449,98.05380652547224,83.72862658576943,0.0,0.0,"[[0, 3, 0, 0, 921, 0, 63, 36, 13, 0, 0], [0, 451, 0, 0, 246, 2, 0, 85, 0, 0, 0], [0, 406, 0, 0, 297, 2, 15, 63, 10, 0, 0], [0, 72, 0, 184, 474, 0, 0, 55, 0, 0, 0], [0, 6, 0, 0, 1830, 3, 11, 191, 23, 0, 0], [0, 4, 0, 0, 1576, 33, 233, 91, 28, 0, 0], [0, 0, 0, 0, 575, 21, 2663, 2, 24, 0, 0], [0, 1, 0, 0, 28, 1, 4, 1713, 0, 0, 0], [0, 0, 0, 0, 33, 0, 15, 247, 1518, 0, 0], [0, 1, 0, 0, 1543, 11, 67, 0, 0, 0, 0], [0, 28, 0, 0, 1520, 56, 131, 146, 3, 0, 0]]"
11,51.850601867476655,1.4584044373507121,0.4798578843301781,0.5005942520598184,0.4216841473263171,319679873,85.71428571428571,0.25510204081632654,69.4829760403531,71.84713375796179,27.47093023255814,18.06615776081425,89.37595129375951,98.68345735546652,84.55598455598455,0.0,5.201698513800425,"[[888, 0, 1, 0, 0, 14, 50, 49, 19, 0, 15], [116, 2, 554, 0, 0, 18, 2, 91, 1, 0, 0], [116, 0, 551, 0, 2, 0, 32, 65, 19, 0, 8], [65, 0, 54, 564, 5, 3, 0, 94, 0, 0, 0], [772, 1, 157, 51, 567, 112, 58, 224, 65, 0, 57], [555, 3, 229, 5, 42, 355, 513, 158, 59, 0, 46], [169, 0, 5, 0, 12, 3, 2936, 27, 132, 0, 1], [18, 0, 0, 0, 0, 0, 3, 1724, 2, 0, 0], [8, 0, 0, 0, 0, 0, 0, 272, 1533, 0, 0], [960, 0, 19, 9, 37, 292, 274, 2, 2, 0, 27], [804, 1, 188, 24, 127, 89, 266, 241, 46, 0, 98]]"
12,49.488131398357524,1.447871459152201,0.6005541224267398,0.45527525172630035,0.3992703623315094,345347602,30.888030888030887,4.209183673469387,65.82597730138714,60.12738853503185,80.6686046511628,0.6615776081424937,77.53424657534246,81.11047510017173,99.72421400992829,0.0,0.05307855626326964,"[[320, 4, 0, 0, 581, 2, 10, 17, 102, 0, 0], [21, 33, 503, 0, 155, 0, 0, 63, 9, 0, 0], [3, 0, 522, 0, 165, 0, 9, 32, 62, 0, 0], [0, 0, 59, 472, 174, 0, 0, 77, 3, 0, 0], [30, 8, 61, 10, 1665, 0, 19, 138, 133, 0, 0], [28, 6, 141, 2, 1149, 13, 415, 47, 164, 0, 0], [13, 0, 0, 0, 509, 0, 2547, 4, 212, 0, 0], [0, 0, 0, 0, 17, 0, 2, 1417, 311, 0, 0], [3, 0, 0, 0, 2, 0, 0, 0, 1808, 0, 0], [6, 7, 13, 8, 1476, 1, 100, 1, 10, 0, 0], [36, 18, 90, 16, 1274, 0, 124, 128, 197, 0, 1]]"
13,53.21183485206435,1.2941915035891018,0.5876875143555659,0.4793035170282574,0.42798461487994965,380349051,53.18532818532818,2.295918367346939,19.041614123581336,87.64331210191084,6.637596899224807,71.80661577608143,93.45509893455099,91.4710933028048,97.62824048538334,4.069050554870531,0.0,"[[551, 0, 0, 6, 21, 219, 135, 13, 31, 60, 0], [7, 18, 112, 142, 1, 438, 5, 58, 3, 0, 0], [44, 0, 151, 20, 1, 463, 56, 42, 16, 0, 0], [0, 0, 0, 688, 0, 71, 0, 26, 0, 0, 0], [53, 0, 0, 203, 137, 1358, 114, 133, 49, 17, 0], [75, 0, 0, 33, 12, 1411, 339, 36, 59, 0, 0], [0, 0, 0, 0, 0, 199, 3070, 0, 16, 0, 0], [0, 0, 0, 6, 0, 28, 5, 1598, 110, 0, 0], [2, 0, 0, 0, 0, 13, 17, 11, 1770, 0, 0], [14, 0, 0, 26, 16, 1266, 231, 0, 3, 66, 0], [83, 0, 0, 61, 23, 1273, 301, 78, 54, 11, 0]]"
14,60.04612442344471,1.246393738461913,0.625299520889893,0.5697119803949042,0.5586490328494914,415350498,30.115830115830118,48.97959183673469,59.14249684741488,85.60509554140128,41.957364341085274,55.92875318066157,97.80821917808218,95.53520320549514,94.5945945945946,17.016029593094945,0.0,"[[312, 0, 0, 5, 223, 171, 191, 43, 7, 84, 0], [0, 384, 87, 5, 35, 217, 7, 44, 0, 5, 0], [3, 14, 469, 0, 45, 179, 58, 15, 10, 0, 0], [0, 0, 0, 672, 17, 48, 1, 47, 0, 0, 0], [14, 7, 3, 168, 866, 603, 179, 157, 26, 41, 0], [19, 6, 8, 50, 147, 1099, 545, 58, 27, 6, 0], [0, 0, 0, 0, 5, 58, 3213, 0, 9, 0, 0], [0, 0, 0, 3, 0, 22, 5, 1669, 48, 0, 0], [2, 0, 0, 0, 0, 10, 55, 31, 1715, 0, 0], [3, 0, 0, 25, 163, 702, 450, 0, 3, 276, 0], [58, 9, 0, 53, 359, 768, 463, 141, 16, 17, 0]]"
15,61.55360557993025,1.1599059376142007,0.7036873561762271,0.5959492246177299,0.5697546619401183,450351942,63.12741312741312,49.107142857142854,57.5031525851198,88.40764331210191,43.6531007751938,65.08905852417303,95.79908675799086,93.41728677733258,95.25648097076669,4.130702836004932,0.05307855626326964,"[[654, 0, 0, 2, 58, 125, 104, 22, 8, 63, 0], [57, 385, 73, 4, 22, 233, 4, 4, 0, 2, 0], [62, 8, 456, 0, 25, 195, 40, 0, 7, 0, 0], [0, 0, 0, 694, 21, 44, 0, 26, 0, 0, 0], [138, 5, 3, 153, 901, 667, 86, 76, 22, 13, 0], [153, 2, 5, 37, 107, 1279, 340, 18, 24, 0, 0], [2, 0, 0, 0, 10, 117, 3147, 0, 9, 0, 0], [0, 0, 0, 9, 0, 30, 5, 1632, 71, 0, 0], [6, 0, 0, 0, 0, 11, 57, 12, 1727, 0, 0], [117, 0, 0, 26, 191, 884, 334, 0, 3, 67, 0], [167, 5, 0, 61, 422, 859, 266, 67, 32, 4, 1]]"
16,56.61491731353358,1.198165037113128,0.5700560403123391,0.5256257575834267,0.4877249298451414,485353386,61.67953667953668,0.0,55.359394703656996,73.88535031847134,5.862403100775194,81.5267175572519,91.23287671232877,95.19175729822553,96.24931053502482,17.20098643649815,0.0,"[[639, 0, 0, 0, 0, 209, 60, 32, 3, 93, 0], [38, 0, 343, 1, 0, 383, 1, 12, 0, 6, 0], [60, 0, 439, 0, 0, 261, 26, 0, 7, 0, 0], [0, 0, 0, 580, 0, 142, 0, 63, 0, 0, 0], [149, 0, 1, 53, 121, 1563, 21, 99, 14, 43, 0], [153, 0, 1, 0, 0, 1602, 142, 43, 21, 3, 0], [1, 0, 0, 0, 1, 273, 2997, 0, 13, 0, 0], [0, 0, 0, 0, 0, 34, 5, 1663, 45, 0, 0], [4, 0, 0, 0, 0, 29, 15, 20, 1745, 0, 0], [41, 0, 0, 11, 5, 1139, 145, 0, 2, 279, 0], [132, 0, 0, 14, 13, 1432, 148, 106, 13, 26, 0]]"
17,56.64304196197548,1.1958382531678935,0.5970669043037252,0.5314896574869905,0.4765689202199979,515687972,57.625482625482626,6.760204081632653,63.051702395964696,85.60509554140128,13.662790697674417,67.98982188295165,97.96042617960427,89.92558672009159,97.18698290126862,4.870530209617756,0.0,"[[597, 0, 0, 6, 2, 195, 128, 25, 22, 61, 0], [39, 53, 406, 6, 0, 267, 6, 6, 0, 1, 0], [47, 0, 500, 0, 1, 185, 49, 0, 11, 0, 0], [0, 0, 0, 672, 2, 62, 1, 48, 0, 0, 0], [178, 3, 11, 215, 282, 1134, 104, 83, 38, 16, 0], [124, 0, 18, 45, 4, 1336, 364, 28, 46, 0, 0], [0, 0, 0, 0, 1, 49, 3218, 0, 17, 0, 0], [0, 0, 0, 5, 0, 26, 5, 1571, 140, 0, 0], [4, 0, 0, 0, 0, 7, 40, 0, 1762, 0, 0], [79, 0, 0, 25, 24, 978, 428, 0, 9, 79, 0], [177, 0, 1, 55, 29, 1194, 294, 62, 72, 0, 0]]"
18,60.67611654854314,1.183115649244768,0.5792398083977891,0.5810354577901834,0.5475455212247852,541355699,53.0888030888031,32.78061224489796,65.69987389659521,90.95541401273886,66.47286821705426,23.71501272264631,98.96499238964992,89.92558672009159,93.49145063430778,24.044389642416768,0.0,"[[550, 0, 0, 13, 181, 20, 125, 23, 8, 116, 0], [29, 257, 275, 15, 171, 11, 6, 0, 0, 20, 0], [36, 1, 521, 0, 191, 7, 31, 0, 5, 1, 0], [0, 0, 0, 714, 42, 3, 2, 24, 0, 0, 0], [101, 22, 11, 235, 1372, 88, 100, 68, 14, 53, 0], [99, 11, 39, 161, 658, 466, 478, 21, 20, 12, 0], [3, 0, 0, 1, 18, 4, 3251, 0, 8, 0, 0], [3, 0, 0, 19, 27, 6, 5, 1571, 116, 0, 0], [5, 0, 0, 1, 1, 7, 101, 3, 1695, 0, 0], [46, 1, 0, 39, 494, 111, 536, 0, 5, 390, 0], [139, 28, 4, 120, 900, 221, 326, 58, 35, 53, 0]]"
19,58.70176622792215,1.118587070767828,0.5771522606298166,0.5672502133567549,0.4839861503098723,576357144,81.75675675675676,71.93877551020408,1.2610340479192939,92.61146496815287,55.42635658914728,12.977099236641221,95.40334855403349,96.05037206639955,94.98069498069498,19.60542540073983,1.9639065817409767,"[[847, 9, 0, 15, 76, 1, 43, 28, 2, 14, 1], [87, 564, 0, 17, 112, 0, 2, 1, 0, 1, 0], [95, 510, 10, 0, 171, 1, 6, 0, 0, 0, 0], [1, 0, 0, 727, 25, 0, 0, 32, 0, 0, 0], [375, 73, 0, 307, 1144, 22, 10, 84, 3, 32, 14], [334, 91, 15, 241, 654, 255, 276, 37, 12, 20, 30], [33, 0, 0, 1, 89, 5, 3134, 1, 22, 0, 0], [8, 0, 0, 16, 21, 0, 5, 1678, 19, 0, 0], [8, 0, 0, 2, 23, 1, 26, 31, 1722, 0, 0], [433, 14, 0, 62, 426, 50, 309, 0, 1, 318, 9], [402, 97, 0, 162, 837, 42, 143, 113, 11, 40, 37]]"
20,59.348633142085724,1.1630056417888874,0.48296856137677185,0.5646827735155058,0.49623854840011694,606691727,83.1081081081081,69.13265306122449,0.12610340479192939,86.24203821656052,72.28682170542635,29.669211195928753,93.15068493150685,95.76416714367487,91.67126309983453,0.0,0.0,"[[861, 4, 0, 0, 125, 15, 14, 16, 1, 0, 0], [73, 542, 0, 0, 164, 5, 0, 0, 0, 0, 0], [93, 506, 1, 0, 185, 3, 5, 0, 0, 0, 0], [3, 7, 0, 677, 62, 3, 0, 33, 0, 0, 0], [325, 45, 0, 57, 1492, 81, 4, 59, 0, 0, 1], [292, 41, 6, 27, 803, 583, 190, 20, 3, 0, 0], [28, 0, 0, 1, 163, 23, 3060, 0, 10, 0, 0], [3, 0, 0, 7, 47, 1, 4, 1673, 12, 0, 0], [8, 0, 0, 0, 61, 4, 50, 28, 1662, 0, 0], [271, 5, 0, 15, 907, 219, 205, 0, 0, 0, 0], [310, 55, 0, 31, 1111, 213, 104, 54, 6, 0, 0]]"
21,54.297446281921474,1.2808802937217754,0.6535704555797804,0.49920268214278335,0.4607512958924835,634692885,50.57915057915058,0.12755102040816327,55.10718789407314,78.47133757961784,0.09689922480620156,93.79134860050891,93.78995433789954,95.30623926731539,81.85328185328186,0.0,0.0,"[[524, 0, 0, 2, 0, 445, 48, 16, 1, 0, 0], [9, 1, 340, 0, 0, 434, 0, 0, 0, 0, 0], [37, 0, 437, 0, 0, 313, 6, 0, 0, 0, 0], [0, 0, 0, 616, 0, 122, 0, 47, 0, 0, 0], [30, 0, 2, 43, 2, 1940, 1, 46, 0, 0, 0], [24, 0, 0, 0, 0, 1843, 82, 16, 0, 0, 0], [0, 0, 0, 0, 0, 196, 3081, 0, 8, 0, 0], [0, 0, 0, 0, 0, 72, 5, 1665, 5, 0, 0], [0, 0, 0, 0, 0, 127, 100, 102, 1484, 0, 0], [2, 0, 0, 4, 0, 1500, 116, 0, 0, 0, 0], [43, 0, 0, 11, 0, 1693, 87, 49, 1, 0, 0]]"
22,64.45606929913376,1.0271246224212989,0.6377407414467653,0.6132756124734916,0.588334825851413,667360902,72.97297297297297,17.72959183673469,65.44766708701135,85.73248407643312,76.98643410852713,35.92875318066157,96.19482496194824,96.50829994275901,88.69277440706013,38.40937114673243,0.0,"[[756, 0, 0, 0, 132, 15, 36, 20, 1, 76, 0], [36, 139, 376, 0, 199, 12, 0, 0, 0, 22, 0], [64, 0, 519, 0, 197, 7, 4, 0, 0, 2, 0], [0, 0, 0, 673, 63, 5, 0, 44, 0, 0, 0], [144, 9, 8, 59, 1589, 113, 3, 68, 0, 71, 0], [148, 1, 49, 23, 784, 706, 190, 23, 3, 38, 0], [6, 0, 0, 1, 94, 16, 3160, 0, 8, 0, 0], [0, 0, 0, 5, 41, 1, 5, 1686, 9, 0, 0], [5, 0, 0, 1, 34, 17, 71, 77, 1608, 0, 0], [50, 0, 0, 16, 588, 130, 215, 0, 0, 623, 0], [153, 12, 18, 31, 1149, 243, 120, 76, 3, 79, 0]]"
23,61.497356283046464,1.0485719348029268,0.6812302340567397,0.6108548206746393,0.5565215118077357,700028918,85.42471042471043,39.285714285714285,77.17528373266079,88.15286624203821,25.775193798449614,20.508905852417303,98.50837138508372,95.99313108185461,96.74572531715388,0.7398273736128237,43.63057324840764,"[[885, 0, 2, 0, 1, 4, 45, 30, 1, 0, 68], [138, 308, 293, 0, 1, 0, 1, 0, 0, 0, 43], [142, 2, 612, 0, 9, 0, 14, 0, 0, 0, 14], [6, 0, 0, 692, 1, 3, 0, 56, 0, 0, 27], [511, 34, 92, 189, 532, 33, 13, 89, 6, 0, 565], [336, 17, 129, 84, 96, 403, 363, 38, 26, 0, 473], [16, 0, 0, 1, 6, 6, 3236, 0, 14, 0, 6], [1, 0, 0, 5, 0, 0, 5, 1677, 44, 0, 15], [7, 0, 0, 0, 0, 0, 29, 23, 1754, 0, 0], [152, 3, 0, 20, 10, 50, 334, 0, 1, 12, 1040], [417, 48, 28, 71, 118, 44, 196, 122, 18, 0, 822]]"
24,62.77984025199685,1.0278951282338273,0.6293575528865104,0.6217988665041886,0.570481530718208,735030362,65.25096525096525,21.556122448979593,77.93190416141236,83.69426751592357,48.01356589147287,14.30025445292621,84.779299847793,95.99313108185461,97.0215113072256,95.43773119605426,0.0,"[[676, 0, 6, 0, 41, 0, 6, 26, 1, 280, 0], [52, 169, 383, 0, 45, 0, 0, 8, 0, 127, 0], [87, 1, 618, 0, 65, 0, 2, 0, 0, 20, 0], [0, 0, 0, 657, 19, 0, 0, 53, 0, 56, 0], [105, 23, 82, 93, 991, 6, 0, 69, 7, 688, 0], [145, 15, 152, 13, 302, 281, 56, 30, 25, 946, 0], [14, 0, 0, 1, 82, 9, 2785, 0, 48, 346, 0], [0, 0, 0, 3, 13, 0, 5, 1677, 43, 6, 0], [5, 0, 0, 1, 0, 1, 4, 43, 1759, 0, 0], [11, 0, 0, 9, 30, 0, 23, 0, 1, 1548, 0], [140, 36, 31, 34, 447, 19, 64, 101, 28, 984, 0]]"
25,69.8560017999775,0.9852699322773398,0.6579287057359338,0.6865661775613588,0.6635470872496128,767698377,67.66409266409266,67.98469387755102,61.79066834804539,87.89808917197452,49.127906976744185,67.3791348600509,98.35616438356163,92.90211791642817,96.02868174296746,66.09124537607892,0.0,"[[701, 0, 0, 0, 17, 92, 55, 16, 2, 153, 0], [51, 533, 17, 0, 51, 89, 0, 0, 0, 43, 0], [83, 49, 490, 0, 54, 104, 10, 0, 0, 3, 0], [0, 0, 0, 690, 15, 28, 0, 43, 0, 9, 0], [158, 13, 10, 140, 1014, 504, 2, 66, 5, 152, 0], [141, 9, 35, 38, 110, 1324, 174, 22, 12, 100, 0], [0, 0, 0, 0, 14, 29, 3231, 0, 8, 3, 0], [0, 0, 0, 10, 0, 26, 5, 1623, 83, 0, 0], [5, 0, 0, 0, 0, 8, 46, 13, 1741, 0, 0], [26, 0, 0, 16, 66, 265, 174, 0, 3, 1072, 0], [167, 21, 0, 50, 368, 756, 139, 56, 21, 306, 0]]"
26,60.647991900101246,1.0208062881188427,0.7240651206354426,0.5779233216012233,0.5322239408679228,798032962,52.41312741312741,83.16326530612244,7.944514501891551,86.24203821656052,22.916666666666664,5.750636132315521,98.84322678843228,96.39381797366914,96.41478212906785,11.960542540073984,73.67303609341825,"[[543, 18, 0, 2, 1, 0, 72, 16, 2, 2, 380], [12, 652, 0, 4, 2, 1, 0, 0, 0, 0, 113], [65, 546, 63, 0, 8, 0, 10, 0, 0, 0, 101], [0, 14, 0, 677, 1, 0, 2, 31, 0, 0, 60], [40, 131, 3, 170, 473, 0, 10, 39, 2, 0, 1196], [41, 84, 46, 84, 72, 113, 392, 33, 20, 0, 1080], [0, 0, 0, 1, 2, 1, 3247, 0, 18, 0, 16], [0, 0, 0, 7, 0, 0, 5, 1684, 23, 0, 28], [5, 0, 0, 1, 0, 0, 31, 26, 1748, 0, 2], [1, 4, 0, 12, 9, 2, 347, 0, 0, 194, 1053], [40, 91, 0, 71, 38, 0, 175, 67, 14, 0, 1388]]"
27,59.37675779052762,1.042871845497502,0.6102160008150886,0.5593056235784489,0.5013932661068312,826034118,52.99227799227799,81.12244897959184,1.5132408575031526,86.62420382165605,64.24418604651163,1.0178117048346056,97.10806697108066,96.16485403548941,98.62107004964147,0.0,35.828025477707,"[[549, 22, 0, 0, 116, 0, 39, 12, 2, 0, 296], [11, 636, 0, 0, 84, 0, 0, 0, 0, 0, 53], [46, 556, 12, 0, 159, 0, 5, 0, 0, 0, 15], [0, 31, 0, 680, 34, 0, 0, 27, 0, 0, 13], [39, 117, 0, 87, 1326, 0, 2, 33, 3, 0, 457], [45, 82, 8, 103, 817, 20, 248, 23, 19, 0, 600], [0, 0, 0, 1, 32, 0, 3190, 0, 44, 0, 18], [0, 0, 0, 9, 11, 0, 5, 1680, 26, 0, 16], [5, 0, 0, 1, 0, 0, 5, 9, 1788, 0, 5], [4, 11, 0, 19, 224, 0, 224, 0, 1, 0, 1139], [53, 87, 0, 56, 846, 0, 90, 55, 22, 0, 675]]"
28,62.23984700191247,0.9826784846808413,0.6588315809698415,0.6122567648702996,0.5969500567800515,856368705,55.6949806949807,69.26020408163265,69.23076923076923,83.18471337579618,79.55426356589147,9.872773536895673,94.73363774733637,93.07384087006297,99.50358521787092,0.0,19.373673036093418,"[[577, 7, 0, 0, 194, 0, 19, 8, 3, 0, 228], [11, 543, 23, 0, 169, 0, 0, 0, 0, 0, 38], [42, 11, 549, 0, 181, 1, 4, 0, 0, 0, 5], [0, 4, 0, 653, 80, 0, 0, 34, 0, 0, 14], [54, 16, 3, 38, 1642, 7, 1, 21, 6, 0, 276], [54, 16, 48, 38, 1034, 194, 194, 16, 38, 0, 333], [1, 0, 0, 1, 75, 1, 3112, 0, 89, 0, 6], [0, 0, 0, 9, 18, 0, 5, 1626, 79, 0, 10], [5, 0, 0, 0, 0, 0, 4, 0, 1804, 0, 0], [6, 2, 0, 13, 517, 22, 194, 0, 4, 0, 864], [86, 58, 0, 18, 1201, 6, 64, 35, 51, 0, 365]]"
29,62.965462931713354,0.9694822414530267,0.686449057622222,0.6109335374598919,0.5603102789136779,884369862,83.01158301158301,11.607142857142858,85.11979823455233,84.20382165605096,28.391472868217054,29.720101781170484,98.02130898021308,98.5117344018317,97.13182570325426,9.864364981504316,46.44373673036093,"[[860, 0, 16, 0, 0, 7, 20, 32, 1, 7, 93], [91, 91, 558, 0, 0, 2, 0, 2, 0, 0, 40], [103, 0, 675, 0, 1, 1, 7, 0, 0, 0, 6], [6, 0, 2, 661, 4, 10, 0, 75, 0, 0, 27], [400, 7, 240, 79, 586, 74, 5, 91, 0, 0, 582], [292, 1, 244, 34, 74, 584, 245, 30, 15, 0, 446], [8, 0, 5, 0, 3, 8, 3220, 0, 33, 0, 8], [0, 0, 0, 2, 0, 0, 5, 1721, 2, 0, 17], [5, 0, 0, 0, 0, 0, 10, 35, 1761, 0, 2], [97, 0, 37, 14, 2, 127, 303, 0, 4, 160, 878], [353, 19, 122, 28, 99, 137, 122, 112, 17, 0, 875]]"
30,57.44740690741366,1.147427493934151,0.7081424587302102,0.5555607797682801,0.5283140773720718,914704449,60.231660231660236,24.617346938775512,66.9609079445145,80.50955414012739,4.602713178294573,95.7760814249364,86.60578386605783,97.82484258729251,92.93987865416436,1.0480887792848335,0.0,"[[624, 0, 0, 0, 0, 361, 3, 33, 1, 14, 0], [15, 193, 265, 0, 0, 311, 0, 0, 0, 0, 0], [43, 0, 531, 0, 0, 216, 3, 0, 0, 0, 0], [0, 0, 0, 632, 0, 79, 0, 74, 0, 0, 0], [39, 3, 51, 35, 95, 1774, 0, 67, 0, 0, 0], [44, 0, 2, 0, 0, 1882, 16, 21, 0, 0, 0], [0, 0, 0, 0, 0, 429, 2845, 0, 11, 0, 0], [0, 0, 0, 0, 0, 33, 5, 1709, 0, 0, 0], [0, 0, 0, 0, 0, 53, 15, 60, 1685, 0, 0], [3, 0, 0, 8, 2, 1564, 28, 0, 0, 17, 0], [82, 0, 0, 11, 3, 1697, 16, 74, 1, 0, 0]]"
31,62.90921363482956,1.0110643711343086,0.6686976706585193,0.6173742261763175,0.5588719033492291,938038745,84.94208494208493,86.4795918367347,7.187894073139975,87.00636942675159,17.781007751937985,34.65648854961832,92.93759512937595,98.74069834001145,91.39547710976282,25.27743526510481,52.70700636942676,"[[880, 46, 0, 0, 0, 3, 1, 29, 1, 8, 68], [83, 678, 0, 0, 0, 2, 0, 0, 0, 0, 21], [149, 564, 57, 0, 4, 1, 4, 0, 0, 0, 14], [5, 2, 0, 683, 0, 3, 0, 71, 0, 0, 21], [498, 240, 11, 230, 367, 53, 0, 93, 0, 0, 572], [325, 153, 30, 101, 40, 681, 68, 44, 1, 0, 522], [38, 0, 0, 1, 9, 56, 3053, 1, 59, 4, 64], [0, 0, 0, 3, 0, 0, 5, 1725, 0, 0, 14], [5, 0, 0, 1, 0, 6, 5, 138, 1657, 0, 1], [159, 31, 0, 18, 15, 86, 93, 0, 0, 410, 810], [400, 139, 0, 68, 28, 96, 40, 109, 9, 2, 993]]"
32,61.82360220497244,1.0142339666327127,0.7522503754002209,0.6108459196592789,0.6030345068036972,966039902,61.67953667953668,66.45408163265306,68.09583858764186,76.05095541401275,19.186046511627907,94.35114503816794,90.80669710806697,98.22552947910704,89.1891891891892,7.891491985203452,0.0,"[[639, 28, 0, 0, 0, 339, 2, 28, 0, 0, 0], [22, 521, 44, 0, 0, 197, 0, 0, 0, 0, 0], [45, 25, 540, 0, 0, 181, 2, 0, 0, 0, 0], [0, 0, 0, 597, 1, 111, 0, 76, 0, 0, 0], [87, 9, 52, 8, 396, 1448, 0, 61, 0, 3, 0], [52, 7, 0, 0, 0, 1854, 31, 21, 0, 0, 0], [0, 0, 0, 0, 3, 290, 2983, 0, 9, 0, 0], [0, 0, 0, 0, 0, 26, 5, 1716, 0, 0, 0], [0, 0, 0, 0, 0, 54, 24, 118, 1617, 0, 0], [8, 0, 0, 2, 16, 1417, 51, 0, 0, 128, 0], [96, 2, 0, 1, 20, 1681, 26, 55, 1, 2, 0]]"
33,70.12037349533131,0.8968570372290748,0.676530431112084,0.705183148129377,0.6698614808084566,996374487,75.2895752895753,77.67857142857143,87.89407313997478,80.89171974522293,58.76937984496124,56.1323155216285,97.74733637747336,99.42759015455066,93.43629343629344,47.903822441430336,0.5307855626326964,"[[780, 54, 31, 0, 47, 57, 7, 44, 1, 14, 1], [41, 609, 82, 0, 34, 9, 0, 0, 0, 9, 0], [57, 6, 697, 0, 19, 6, 7, 0, 0, 1, 0], [0, 0, 0, 635, 36, 33, 1, 79, 0, 1, 0], [177, 80, 81, 27, 1213, 278, 4, 138, 0, 46, 20], [174, 22, 115, 6, 260, 1103, 187, 60, 2, 33, 3], [2, 0, 0, 0, 20, 28, 3211, 0, 24, 0, 0], [0, 0, 0, 1, 2, 2, 5, 1737, 0, 0, 0], [3, 0, 0, 0, 0, 8, 16, 92, 1694, 0, 0], [66, 13, 1, 11, 197, 350, 200, 0, 4, 777, 3], [166, 30, 29, 9, 710, 522, 117, 159, 11, 121, 10]]"
34,59.87737653279334,1.0334744977650883,0.8643161938047202,0.5730572856669561,0.5569694141438238,1019708785,46.33204633204633,70.28061224489795,36.82219419924338,80.76433121019109,11.821705426356589,96.94656488549617,94.67275494672755,98.28277046365197,94.26365140650856,0.12330456226880394,0.05307855626326964,"[[480, 39, 0, 0, 0, 489, 4, 23, 1, 0, 0], [0, 551, 0, 0, 0, 233, 0, 0, 0, 0, 0], [6, 209, 292, 0, 0, 282, 4, 0, 0, 0, 0], [0, 0, 0, 634, 0, 77, 0, 74, 0, 0, 0], [15, 19, 1, 42, 244, 1693, 1, 49, 0, 0, 0], [5, 5, 0, 0, 0, 1905, 30, 20, 0, 0, 0], [0, 0, 0, 0, 1, 166, 3110, 0, 8, 0, 0], [0, 0, 0, 0, 0, 23, 5, 1717, 2, 0, 0], [0, 0, 0, 0, 0, 30, 45, 29, 1709, 0, 0], [2, 0, 0, 5, 9, 1524, 80, 0, 0, 2, 0], [2, 3, 0, 7, 4, 1769, 47, 47, 4, 0, 1]]"
35,69.65912926088424,0.8647048435301232,0.6711211140352658,0.6887900391949854,0.6475921812416471,1045376509,87.16216216216216,72.44897959183673,50.945775535939475,87.77070063694268,49.7093023255814,58.11704834605598,98.69101978691019,97.59587864911276,97.573083287369,57.33662145499383,0.3184713375796179,"[[903, 2, 1, 0, 10, 44, 32, 25, 1, 18, 0], [122, 568, 49, 0, 11, 17, 2, 0, 0, 15, 0], [122, 190, 404, 0, 20, 43, 13, 0, 0, 1, 0], [1, 0, 0, 689, 19, 8, 0, 63, 0, 5, 0], [298, 30, 55, 130, 1026, 304, 9, 87, 2, 119, 4], [273, 27, 23, 61, 147, 1142, 169, 27, 15, 80, 1], [5, 0, 0, 0, 9, 12, 3242, 0, 13, 4, 0], [0, 0, 0, 6, 1, 6, 5, 1705, 22, 0, 2], [5, 0, 0, 1, 0, 1, 31, 6, 1769, 0, 0], [135, 0, 0, 20, 93, 175, 266, 0, 3, 930, 0], [263, 23, 0, 65, 523, 512, 134, 95, 26, 237, 6]]"
36,69.68725390932613,0.8955104561696807,0.7403218241352977,0.6842301457533698,0.6840460719525854,1078044523,71.91119691119691,62.244897959183675,67.46532156368222,81.91082802547771,34.30232558139535,90.38167938931298,96.25570776255708,97.71036061820263,96.52509652509652,53.94574599260172,0.0,"[[745, 3, 0, 0, 1, 223, 6, 24, 1, 33, 0], [24, 488, 15, 0, 0, 247, 0, 0, 0, 10, 0], [64, 5, 535, 0, 0, 182, 6, 0, 0, 1, 0], [0, 0, 0, 643, 11, 55, 0, 72, 0, 4, 0], [80, 5, 6, 19, 708, 1100, 2, 68, 0, 76, 0], [73, 4, 0, 0, 12, 1776, 38, 22, 1, 39, 0], [0, 0, 0, 0, 9, 98, 3162, 0, 9, 7, 0], [0, 0, 0, 3, 0, 19, 5, 1707, 13, 0, 0], [0, 0, 0, 0, 0, 15, 31, 17, 1750, 0, 0], [12, 0, 0, 6, 27, 631, 68, 0, 3, 875, 0], [117, 1, 0, 6, 163, 1336, 58, 65, 7, 131, 0]]"
37,71.68972887838902,0.8085309778936476,0.7175113391355437,0.7106331034302278,0.6855030161025997,1113045972,85.32818532818533,45.535714285714285,83.7326607818411,84.3312101910828,54.748062015503876,26.463104325699742,97.4124809741248,98.68345735546652,98.12465526751241,75.27743526510481,32.05944798301486,"[[884, 4, 8, 0, 26, 2, 10, 25, 1, 42, 34], [78, 357, 294, 0, 23, 4, 0, 0, 0, 23, 5], [100, 1, 664, 0, 14, 1, 6, 0, 0, 4, 3], [0, 0, 0, 662, 24, 0, 1, 75, 0, 7, 16], [210, 20, 90, 49, 1130, 25, 3, 81, 0, 126, 330], [234, 7, 161, 25, 277, 520, 162, 27, 16, 192, 344], [5, 0, 0, 0, 20, 4, 3200, 0, 36, 13, 7], [0, 0, 0, 3, 0, 0, 5, 1724, 3, 0, 12], [5, 0, 0, 0, 0, 0, 11, 18, 1779, 0, 0], [58, 0, 0, 10, 87, 10, 82, 0, 4, 1221, 150], [209, 19, 27, 21, 484, 51, 94, 100, 17, 258, 604]]"
38,72.64034199572505,0.7812018640500178,0.713715727804069,0.7182699755118646,0.6868463241973474,1148047419,81.56370656370656,51.14795918367348,83.10214375788146,85.98726114649682,64.29263565891473,52.16284987277354,97.99086757990868,98.62621637092158,97.84886927744071,73.18125770653513,4.193205944798302,"[[845, 2, 16, 0, 56, 29, 14, 31, 1, 35, 7], [55, 401, 237, 0, 50, 19, 0, 0, 0, 22, 0], [83, 0, 659, 0, 33, 8, 7, 0, 0, 2, 1], [0, 0, 0, 675, 25, 6, 0, 72, 0, 6, 1], [163, 12, 68, 62, 1327, 158, 3, 82, 2, 150, 37], [175, 6, 85, 36, 334, 1025, 96, 23, 13, 150, 22], [4, 0, 0, 0, 17, 9, 3219, 0, 23, 12, 1], [0, 0, 0, 3, 6, 0, 5, 1723, 7, 0, 3], [4, 0, 0, 1, 0, 0, 19, 15, 1774, 0, 0], [52, 0, 0, 12, 150, 103, 104, 0, 6, 1187, 8], [166, 14, 16, 27, 798, 313, 103, 90, 18, 260, 79]]"
39,71.50410619867252,0.7840135876330541,0.7337427882778389,0.7215609898123927,0.6888128183533139,1180715435,77.7992277992278,73.21428571428571,82.21941992433796,85.60509554140128,70.63953488372093,21.47582697201018,95.55555555555556,97.30967372638808,98.7865416436845,83.41553637484587,7.6963906581740975,"[[806, 5, 11, 0, 104, 2, 9, 10, 1, 81, 7], [43, 574, 73, 0, 66, 1, 0, 0, 0, 27, 0], [70, 4, 652, 0, 54, 2, 4, 0, 0, 6, 1], [0, 0, 0, 672, 27, 0, 0, 72, 0, 11, 3], [110, 22, 64, 51, 1458, 17, 1, 51, 2, 212, 76], [153, 16, 113, 48, 681, 422, 91, 19, 13, 334, 75], [2, 0, 0, 0, 48, 3, 3139, 0, 48, 43, 2], [0, 0, 0, 3, 11, 0, 5, 1700, 21, 0, 7], [5, 0, 0, 1, 0, 0, 8, 8, 1791, 0, 0], [28, 0, 0, 11, 169, 5, 39, 0, 4, 1353, 13], [146, 14, 5, 23, 988, 29, 72, 54, 25, 383, 145]]"
40,64.52356845539431,0.9279197429259904,0.8213484314618306,0.6220987011806489,0.6143092522482514,1211050021,69.3050193050193,28.95408163265306,75.15762925598992,78.21656050955414,20.881782945736436,95.36895674300254,94.61187214611873,97.88208357183743,95.36679536679536,28.298397040690503,0.2653927813163482,"[[718, 4, 1, 0, 0, 294, 5, 6, 1, 7, 0], [18, 227, 281, 0, 0, 258, 0, 0, 0, 0, 0], [42, 0, 596, 0, 0, 151, 4, 0, 0, 0, 0], [0, 0, 0, 614, 5, 90, 0, 76, 0, 0, 0], [68, 4, 60, 7, 431, 1450, 1, 29, 0, 13, 1], [53, 2, 4, 0, 1, 1874, 16, 15, 0, 0, 0], [0, 0, 0, 0, 3, 166, 3108, 0, 8, 0, 0], [0, 0, 0, 0, 0, 29, 5, 1710, 3, 0, 0], [0, 0, 0, 0, 0, 29, 38, 17, 1729, 0, 0], [7, 0, 0, 1, 15, 1081, 59, 0, 0, 459, 0], [106, 0, 0, 0, 36, 1641, 43, 32, 4, 17, 5]]"
41,72.1228484643942,0.7842147858451596,0.6960862752372674,0.7076405655103342,0.6826490335821956,1241384607,76.15830115830116,89.28571428571429,35.30895334174023,85.22292993630573,60.85271317829457,47.8880407124682,96.40791476407915,98.85518030910131,97.95918367346938,71.5166461159063,18.949044585987263,"[[789, 78, 22, 0, 47, 16, 6, 15, 1, 32, 30], [38, 700, 0, 0, 31, 2, 0, 0, 0, 13, 0], [60, 402, 280, 0, 36, 6, 4, 0, 0, 4, 1], [0, 0, 0, 669, 21, 5, 0, 75, 0, 3, 12], [154, 166, 12, 42, 1256, 123, 1, 54, 0, 81, 175], [166, 68, 69, 20, 336, 941, 57, 23, 14, 127, 144], [2, 0, 1, 0, 42, 8, 3167, 0, 41, 16, 8], [0, 0, 0, 2, 0, 0, 5, 1727, 2, 0, 11], [5, 0, 0, 0, 0, 0, 8, 22, 1776, 0, 2], [41, 14, 0, 9, 143, 112, 54, 0, 2, 1160, 87], [154, 59, 14, 18, 692, 223, 77, 68, 16, 206, 357]]"
42,53.75182810214872,1.231054961681366,0.8019874011746677,0.5067456454401007,0.49899933895785475,1269385761,42.374517374517374,15.943877551020408,61.53846153846154,66.2420382165605,0.7267441860465116,99.6437659033079,79.08675799086758,96.73726388093876,94.26365140650856,0.8631319358816275,0.0,"[[439, 0, 0, 0, 0, 597, 0, 0, 0, 0, 0], [0, 125, 211, 0, 0, 448, 0, 0, 0, 0, 0], [0, 0, 488, 0, 0, 305, 0, 0, 0, 0, 0], [0, 0, 0, 520, 0, 224, 0, 41, 0, 0, 0], [3, 0, 0, 0, 15, 2044, 0, 2, 0, 0, 0], [0, 0, 0, 0, 0, 1958, 0, 7, 0, 0, 0], [0, 0, 0, 0, 0, 678, 2598, 0, 9, 0, 0], [0, 0, 0, 0, 0, 51, 4, 1690, 2, 0, 0], [0, 0, 0, 0, 0, 71, 20, 13, 1709, 0, 0], [0, 0, 0, 0, 0, 1595, 13, 0, 0, 14, 0], [0, 0, 0, 0, 0, 1857, 14, 12, 1, 0, 0]]"
43,64.42794465069187,0.9179496483729898,0.8338665599885907,0.6327582883334073,0.6327084564202339,1297386919,63.61003861003861,60.076530612244895,70.23959646910467,81.78343949044586,5.57170542635659,94.80916030534351,98.53881278538813,98.39725243274185,93.71207942636514,22.872996300863132,6.4225053078556265,"[[659, 4, 0, 0, 0, 352, 10, 4, 0, 7, 0], [13, 471, 42, 0, 0, 258, 0, 0, 0, 0, 0], [33, 2, 557, 0, 0, 196, 5, 0, 0, 0, 0], [0, 0, 0, 642, 0, 56, 0, 74, 0, 2, 11], [39, 3, 18, 25, 115, 1801, 1, 20, 0, 4, 38], [25, 1, 0, 0, 0, 1863, 49, 16, 0, 0, 11], [0, 0, 0, 0, 0, 40, 3237, 0, 8, 0, 0], [0, 0, 0, 2, 0, 11, 5, 1719, 3, 0, 7], [0, 0, 0, 0, 0, 16, 78, 20, 1699, 0, 0], [4, 0, 0, 3, 0, 1018, 197, 0, 0, 371, 29], [65, 0, 0, 0, 0, 1586, 75, 21, 5, 11, 121]]"
44,63.409832377095285,0.9175248451048522,0.8519517541024272,0.6170676355519042,0.6191503053236568,1325388078,46.13899613899614,64.28571428571429,65.19546027742749,84.3312101910828,8.817829457364342,96.89567430025446,98.53881278538813,97.4813966800229,93.65692222835081,20.406905055487055,3.0254777070063694,"[[478, 29, 0, 0, 0, 509, 11, 2, 1, 6, 0], [0, 504, 28, 0, 0, 252, 0, 0, 0, 0, 0], [2, 39, 517, 0, 0, 231, 4, 0, 0, 0, 0], [0, 0, 0, 662, 0, 50, 0, 71, 0, 0, 2], [4, 4, 17, 36, 182, 1793, 1, 15, 0, 2, 10], [0, 3, 0, 1, 0, 1904, 38, 15, 0, 0, 4], [0, 0, 0, 0, 0, 40, 3237, 0, 8, 0, 0], [0, 0, 0, 5, 0, 12, 5, 1703, 17, 0, 5], [0, 0, 0, 0, 0, 13, 93, 9, 1698, 0, 0], [0, 0, 0, 5, 4, 1110, 166, 0, 1, 331, 5], [0, 0, 0, 9, 0, 1707, 77, 21, 6, 7, 57]]"
45,71.5322308471144,0.7792729449679525,0.7504567622111114,0.7082806125681986,0.6944594509390243,1358056094,72.1042471042471,51.14795918367348,92.6860025220681,85.73248407643312,53.39147286821705,27.480916030534353,97.13850837138509,98.39725243274185,98.84169884169884,41.30702836004932,60.88110403397028,"[[747, 36, 60, 0, 36, 8, 13, 20, 1, 13, 102], [33, 401, 288, 0, 30, 3, 0, 0, 0, 0, 29], [33, 1, 735, 0, 9, 3, 5, 0, 0, 0, 7], [0, 0, 1, 673, 6, 0, 1, 75, 0, 0, 29], [86, 18, 111, 63, 1102, 25, 0, 44, 2, 1, 612], [102, 2, 207, 37, 236, 540, 88, 22, 28, 13, 690], [0, 0, 2, 0, 9, 2, 3191, 0, 62, 5, 14], [0, 0, 0, 3, 0, 0, 5, 1719, 9, 0, 11], [2, 0, 1, 0, 0, 0, 7, 11, 1792, 0, 0], [12, 1, 15, 9, 55, 67, 164, 0, 6, 670, 623], [117, 12, 32, 33, 360, 14, 65, 68, 25, 11, 1147]]"
46,74.361570480369,0.7528209562460295,0.7343585350206101,0.7393521811592755,0.7145441175224089,1393057539,63.61003861003861,70.28061224489795,92.05548549810845,85.47770700636943,63.08139534883721,66.7175572519084,98.08219178082192,98.91242129364625,98.06949806949807,69.72872996300863,7.2717622080679405,"[[659, 49, 55, 0, 57, 121, 17, 26, 1, 39, 12], [17, 551, 125, 0, 27, 49, 0, 0, 0, 15, 0], [32, 1, 730, 0, 11, 9, 7, 0, 0, 3, 0], [0, 0, 1, 671, 15, 8, 0, 75, 0, 12, 3], [60, 28, 92, 48, 1302, 288, 2, 69, 1, 124, 50], [41, 4, 143, 13, 195, 1311, 64, 24, 14, 130, 26], [0, 0, 2, 0, 11, 7, 3222, 0, 30, 12, 1], [0, 0, 0, 3, 0, 0, 5, 1728, 4, 0, 7], [0, 0, 0, 0, 0, 4, 20, 11, 1778, 0, 0], [7, 1, 4, 10, 109, 237, 110, 0, 4, 1131, 9], [85, 13, 25, 29, 662, 450, 114, 84, 14, 271, 137]]"
47,67.8816514793565,0.9142184251075168,0.7597278301507256,0.6727704601651507,0.6817008174039921,1416391838,50.48262548262549,62.37244897959183,75.5359394703657,82.80254777070064,33.52713178294574,95.72519083969465,85.14459665144597,98.1682884945621,97.90402647545504,58.38471023427867,0.0,"[[523, 3, 22, 0, 4, 444, 0, 3, 1, 36, 0], [0, 489, 46, 0, 0, 239, 0, 0, 0, 10, 0], [17, 4, 599, 0, 0, 170, 0, 0, 0, 3, 0], [0, 0, 0, 650, 17, 43, 0, 69, 0, 6, 0], [10, 4, 23, 10, 692, 1249, 0, 11, 0, 65, 0], [0, 3, 2, 0, 15, 1881, 3, 8, 0, 53, 0], [0, 0, 0, 0, 13, 357, 2797, 0, 47, 71, 0], [0, 0, 0, 2, 0, 16, 5, 1715, 8, 1, 0], [0, 0, 0, 0, 0, 11, 12, 15, 1775, 0, 0], [0, 0, 0, 1, 29, 628, 16, 0, 1, 947, 0], [2, 0, 0, 2, 175, 1488, 27, 31, 11, 148, 0]]"
48,71.96535043311958,0.8509169890404605,0.7305269137109925,0.7113547955816966,0.7038870838596627,1446726423,81.85328185328186,58.16326530612245,71.50063051702395,84.07643312101911,52.13178294573644,85.24173027989822,92.1765601217656,97.76760160274756,98.2349696635411,61.34401972872996,0.0,"[[848, 0, 0, 0, 9, 151, 2, 1, 0, 25, 0], [38, 456, 40, 0, 4, 236, 0, 0, 0, 10, 0], [63, 0, 567, 0, 8, 150, 1, 0, 0, 4, 0], [0, 0, 0, 660, 33, 26, 0, 62, 0, 4, 0], [106, 4, 3, 13, 1076, 769, 0, 11, 0, 82, 0], [113, 2, 2, 1, 92, 1675, 10, 8, 0, 62, 0], [2, 0, 0, 0, 38, 152, 3028, 0, 33, 32, 0], [0, 0, 0, 4, 0, 14, 5, 1708, 15, 1, 0], [1, 0, 0, 0, 0, 8, 14, 9, 1781, 0, 0], [31, 0, 0, 1, 86, 490, 18, 0, 1, 995, 0], [141, 0, 0, 5, 546, 949, 39, 26, 12, 166, 0]]"
49,73.24783440206997,0.7760400767806622,0.7616249880020404,0.7307678495502672,0.7055521664167347,1477061010,74.42084942084942,67.47448979591837,82.84993694829761,85.85987261146497,40.26162790697674,79.08396946564885,98.08219178082192,98.62621637092158,97.13182570325426,79.46979038224414,0.583864118895966,"[[771, 0, 25, 0, 2, 147, 12, 7, 1, 71, 0], [30, 529, 69, 0, 0, 136, 0, 0, 0, 20, 0], [44, 0, 657, 0, 0, 82, 5, 0, 0, 5, 0], [0, 0, 0, 674, 8, 11, 0, 72, 0, 20, 0], [92, 10, 64, 49, 831, 749, 5, 38, 1, 219, 6], [76, 10, 21, 6, 35, 1554, 46, 16, 6, 194, 1], [0, 0, 2, 0, 5, 9, 3222, 0, 20, 27, 0], [0, 0, 0, 3, 0, 5, 5, 1723, 8, 2, 1], [1, 0, 0, 0, 0, 3, 37, 11, 1761, 0, 0], [14, 0, 0, 3, 19, 235, 59, 0, 3, 1289, 0], [130, 0, 4, 26, 204, 834, 116, 59, 9, 491, 11]]"
50,64.32669591630105,0.9241116184660857,0.8565835132335035,0.6382118460385429,0.6413061635742261,1505062168,64.57528957528957,54.59183673469388,74.40100882723833,82.54777070063695,7.848837209302325,98.06615776081425,90.74581430745813,98.56897538637665,95.8080529509101,32.49075215782984,2.388535031847134,"[[669, 0, 22, 0, 0, 336, 2, 0, 0, 7, 0], [6, 428, 84, 0, 0, 266, 0, 0, 0, 0, 0], [32, 0, 590, 0, 0, 171, 0, 0, 0, 0, 0], [0, 0, 0, 648, 1, 59, 0, 73, 0, 1, 3], [30, 4, 14, 11, 162, 1818, 0, 8, 0, 10, 7], [19, 2, 1, 0, 0, 1927, 5, 7, 0, 0, 4], [0, 0, 0, 0, 0, 286, 2981, 0, 17, 1, 0], [0, 0, 0, 2, 0, 15, 5, 1722, 1, 0, 2], [0, 0, 0, 0, 0, 23, 31, 22, 1737, 0, 0], [2, 0, 0, 0, 0, 1070, 22, 0, 0, 527, 1], [40, 0, 0, 0, 2, 1735, 27, 19, 2, 14, 45]]"
51,74.04657441781978,0.7292294541923262,0.7429149582462096,0.7238807895258405,0.7117967836958431,1533063326,72.97297297297297,83.41836734693877,49.68474148802018,86.36942675159236,59.399224806201545,76.59033078880407,98.38660578386606,97.4813966800229,98.67622724765582,58.69297163995068,14.59660297239915,"[[756, 44, 19, 0, 13, 126, 26, 5, 1, 22, 24], [31, 654, 4, 0, 12, 72, 1, 0, 0, 10, 0], [41, 252, 394, 0, 14, 81, 10, 0, 0, 1, 0], [0, 0, 0, 678, 16, 6, 1, 72, 0, 5, 7], [89, 92, 6, 43, 1226, 385, 4, 25, 1, 67, 126], [78, 26, 5, 8, 143, 1505, 68, 15, 11, 59, 47], [0, 0, 0, 0, 6, 6, 3232, 0, 37, 4, 0], [0, 0, 0, 4, 0, 0, 5, 1703, 25, 0, 10], [0, 0, 0, 0, 0, 4, 20, 0, 1789, 0, 0], [18, 3, 0, 10, 102, 331, 178, 0, 4, 952, 24], [107, 18, 0, 31, 629, 500, 119, 43, 14, 148, 275]]"
52,66.81291483856452,0.8549744275619657,0.8270255150338763,0.6438336065816359,0.6509832941662855,1568064773,55.308880308880305,74.48979591836735,42.87515762925599,81.78343949044586,29.505813953488374,98.37150127226462,95.95129375951294,98.5117344018317,97.51792608935466,31.56596794081381,2.335456475583864,"[[573, 36, 0, 0, 0, 413, 6, 1, 0, 7, 0], [0, 584, 0, 0, 0, 200, 0, 0, 0, 0, 0], [21, 212, 340, 0, 0, 217, 3, 0, 0, 0, 0], [0, 0, 0, 642, 11, 55, 0, 73, 0, 0, 4], [15, 61, 0, 4, 609, 1343, 0, 10, 0, 9, 13], [0, 5, 0, 0, 3, 1933, 13, 7, 0, 0, 4], [0, 0, 0, 0, 1, 109, 3152, 0, 23, 0, 0], [0, 0, 0, 2, 0, 13, 5, 1721, 3, 0, 3], [0, 0, 0, 0, 0, 16, 24, 5, 1768, 0, 0], [1, 0, 0, 0, 19, 1027, 60, 0, 1, 512, 2], [1, 3, 0, 4, 111, 1635, 43, 23, 4, 16, 44]]"
53,71.01473731578355,0.7937938143237889,0.8131601422769108,0.7037724413097242,0.699712166976765,1598399358,64.67181467181467,66.45408163265306,82.47162673392182,83.69426751592357,24.273255813953487,92.46819338422392,98.56925418569254,98.5117344018317,97.95918367346938,59.55610357583231,5.520169851380043,"[[670, 9, 20, 0, 0, 287, 25, 5, 1, 19, 0], [8, 521, 74, 0, 0, 173, 0, 0, 0, 8, 0], [32, 0, 654, 0, 0, 99, 7, 0, 0, 1, 0], [0, 0, 0, 657, 4, 33, 3, 73, 0, 12, 3], [41, 39, 42, 19, 501, 1295, 3, 28, 1, 70, 25], [10, 6, 6, 1, 0, 1817, 45, 16, 3, 52, 9], [0, 0, 0, 0, 0, 20, 3238, 0, 21, 6, 0], [0, 0, 0, 3, 0, 3, 5, 1721, 9, 0, 6], [0, 0, 0, 0, 0, 4, 30, 3, 1776, 0, 0], [4, 0, 0, 1, 14, 502, 131, 0, 3, 966, 1], [31, 5, 0, 10, 48, 1352, 97, 38, 7, 192, 104]]"
54,73.37158285521431,0.7363522988107565,0.7405020778204636,0.7426773983915886,0.7051785249533972,1624067087,83.68725868725869,73.34183673469387,90.79445145018916,84.20382165605096,69.37984496124031,33.536895674300254,96.43835616438356,99.19862621637093,97.24214009928296,81.31935881627619,7.802547770700636,"[[867, 14, 41, 0, 48, 2, 6, 10, 0, 39, 9], [53, 575, 112, 0, 25, 2, 0, 0, 0, 17, 0], [47, 1, 720, 0, 13, 3, 4, 0, 0, 5, 0], [0, 0, 0, 661, 30, 0, 1, 75, 0, 14, 4], [157, 70, 74, 20, 1432, 29, 1, 50, 0, 170, 61], [200, 18, 168, 18, 527, 659, 38, 23, 3, 267, 44], [3, 0, 2, 0, 21, 1, 3168, 0, 44, 45, 1], [0, 0, 0, 3, 2, 0, 5, 1733, 0, 0, 4], [5, 0, 0, 0, 0, 0, 16, 28, 1763, 0, 1], [69, 2, 5, 7, 161, 13, 40, 0, 4, 1319, 2], [168, 18, 19, 24, 954, 41, 61, 69, 9, 374, 147]]"
55,69.33850826864665,0.8253248875304092,0.8288859002778621,0.6943130699819892,0.6891539220050722,1656735103,71.04247104247105,77.16836734693877,76.92307692307693,83.56687898089173,24.660852713178294,95.57251908396947,95.64687975646879,99.02690326273613,95.146166574738,42.60172626387176,2.388535031847134,"[[736, 13, 26, 0, 0, 245, 5, 3, 0, 8, 0], [17, 605, 16, 0, 0, 146, 0, 0, 0, 0, 0], [33, 35, 610, 0, 0, 112, 2, 0, 0, 1, 0], [0, 0, 0, 656, 8, 43, 0, 73, 0, 3, 2], [61, 83, 9, 10, 509, 1341, 0, 22, 0, 21, 8], [45, 9, 1, 1, 1, 1878, 9, 12, 0, 7, 2], [2, 0, 1, 0, 1, 116, 3142, 0, 18, 5, 0], [0, 0, 0, 3, 0, 9, 5, 1730, 0, 0, 0], [0, 0, 0, 0, 0, 10, 44, 34, 1725, 0, 0], [8, 0, 0, 1, 17, 873, 31, 0, 1, 691, 0], [93, 5, 0, 9, 70, 1563, 36, 36, 1, 26, 45]]"
56,74.14219822252223,0.7238120637673269,0.7663420276516778,0.7436945388394853,0.7326988287085108,1684736258,80.01930501930502,83.41836734693877,83.2282471626734,83.31210191082803,74.70930232558139,60.86513994910941,95.46423135464231,98.5117344018317,99.55874241588528,48.520345252774355,10.456475583864119,"[[829, 28, 31, 0, 97, 21, 5, 7, 1, 11, 6], [32, 654, 19, 0, 64, 11, 0, 0, 0, 4, 0], [39, 26, 660, 0, 54, 10, 3, 0, 0, 1, 0], [0, 0, 0, 654, 52, 6, 0, 73, 0, 0, 0], [88, 83, 11, 11, 1542, 162, 1, 30, 2, 17, 117], [105, 17, 29, 2, 498, 1196, 18, 15, 19, 26, 40], [2, 0, 2, 0, 38, 19, 3136, 0, 79, 8, 1], [0, 0, 0, 1, 0, 0, 5, 1721, 13, 0, 7], [2, 0, 0, 0, 0, 1, 5, 0, 1805, 0, 0], [31, 7, 2, 7, 379, 309, 49, 0, 6, 787, 45], [113, 12, 8, 11, 1076, 311, 43, 54, 36, 23, 197]]"
57,63.426707166160426,0.9972804499615868,0.8949100756128882,0.61848442907956,0.6267051675425834,1712737414,58.011583011583014,61.35204081632652,62.6733921815889,81.91082802547771,13.420542635658913,99.18575063613233,95.76864535768645,98.11104751001717,96.3596249310535,13.008631319358816,0.5307855626326964,"[[601, 0, 0, 0, 0, 423, 10, 0, 0, 2, 0], [0, 481, 5, 0, 0, 298, 0, 0, 0, 0, 0], [17, 7, 497, 0, 0, 270, 2, 0, 0, 0, 0], [0, 0, 0, 643, 5, 79, 0, 58, 0, 0, 0], [15, 3, 0, 2, 277, 1764, 0, 2, 0, 0, 1], [0, 1, 0, 0, 0, 1949, 12, 3, 0, 0, 0], [0, 0, 0, 0, 0, 121, 3146, 0, 18, 0, 0], [0, 0, 0, 4, 0, 18, 5, 1714, 6, 0, 0], [0, 0, 0, 0, 0, 18, 47, 1, 1747, 0, 0], [1, 0, 0, 0, 6, 1348, 55, 0, 1, 211, 0], [0, 0, 0, 4, 8, 1802, 39, 14, 2, 5, 10]]"
58,71.65597930025875,0.7438831618256706,0.7604849013072353,0.7043686691866912,0.6957963393579483,1738405143,86.2934362934363,83.16326530612244,43.63177805800756,86.7515923566879,71.56007751937985,28.142493638676847,98.08219178082192,97.36691471093303,98.62107004964147,39.95067817509248,41.24203821656051,"[[894, 17, 0, 0, 50, 8, 20, 1, 1, 11, 34], [53, 652, 0, 0, 64, 5, 1, 0, 0, 4, 5], [87, 271, 346, 0, 72, 6, 8, 0, 0, 1, 2], [0, 2, 0, 681, 27, 0, 1, 58, 0, 0, 16], [118, 87, 2, 24, 1477, 20, 2, 14, 0, 1, 319], [166, 29, 9, 17, 706, 553, 75, 12, 18, 14, 366], [0, 0, 0, 1, 13, 1, 3222, 0, 41, 3, 4], [0, 0, 0, 5, 0, 0, 5, 1701, 19, 0, 17], [4, 0, 0, 0, 0, 0, 21, 0, 1788, 0, 0], [54, 2, 0, 9, 259, 122, 210, 0, 4, 648, 314], [143, 21, 0, 34, 783, 18, 64, 32, 8, 4, 777]]"
59,61.28360895488807,0.9934739468337821,0.8549749476991281,0.5842572060318182,0.5817616112598748,1761739440,55.115830115830114,65.56122448979592,32.91298865069357,82.4203821656051,8.236434108527131,98.62595419847328,97.50380517503805,96.56554092730396,94.81522338665197,7.953144266337854,2.9723991507431,"[[571, 0, 0, 0, 0, 449, 15, 0, 0, 1, 0], [0, 514, 0, 0, 0, 270, 0, 0, 0, 0, 0], [18, 174, 261, 0, 0, 336, 4, 0, 0, 0, 0], [0, 8, 0, 647, 0, 97, 0, 30, 0, 0, 3], [11, 14, 0, 1, 170, 1861, 0, 0, 0, 0, 7], [0, 2, 0, 0, 0, 1938, 17, 2, 0, 0, 6], [0, 0, 0, 0, 0, 68, 3203, 0, 14, 0, 0], [0, 0, 0, 4, 0, 33, 5, 1687, 9, 0, 9], [0, 0, 0, 0, 0, 22, 71, 1, 1719, 0, 0], [0, 0, 0, 0, 1, 1358, 133, 0, 1, 129, 0], [0, 0, 0, 4, 5, 1769, 40, 5, 2, 3, 56]]"
60,75.267184160198,0.7170400544465017,0.7876383476726079,0.7477470653321174,0.7360664308662396,1792074027,77.22007722007721,74.23469387755102,77.42749054224464,83.56687898089173,55.03875968992248,85.44529262086515,95.46423135464231,99.19862621637093,99.06232763375621,68.8039457459926,7.059447983014862,"[[800, 7, 16, 0, 6, 162, 10, 4, 1, 24, 6], [22, 582, 37, 0, 6, 125, 0, 0, 0, 12, 0], [40, 23, 614, 0, 1, 108, 1, 0, 0, 6, 0], [0, 0, 0, 656, 31, 13, 0, 73, 0, 9, 3], [80, 74, 7, 12, 1136, 609, 0, 33, 1, 85, 27], [66, 7, 5, 1, 72, 1679, 17, 17, 5, 83, 13], [1, 0, 0, 0, 10, 21, 3136, 0, 57, 60, 0], [0, 0, 0, 3, 0, 0, 5, 1733, 1, 0, 5], [0, 0, 0, 0, 0, 4, 6, 7, 1796, 0, 0], [15, 0, 0, 5, 64, 381, 35, 0, 6, 1116, 0], [106, 11, 0, 15, 535, 779, 39, 53, 13, 200, 133]]"
61,76.81966475419057,0.7095206255535428,0.7848681736769628,0.7714550288322864,0.7594314959777099,1815408326,79.05405405405406,90.68877551020408,80.32786885245902,82.4203821656051,45.20348837209303,42.23918575063613,98.02130898021308,98.96966227819118,98.56591285162713,62.5154130702836,70.59447983014861,"[[819, 77, 25, 0, 11, 10, 14, 6, 1, 21, 52], [38, 711, 7, 0, 6, 7, 0, 0, 0, 10, 5], [58, 69, 637, 0, 8, 10, 6, 0, 0, 3, 2], [0, 0, 1, 647, 0, 1, 1, 76, 0, 1, 58], [146, 160, 18, 30, 933, 65, 3, 36, 0, 9, 664], [173, 53, 65, 7, 65, 830, 63, 23, 19, 51, 616], [0, 0, 0, 0, 2, 0, 3220, 0, 39, 17, 7], [0, 0, 0, 0, 0, 0, 5, 1729, 2, 0, 11], [2, 0, 0, 0, 0, 0, 18, 6, 1787, 0, 0], [35, 14, 2, 1, 15, 97, 66, 0, 6, 1014, 372], [146, 45, 17, 2, 114, 39, 65, 63, 6, 57, 1330]]"
62,67.87602654966813,0.8398456983000254,0.787525579780326,0.682029602355409,0.6607171614230535,1841076052,81.08108108108108,80.2295918367347,70.23959646910467,81.65605095541402,90.11627906976744,10.330788804071247,93.82039573820396,98.11104751001717,99.44842801985659,43.34155363748459,1.8577494692144374,"[[840, 42, 22, 0, 116, 0, 4, 1, 1, 10, 0], [34, 629, 11, 0, 107, 1, 0, 0, 0, 2, 0], [50, 86, 557, 0, 96, 3, 1, 0, 0, 0, 0], [0, 7, 0, 641, 81, 0, 0, 56, 0, 0, 0], [81, 72, 2, 2, 1860, 1, 0, 11, 0, 24, 11], [105, 25, 44, 1, 1507, 203, 9, 11, 4, 44, 12], [2, 0, 0, 0, 94, 1, 3082, 0, 76, 30, 0], [0, 0, 0, 5, 14, 0, 5, 1714, 8, 0, 1], [5, 0, 0, 0, 0, 0, 5, 0, 1803, 0, 0], [27, 14, 0, 6, 815, 21, 32, 0, 4, 703, 0], [113, 23, 0, 9, 1608, 4, 29, 24, 9, 30, 35]]"
63,74.98593767577906,0.7008234722365578,0.759204253550395,0.745425307945903,0.7246895344876774,1876077498,85.71428571428571,55.22959183673469,88.52459016393442,81.65605095541402,69.28294573643412,48.19338422391857,94.88584474885845,99.25586720091586,99.22779922779922,78.72996300863132,19.26751592356688,"[[888, 7, 34, 0, 47, 8, 3, 5, 1, 32, 11], [68, 433, 219, 0, 33, 13, 0, 0, 0, 18, 0], [65, 0, 702, 0, 12, 5, 3, 0, 0, 6, 0], [0, 0, 1, 641, 40, 1, 1, 76, 0, 13, 12], [162, 17, 71, 8, 1430, 95, 0, 39, 0, 145, 97], [210, 4, 119, 2, 361, 947, 19, 22, 11, 214, 56], [4, 0, 3, 0, 19, 2, 3117, 0, 79, 58, 3], [0, 0, 0, 1, 0, 0, 5, 1734, 1, 0, 6], [5, 0, 0, 0, 0, 0, 3, 6, 1799, 0, 0], [81, 0, 7, 2, 118, 93, 34, 0, 5, 1277, 5], [176, 3, 16, 8, 759, 108, 39, 65, 20, 327, 363]]"
64,75.13781077736529,0.6931790972141911,0.774236020011701,0.755377563282212,0.7348299797080503,1899411795,85.8108108108108,70.28061224489795,87.51576292559899,82.92993630573248,71.80232558139535,40.76335877862595,94.88584474885845,98.74069834001145,98.62107004964147,82.36744759556103,17.197452229299362,"[[889, 7, 32, 0, 67, 5, 2, 1, 0, 33, 0], [68, 551, 94, 0, 42, 11, 0, 0, 0, 18, 0], [71, 0, 694, 0, 15, 5, 1, 0, 0, 7, 0], [0, 0, 0, 651, 28, 0, 1, 72, 0, 18, 15], [167, 14, 64, 9, 1482, 57, 0, 22, 0, 163, 86], [201, 5, 108, 5, 528, 801, 9, 15, 1, 250, 42], [5, 0, 2, 0, 25, 3, 3117, 0, 49, 81, 3], [0, 0, 0, 2, 0, 0, 5, 1725, 1, 0, 14], [5, 0, 0, 0, 0, 0, 6, 12, 1788, 0, 2], [75, 0, 2, 2, 127, 48, 29, 0, 1, 1336, 2], [175, 9, 15, 7, 856, 58, 36, 29, 5, 370, 324]]"
65,75.90842614467319,0.7115813635236068,0.7477354416239734,0.7634430479407915,0.7398971184659909,1927412951,89.0926640926641,85.20408163265306,75.15762925598992,85.98726114649682,58.52713178294574,54.24936386768447,97.74733637747336,99.37034917000572,98.2349696635411,69.35881627620222,26.857749469214436,"[[923, 22, 16, 0, 40, 9, 5, 5, 0, 9, 7], [81, 668, 14, 0, 9, 5, 0, 0, 0, 7, 0], [86, 91, 596, 0, 6, 6, 5, 0, 0, 3, 0], [0, 0, 0, 675, 13, 2, 1, 75, 0, 7, 12], [291, 132, 20, 33, 1208, 124, 2, 47, 0, 64, 143], [269, 35, 93, 15, 243, 1066, 30, 17, 4, 105, 88], [7, 0, 1, 0, 4, 4, 3211, 0, 28, 29, 1], [0, 0, 0, 1, 0, 0, 5, 1736, 1, 0, 4], [4, 0, 0, 0, 0, 0, 18, 10, 1781, 0, 0], [149, 8, 4, 10, 85, 162, 54, 0, 2, 1125, 23], [227, 34, 14, 32, 564, 166, 79, 60, 3, 199, 506]]"
66,74.74969062886714,0.7033549970645698,0.7951746957209892,0.7513822452325112,0.7409599555243634,1950747248,83.1081081081081,85.45918367346938,82.09331651954602,80.50955414012739,54.21511627906976,22.442748091603054,97.01674277016743,98.79793932455638,98.89685603971319,48.39704069050555,75.58386411889597,"[[861, 36, 37, 0, 35, 1, 6, 3, 0, 11, 46], [48, 670, 12, 0, 37, 2, 0, 0, 0, 2, 13], [46, 56, 651, 0, 26, 3, 5, 0, 0, 0, 6], [0, 0, 0, 632, 2, 0, 1, 75, 0, 0, 75], [115, 104, 13, 10, 1119, 11, 0, 20, 0, 1, 671], [164, 29, 81, 4, 254, 441, 33, 17, 7, 20, 915], [1, 0, 2, 0, 7, 0, 3187, 0, 59, 9, 20], [0, 0, 0, 0, 0, 0, 5, 1726, 1, 0, 15], [4, 0, 0, 0, 0, 0, 8, 7, 1793, 0, 1], [35, 8, 13, 2, 48, 58, 81, 0, 6, 785, 586], [133, 9, 14, 1, 216, 2, 38, 39, 5, 3, 1424]]"
67,66.31792102598718,0.8785045586472793,0.8569271607402723,0.6518798547441924,0.6637300735267156,1981081833,57.72200772200772,67.21938775510205,75.91424968474149,79.36305732484077,10.465116279069768,97.81170483460559,97.74733637747336,98.28277046365197,94.42912300055157,21.393341553637484,16.719745222929934,"[[598, 1, 20, 0, 0, 393, 11, 0, 0, 5, 8], [0, 527, 30, 0, 0, 227, 0, 0, 0, 0, 0], [26, 0, 602, 0, 0, 160, 5, 0, 0, 0, 0], [0, 0, 0, 623, 1, 48, 2, 72, 0, 0, 39], [17, 39, 20, 0, 216, 1701, 0, 2, 0, 1, 68], [0, 2, 1, 0, 0, 1922, 18, 3, 0, 0, 19], [0, 0, 0, 0, 0, 59, 3211, 0, 15, 0, 0], [0, 0, 0, 0, 0, 1, 5, 1717, 1, 0, 23], [0, 0, 0, 0, 0, 11, 77, 8, 1712, 0, 5], [0, 0, 0, 0, 3, 1116, 138, 0, 0, 347, 18], [1, 0, 0, 0, 9, 1505, 38, 12, 0, 4, 315]]"
68,78.74339070761616,0.641648486363802,0.7830490347643092,0.7860767664862437,0.780514857218325,2016083280,83.4942084942085,85.96938775510205,80.58007566204287,82.16560509554141,62.5968992248062,63.104325699745544,97.50380517503805,98.3400114481969,97.24214009928296,69.42046855733662,44.26751592356688,"[[865, 29, 32, 0, 24, 24, 6, 1, 0, 20, 35], [51, 674, 9, 0, 29, 9, 0, 0, 0, 12, 0], [56, 53, 639, 0, 15, 22, 4, 0, 0, 3, 1], [0, 1, 0, 645, 13, 5, 0, 71, 0, 2, 48], [127, 113, 9, 5, 1292, 188, 0, 6, 0, 40, 284], [167, 29, 51, 1, 189, 1240, 19, 6, 0, 92, 171], [1, 0, 2, 0, 6, 9, 3203, 0, 23, 37, 4], [0, 0, 0, 1, 0, 0, 5, 1718, 1, 0, 22], [3, 0, 0, 1, 0, 2, 29, 5, 1763, 0, 10], [64, 4, 1, 3, 89, 194, 51, 0, 0, 1126, 90], [146, 16, 12, 2, 517, 166, 43, 17, 0, 131, 834]]"
69,77.38215772302846,0.6488696538823114,0.7637339198235158,0.7739899225706385,0.7593054843980686,2039417578,83.3011583011583,87.11734693877551,70.61790668348046,86.87898089171975,57.751937984496124,43.66412213740458,98.29528158295282,99.14138523182598,97.46276889134032,78.1134401972873,49.044585987261144,"[[863, 23, 19, 0, 35, 8, 20, 5, 0, 28, 35], [49, 683, 2, 0, 29, 5, 0, 0, 0, 16, 0], [59, 118, 560, 0, 36, 8, 6, 0, 0, 5, 1], [0, 0, 0, 682, 4, 0, 1, 72, 0, 6, 20], [118, 112, 6, 58, 1192, 62, 2, 36, 0, 93, 385], [162, 37, 46, 41, 267, 858, 55, 18, 3, 168, 310], [0, 0, 0, 2, 5, 0, 3229, 0, 27, 20, 2], [0, 0, 0, 3, 0, 0, 5, 1732, 0, 0, 7], [2, 0, 0, 1, 0, 0, 27, 16, 1767, 0, 0], [40, 2, 0, 11, 49, 57, 87, 0, 4, 1267, 105], [125, 19, 11, 59, 376, 39, 55, 45, 1, 230, 924]]"
70,72.83158960512993,0.6951654125675023,0.7668185184014861,0.7191621888287006,0.6988954183021724,2072085593,82.43243243243244,87.75510204081633,46.7843631778058,86.11464968152866,80.18410852713178,34.24936386768448,98.2648401826484,98.62621637092158,97.573083287369,68.37237977805178,10.721868365180468,"[[854, 61, 14, 0, 85, 0, 11, 0, 0, 11, 0], [42, 688, 0, 0, 43, 2, 0, 0, 0, 9, 0], [66, 282, 371, 0, 63, 3, 5, 0, 0, 3, 0], [0, 10, 0, 676, 44, 2, 1, 51, 0, 1, 0], [110, 120, 0, 8, 1655, 25, 0, 18, 0, 58, 70], [147, 57, 33, 9, 856, 673, 41, 10, 1, 105, 33], [2, 0, 0, 1, 16, 0, 3228, 0, 21, 17, 0], [0, 0, 0, 5, 3, 0, 5, 1723, 1, 0, 10], [3, 0, 0, 1, 0, 0, 30, 10, 1769, 0, 0], [50, 14, 0, 7, 282, 55, 99, 0, 2, 1109, 4], [122, 28, 3, 24, 1240, 46, 56, 25, 0, 138, 202]]"
71,75.52593092586342,0.6978420555162773,0.8045989101786976,0.7509867102208275,0.7498603126411396,2104753609,79.92277992277992,77.67857142857143,79.31904161412359,79.87261146496816,42.29651162790697,89.87277353689568,97.47336377473363,98.62621637092158,98.2349696635411,65.16646115906288,17.62208067940552,"[[828, 7, 26, 0, 5, 130, 6, 0, 0, 20, 14], [28, 609, 19, 0, 0, 117, 0, 0, 0, 11, 0], [38, 18, 629, 0, 0, 103, 3, 0, 0, 2, 0], [0, 0, 0, 627, 21, 32, 0, 74, 0, 7, 24], [93, 83, 10, 1, 873, 833, 0, 17, 0, 71, 83], [73, 11, 3, 0, 12, 1766, 16, 8, 0, 55, 21], [1, 0, 2, 0, 0, 30, 3202, 0, 23, 27, 0], [0, 0, 0, 2, 0, 0, 5, 1723, 3, 0, 14], [0, 0, 0, 0, 0, 6, 23, 3, 1781, 0, 0], [25, 0, 0, 1, 30, 459, 43, 0, 1, 1057, 6], [117, 10, 0, 2, 244, 957, 39, 19, 0, 164, 332]]"
72,75.7453031837102,0.6513352833634658,0.7925932616280987,0.7626975469322121,0.7418585376361411,2139755055,84.74903474903475,85.0765306122449,79.19293820933166,83.82165605095541,76.74418604651163,46.76844783715013,95.79908675799086,99.02690326273613,97.73855488141201,81.5043156596794,8.545647558386412,"[[878, 13, 25, 0, 78, 7, 3, 0, 0, 32, 0], [45, 667, 6, 0, 44, 6, 0, 0, 0, 16, 0], [59, 38, 628, 0, 50, 9, 2, 0, 0, 7, 0], [0, 0, 0, 658, 44, 4, 0, 71, 0, 5, 3], [110, 89, 6, 5, 1584, 66, 0, 19, 0, 155, 30], [141, 21, 50, 1, 589, 919, 13, 15, 0, 206, 10], [4, 0, 1, 0, 30, 6, 3147, 0, 35, 62, 0], [0, 0, 0, 3, 2, 0, 5, 1730, 0, 0, 7], [3, 0, 0, 0, 0, 2, 16, 19, 1772, 0, 1], [41, 1, 0, 2, 165, 62, 27, 0, 1, 1322, 1], [129, 11, 9, 10, 1116, 87, 37, 29, 3, 292, 161]]"
73,77.78152773090336,0.6351917322269447,0.7977159916556782,0.7643312997828808,0.7655734942681409,2167756213,66.21621621621621,86.4795918367347,66.20428751576293,84.71337579617835,59.883720930232556,82.90076335877863,98.02130898021308,98.91242129364625,97.40761169332598,72.31812577065352,27.70700636942675,"[[686, 68, 22, 0, 24, 173, 13, 0, 0, 33, 17], [7, 678, 1, 0, 15, 70, 0, 0, 0, 13, 0], [32, 130, 525, 0, 4, 93, 5, 0, 0, 4, 0], [0, 0, 0, 665, 11, 7, 1, 73, 0, 6, 22], [39, 104, 6, 12, 1236, 423, 0, 17, 0, 85, 142], [17, 25, 1, 2, 97, 1629, 27, 12, 0, 95, 60], [0, 0, 0, 0, 6, 10, 3220, 0, 23, 26, 0], [0, 0, 0, 2, 0, 0, 5, 1728, 1, 0, 11], [0, 0, 0, 0, 0, 3, 33, 11, 1766, 0, 0], [2, 4, 1, 4, 82, 278, 55, 0, 3, 1173, 20], [38, 14, 0, 4, 533, 528, 56, 29, 0, 160, 522]]"
74,75.93655079311509,0.64506760770254,0.788699501950065,0.746461389772541,0.7471465206931349,2195757370,83.59073359073359,86.73469387755102,50.441361916771754,84.45859872611466,74.12790697674419,42.74809160305343,97.56468797564688,97.93932455638237,97.95918367346938,60.85080147965475,44.69214437367304,"[[866, 37, 3, 0, 86, 8, 8, 0, 0, 15, 13], [38, 680, 0, 0, 52, 4, 0, 0, 0, 9, 1], [62, 248, 400, 0, 67, 8, 5, 0, 0, 3, 0], [0, 0, 0, 663, 15, 0, 1, 62, 0, 1, 43], [93, 106, 0, 8, 1530, 42, 0, 1, 0, 14, 270], [126, 36, 14, 1, 641, 840, 27, 5, 1, 40, 234], [2, 0, 0, 0, 18, 4, 3205, 0, 32, 18, 6], [0, 0, 0, 4, 0, 0, 5, 1711, 2, 0, 25], [3, 0, 0, 0, 0, 1, 22, 1, 1776, 0, 10], [39, 3, 0, 6, 230, 123, 78, 0, 2, 987, 154], [115, 13, 1, 14, 772, 47, 32, 10, 3, 35, 842]]"
75,78.47901901226234,0.6324043776705969,0.790471002246372,0.7837362803711945,0.7774285848599313,2230758815,86.2934362934363,84.31122448979592,79.19293820933166,85.47770700636943,66.23062015503875,67.68447837150127,98.69101978691019,98.68345735546652,95.31163816878102,69.23551171393342,30.997876857749468,"[[894, 14, 10, 0, 42, 36, 16, 1, 0, 19, 4], [56, 661, 8, 0, 32, 15, 0, 0, 0, 12, 0], [62, 28, 628, 0, 9, 57, 5, 0, 0, 4, 0], [0, 0, 0, 671, 8, 3, 5, 70, 0, 7, 21], [131, 95, 7, 12, 1367, 219, 1, 8, 0, 67, 157], [159, 22, 33, 2, 215, 1330, 43, 8, 1, 79, 73], [0, 0, 0, 0, 3, 5, 3242, 0, 18, 17, 0], [0, 0, 0, 4, 0, 0, 5, 1724, 1, 0, 13], [1, 0, 0, 0, 0, 1, 76, 4, 1728, 0, 3], [62, 0, 0, 5, 91, 213, 104, 0, 1, 1123, 23], [160, 12, 5, 13, 619, 246, 66, 22, 0, 157, 584]]"
76,77.96152548093148,0.6227162708159831,0.791186390952623,0.7799975749329487,0.7740911048841295,2254093114,86.77606177606178,81.12244897959184,84.11097099621689,84.96815286624204,71.80232558139535,57.3027989821883,98.38660578386606,98.91242129364625,98.01434087148372,66.39950678175093,30.201698513800423,"[[899, 10, 18, 0, 69, 10, 10, 1, 0, 18, 1], [59, 636, 28, 0, 42, 9, 0, 0, 0, 10, 0], [66, 0, 667, 0, 40, 12, 5, 0, 0, 3, 0], [0, 0, 0, 667, 21, 3, 1, 72, 0, 2, 19], [128, 86, 10, 8, 1482, 130, 0, 18, 0, 44, 158], [166, 17, 52, 2, 393, 1126, 40, 11, 2, 71, 85], [1, 0, 0, 0, 13, 2, 3232, 0, 21, 16, 0], [0, 0, 0, 3, 0, 0, 5, 1728, 1, 0, 10], [2, 0, 0, 0, 0, 0, 29, 5, 1777, 0, 0], [62, 0, 0, 7, 171, 177, 88, 0, 3, 1077, 37], [141, 9, 7, 11, 775, 166, 59, 32, 1, 114, 569]]"
77,75.19968500393745,0.6871783191726791,0.8185087384047002,0.7558652911524573,0.7496261223761899,2277427413,88.61003861003861,80.10204081632652,83.35435056746532,79.10828025477707,26.453488372093027,42.849872773536894,98.02130898021308,98.22552947910704,98.89685603971319,51.54130702836005,84.28874734607218,"[[918, 8, 6, 0, 2, 9, 17, 0, 0, 12, 64], [87, 628, 27, 0, 8, 11, 2, 0, 0, 3, 18], [88, 12, 661, 0, 3, 16, 8, 0, 0, 1, 4], [0, 0, 0, 621, 0, 0, 6, 72, 0, 0, 86], [156, 92, 13, 3, 546, 84, 1, 3, 0, 1, 1165], [203, 23, 55, 0, 26, 842, 66, 9, 13, 16, 712], [0, 0, 0, 0, 0, 1, 3220, 0, 50, 7, 7], [0, 0, 0, 0, 0, 0, 5, 1716, 4, 0, 22], [2, 0, 0, 0, 0, 0, 18, 0, 1793, 0, 0], [51, 0, 2, 0, 10, 111, 192, 0, 5, 836, 415], [146, 8, 9, 0, 25, 21, 52, 26, 1, 8, 1588]]"
78,68.25289683878951,0.8730646942159255,0.8419966316037081,0.6807691147905482,0.693939758326879,2305428569,74.22779922779922,73.21428571428571,69.10466582597729,79.87261146496816,37.257751937984494,97.45547073791349,85.84474885844749,98.05380652547224,98.67622724765582,19.852034525277436,15.286624203821656,"[[769, 2, 20, 0, 3, 237, 1, 0, 0, 4, 0], [8, 574, 9, 0, 3, 190, 0, 0, 0, 0, 0], [32, 29, 548, 0, 0, 184, 0, 0, 0, 0, 0], [0, 5, 0, 627, 20, 48, 0, 61, 0, 0, 24], [45, 66, 1, 0, 769, 1155, 0, 0, 0, 0, 28], [29, 3, 0, 0, 6, 1915, 0, 2, 0, 0, 10], [2, 0, 2, 0, 0, 420, 2820, 0, 41, 0, 0], [0, 0, 0, 1, 0, 4, 4, 1713, 5, 0, 20], [0, 0, 0, 0, 0, 12, 12, 0, 1789, 0, 0], [5, 0, 0, 0, 31, 1231, 17, 0, 0, 322, 16], [53, 2, 0, 0, 229, 1288, 16, 7, 0, 1, 288]]"
79,77.55653054336821,0.6864025358030265,0.7656702863108024,0.7824303942067331,0.7621647516456286,2328762865,88.32046332046332,79.59183673469387,91.67717528373267,82.4203821656051,55.32945736434108,61.47582697201018,94.97716894977168,99.59931310818546,98.73138444567016,64.91985203452528,43.63057324840764,"[[915, 15, 40, 0, 18, 13, 3, 9, 0, 6, 17], [78, 624, 73, 0, 3, 2, 0, 0, 0, 4, 0], [48, 1, 727, 0, 3, 8, 3, 0, 0, 3, 0], [0, 0, 1, 647, 6, 5, 0, 76, 0, 2, 48], [238, 96, 113, 4, 1142, 176, 0, 57, 0, 32, 206], [256, 31, 135, 1, 110, 1208, 17, 20, 1, 49, 137], [10, 0, 30, 0, 2, 18, 3120, 0, 66, 38, 1], [0, 0, 0, 0, 0, 0, 5, 1740, 0, 0, 2], [4, 0, 0, 0, 0, 1, 7, 11, 1790, 0, 0], [157, 9, 18, 3, 52, 204, 45, 0, 1, 1053, 80], [204, 37, 24, 2, 374, 196, 32, 72, 8, 113, 822]]"
80,70.41849476881539,0.783779286437755,0.8541809830907703,0.6932506904983811,0.7100962595313607,2356764022,68.82239382239382,75.89285714285714,66.078184110971,80.50955414012739,22.48062015503876,98.1679389312977,96.89497716894977,98.85518030910131,97.73855488141201,36.80641183723798,20.32908704883227,"[[713, 7, 22, 0, 0, 280, 8, 0, 0, 6, 0], [3, 595, 4, 0, 0, 181, 0, 0, 0, 1, 0], [31, 39, 524, 0, 0, 196, 3, 0, 0, 0, 0], [0, 0, 0, 632, 1, 40, 2, 73, 0, 0, 37], [35, 71, 1, 0, 464, 1409, 0, 5, 0, 7, 72], [7, 4, 0, 0, 0, 1929, 11, 4, 0, 1, 9], [0, 0, 0, 0, 0, 79, 3183, 0, 21, 2, 0], [0, 0, 0, 0, 0, 1, 5, 1727, 1, 0, 13], [0, 0, 0, 0, 0, 10, 28, 3, 1772, 0, 0], [2, 0, 0, 1, 13, 905, 79, 0, 1, 597, 24], [11, 3, 0, 2, 41, 1380, 27, 19, 0, 18, 383]]"
81,76.5721678479019,0.6701406808101016,0.8186463406942903,0.757995569968277,0.7663904349398721,2384765180,75.0965250965251,82.39795918367348,76.29255989911728,85.98726114649682,45.97868217054263,89.26208651399492,98.99543378995433,98.74069834001145,97.35245449531163,43.033292231812574,40.65817409766454,"[[778, 16, 18, 0, 3, 160, 29, 4, 1, 10, 17], [16, 646, 4, 0, 0, 112, 1, 0, 0, 5, 0], [32, 35, 605, 0, 0, 112, 8, 0, 0, 1, 0], [0, 0, 0, 675, 0, 6, 5, 72, 0, 1, 26], [51, 87, 5, 13, 949, 696, 2, 24, 0, 5, 232], [36, 9, 2, 3, 15, 1754, 40, 12, 4, 13, 77], [0, 0, 0, 0, 0, 12, 3252, 0, 21, 0, 0], [0, 0, 0, 3, 0, 0, 5, 1725, 5, 0, 9], [0, 0, 0, 0, 0, 3, 44, 1, 1765, 0, 0], [8, 0, 0, 8, 24, 489, 255, 0, 3, 698, 137], [43, 14, 0, 15, 243, 663, 69, 39, 0, 32, 766]]"
82,74.60906738665767,0.7072734637118929,0.8461140711581749,0.7293690813014365,0.7515870634370807,2419766625,70.46332046332047,74.61734693877551,68.2219419924338,80.76433121019109,47.81976744186046,96.53944020356235,96.46879756468797,98.3400114481969,97.95918367346938,43.033292231812574,28.07855626326964,"[[730, 4, 22, 0, 3, 262, 7, 0, 0, 8, 0], [7, 585, 3, 0, 3, 185, 0, 0, 0, 1, 0], [31, 31, 541, 0, 0, 187, 3, 0, 0, 0, 0], [0, 0, 0, 634, 13, 27, 0, 68, 0, 0, 43], [37, 59, 1, 0, 987, 897, 0, 0, 0, 7, 76], [6, 3, 0, 0, 20, 1897, 10, 2, 0, 5, 22], [0, 0, 0, 0, 1, 78, 3169, 0, 33, 3, 1], [0, 0, 0, 0, 0, 1, 5, 1718, 1, 0, 22], [0, 0, 0, 0, 0, 11, 23, 2, 1776, 0, 1], [5, 0, 0, 0, 35, 740, 95, 0, 0, 698, 49], [11, 3, 0, 1, 313, 970, 28, 11, 0, 18, 529]]"
83,79.59838002024975,0.6121110386824865,0.7953586637277755,0.7929970130687011,0.7877420028539404,2452434638,80.5984555984556,90.9438775510204,78.68852459016394,83.43949044585987,56.201550387596896,73.33333333333333,98.63013698630137,99.4848311390956,97.51792608935466,61.28236744759556,52.17622080679406,"[[835, 53, 30, 0, 13, 46, 19, 7, 0, 11, 22], [28, 713, 3, 0, 15, 13, 1, 0, 0, 11, 0], [37, 71, 624, 0, 3, 48, 7, 0, 0, 2, 1], [0, 0, 0, 655, 0, 4, 3, 75, 0, 1, 47], [101, 139, 7, 5, 1160, 279, 2, 36, 0, 30, 305], [109, 42, 18, 1, 89, 1441, 39, 17, 5, 46, 158], [0, 0, 0, 0, 2, 4, 3240, 0, 24, 13, 2], [0, 0, 0, 1, 0, 0, 5, 1738, 0, 0, 3], [0, 0, 0, 0, 0, 3, 26, 16, 1768, 0, 0], [44, 16, 6, 5, 51, 261, 124, 0, 3, 994, 118], [107, 29, 13, 7, 322, 237, 54, 59, 0, 73, 983]]"
84,74.84531443356958,0.7041210026192151,0.8340974438997816,0.7377708820170361,0.7480207494948548,2487436086,72.97297297297297,81.12244897959184,68.34804539722572,85.47770700636943,50.43604651162791,95.21628498727736,97.80821917808218,98.85518030910131,95.75289575289575,46.60912453760789,18.949044585987263,"[[756, 13, 21, 0, 7, 220, 11, 0, 0, 8, 0], [10, 636, 1, 0, 2, 131, 0, 0, 0, 4, 0], [32, 54, 542, 0, 0, 161, 3, 0, 0, 1, 0], [0, 0, 0, 671, 15, 20, 0, 65, 0, 0, 14], [43, 83, 1, 0, 1041, 828, 0, 4, 0, 16, 48], [21, 6, 0, 0, 34, 1871, 11, 3, 0, 8, 11], [0, 0, 0, 0, 1, 50, 3213, 0, 18, 3, 0], [0, 0, 0, 3, 0, 0, 5, 1727, 1, 0, 11], [0, 0, 0, 0, 0, 11, 61, 5, 1736, 0, 0], [7, 0, 1, 1, 55, 702, 76, 0, 1, 756, 23], [37, 6, 0, 10, 412, 985, 33, 17, 0, 27, 357]]"
85,79.14838564517943,0.6170439993788441,0.8120708591046462,0.7851779196110801,0.7890124143210183,2515437245,83.1081081081081,85.96938775510205,76.04035308953343,84.5859872611465,54.31201550387597,76.18320610687023,99.02587519025874,98.96966227819118,96.58025372311087,51.17139334155364,57.74946921443737,"[[861, 17, 17, 0, 10, 61, 28, 3, 0, 11, 28], [40, 674, 3, 0, 19, 36, 2, 0, 0, 10, 0], [38, 48, 603, 0, 1, 91, 10, 0, 0, 1, 1], [0, 0, 0, 664, 0, 3, 4, 71, 0, 1, 42], [97, 95, 4, 10, 1121, 339, 2, 10, 0, 5, 381], [83, 17, 6, 1, 76, 1497, 46, 8, 4, 18, 209], [0, 0, 0, 0, 1, 3, 3253, 0, 20, 7, 1], [0, 0, 0, 1, 0, 0, 5, 1729, 1, 0, 11], [0, 0, 0, 0, 0, 2, 57, 3, 1751, 0, 0], [37, 2, 0, 7, 47, 294, 221, 0, 2, 830, 182], [103, 12, 0, 11, 313, 239, 63, 26, 0, 29, 1088]]"
86,76.25717178535268,0.6489811574490808,0.8212598137241723,0.7647377512363263,0.7641989249992034,2541104974,81.17760617760618,86.73469387755102,78.0580075662043,82.16560509554141,27.810077519379846,46.56488549618321,98.11263318112633,99.02690326273613,98.56591285162713,57.644882860665845,85.35031847133759,"[[841, 13, 16, 0, 4, 39, 34, 0, 1, 15, 73], [40, 680, 3, 0, 19, 21, 2, 0, 0, 5, 14], [35, 50, 619, 0, 4, 71, 7, 0, 0, 2, 5], [0, 0, 0, 645, 0, 0, 4, 74, 0, 0, 62], [81, 96, 7, 11, 574, 120, 2, 11, 0, 10, 1152], [79, 21, 28, 1, 28, 915, 53, 11, 16, 30, 783], [0, 0, 0, 0, 0, 0, 3223, 0, 43, 14, 5], [0, 0, 0, 0, 0, 0, 5, 1730, 1, 0, 11], [0, 0, 0, 0, 0, 2, 22, 2, 1787, 0, 0], [12, 2, 0, 0, 11, 108, 150, 0, 4, 935, 400], [94, 14, 0, 15, 26, 28, 44, 41, 1, 13, 1608]]"
87,63.22983462706716,1.0226125323193536,0.8792664651031838,0.6184289341483771,0.6388855687814471,2569106129,69.98069498069498,54.974489795918366,57.75535939470365,74.39490445859872,14.098837209302326,99.59287531806615,86.60578386605783,98.74069834001145,97.62824048538334,16.892725030826142,9.607218683651805,"[[725, 0, 16, 0, 0, 291, 3, 0, 0, 1, 0], [3, 431, 6, 0, 0, 344, 0, 0, 0, 0, 0], [30, 0, 458, 0, 0, 305, 0, 0, 0, 0, 0], [0, 0, 0, 584, 12, 122, 0, 47, 0, 0, 20], [34, 0, 0, 0, 291, 1734, 0, 0, 0, 0, 5], [5, 0, 0, 0, 0, 1957, 1, 2, 0, 0, 0], [1, 0, 0, 0, 0, 408, 2845, 0, 31, 0, 0], [0, 0, 0, 0, 0, 12, 4, 1725, 2, 0, 4], [0, 0, 0, 0, 0, 20, 20, 3, 1770, 0, 0], [4, 0, 0, 0, 11, 1312, 16, 0, 0, 274, 5], [19, 0, 0, 0, 34, 1623, 15, 10, 0, 2, 181]]"
88,74.77219034762065,0.6889876261782303,0.8052633119787873,0.7528570065915272,0.7459149344877317,2592440426,85.52123552123551,80.48469387755102,87.1374527112232,82.54777070063695,47.577519379844965,31.39949109414758,96.28614916286149,99.54207212364052,99.44842801985659,35.81997533908755,82.37791932059449,"[[886, 10, 34, 0, 23, 1, 8, 2, 1, 7, 64], [41, 631, 43, 0, 47, 5, 0, 1, 0, 0, 16], [42, 1, 691, 0, 39, 5, 6, 1, 0, 0, 8], [0, 0, 1, 648, 1, 0, 0, 76, 0, 0, 59], [98, 82, 15, 6, 982, 33, 0, 27, 0, 0, 821], [129, 19, 77, 1, 155, 617, 27, 17, 18, 7, 898], [0, 0, 1, 1, 7, 0, 3163, 0, 78, 6, 29], [0, 0, 0, 0, 0, 0, 5, 1739, 1, 0, 2], [0, 0, 0, 0, 0, 2, 5, 3, 1803, 0, 0], [36, 1, 15, 1, 20, 136, 122, 0, 7, 581, 703], [97, 3, 9, 12, 108, 10, 21, 63, 9, 0, 1552]]"
89,76.11092361345483,0.646209193433789,0.8004406140415337,0.7592405153965628,0.7589849968332975,2618108153,84.36293436293437,72.83163265306123,84.9936948297604,82.80254777070064,72.77131782945736,30.68702290076336,95.98173515981735,99.31310818546079,99.61389961389962,54.747225647348955,57.05944798301486,"[[874, 7, 33, 0, 67, 0, 7, 3, 1, 13, 31], [36, 571, 70, 0, 94, 4, 0, 0, 0, 3, 6], [34, 1, 674, 0, 72, 4, 5, 0, 0, 1, 2], [0, 0, 0, 650, 25, 0, 0, 73, 0, 0, 37], [88, 19, 51, 4, 1502, 19, 0, 30, 0, 5, 346], [103, 7, 73, 1, 645, 603, 26, 13, 23, 26, 445], [0, 0, 1, 0, 18, 0, 3153, 0, 86, 19, 8], [0, 0, 0, 1, 0, 0, 5, 1735, 3, 0, 3], [1, 0, 0, 0, 1, 0, 4, 1, 1806, 0, 0], [39, 0, 13, 6, 210, 95, 99, 0, 7, 888, 265], [86, 0, 2, 20, 588, 12, 22, 53, 20, 6, 1075]]"
90,76.51591855101812,0.6756970132533595,0.8182088287040579,0.7593636650799532,0.7577241486285164,2648442742,86.96911196911196,71.81122448979592,78.68852459016394,82.29299363057325,58.38178294573644,86.31043256997457,95.55555555555556,99.02690326273613,99.22779922779922,57.768187422934645,19.26751592356688,"[[901, 2, 22, 0, 33, 64, 4, 0, 0, 10, 0], [58, 563, 34, 0, 30, 92, 0, 0, 0, 7, 0], [43, 0, 624, 0, 2, 119, 3, 0, 0, 2, 0], [0, 0, 0, 646, 40, 21, 0, 68, 0, 3, 7], [113, 47, 12, 0, 1205, 605, 0, 5, 0, 43, 34], [122, 4, 3, 0, 94, 1696, 10, 3, 0, 23, 10], [5, 0, 1, 0, 5, 56, 3139, 0, 56, 23, 0], [0, 0, 0, 2, 0, 0, 5, 1730, 2, 0, 8], [0, 0, 0, 0, 0, 6, 7, 1, 1799, 0, 0], [96, 0, 0, 1, 80, 453, 51, 0, 0, 937, 4], [133, 4, 0, 6, 576, 674, 28, 18, 3, 79, 363]]"
91,77.5846551918101,0.6353228550752719,0.813461632275759,0.7700250315292223,0.7721591583282043,2674110467,76.73745173745174,73.08673469387756,84.11097099621689,85.47770700636943,45.59108527131783,86.97201017811705,98.63013698630137,99.42759015455066,97.40761169332598,69.54377311960542,30.042462845010615,"[[795, 5, 28, 0, 6, 134, 26, 0, 0, 26, 16], [14, 573, 57, 0, 3, 125, 2, 0, 0, 10, 0], [32, 1, 667, 0, 0, 82, 6, 0, 0, 5, 0], [0, 0, 0, 671, 3, 8, 7, 68, 0, 11, 17], [58, 57, 36, 8, 941, 727, 1, 21, 0, 98, 117], [36, 7, 29, 2, 16, 1709, 44, 8, 1, 80, 33], [0, 0, 0, 0, 0, 5, 3240, 0, 21, 19, 0], [0, 0, 0, 1, 0, 0, 5, 1737, 1, 0, 3], [0, 0, 0, 0, 0, 2, 41, 4, 1766, 0, 0], [6, 0, 0, 2, 22, 323, 131, 0, 2, 1128, 8], [53, 10, 1, 14, 229, 696, 62, 33, 0, 220, 566]]"
92,76.72404094948813,0.653653217412585,0.7939825726661873,0.7710728670010583,0.7613448221638589,2699778193,87.35521235521236,81.76020408163265,84.86759142496847,88.78980891719746,78.19767441860465,42.29007633587786,98.56925418569254,99.59931310818546,98.01434087148372,56.4118372379778,32.324840764331206,"[[905, 9, 22, 0, 69, 0, 18, 5, 0, 8, 0], [57, 641, 20, 0, 57, 4, 2, 0, 0, 3, 0], [50, 1, 673, 0, 55, 5, 8, 0, 0, 1, 0], [0, 0, 0, 697, 20, 0, 1, 64, 0, 1, 2], [128, 77, 9, 13, 1614, 34, 1, 42, 0, 22, 124], [161, 16, 80, 34, 641, 831, 45, 15, 3, 36, 103], [0, 0, 0, 2, 7, 0, 3238, 0, 27, 11, 0], [0, 0, 0, 2, 0, 0, 5, 1740, 0, 0, 0], [2, 0, 0, 0, 0, 0, 26, 8, 1777, 0, 0], [87, 0, 7, 13, 252, 106, 185, 0, 3, 915, 54], [115, 8, 3, 58, 890, 51, 52, 48, 2, 48, 609]]"
93,77.89965125435933,0.6141769217340638,0.8065991182682201,0.7802396462848562,0.7784721364094799,2730112778,85.23166023166023,84.82142857142857,82.34552332912989,83.43949044585987,72.43217054263566,36.895674300254456,96.77321156773212,99.08414424728106,98.89685603971319,60.912453760789155,57.430997876857745,"[[883, 17, 29, 0, 58, 4, 10, 2, 0, 13, 20], [40, 665, 6, 0, 59, 4, 0, 0, 0, 6, 4], [43, 20, 653, 0, 63, 5, 5, 0, 0, 2, 2], [0, 0, 0, 655, 13, 0, 1, 71, 0, 0, 45], [97, 86, 7, 5, 1495, 20, 0, 9, 0, 7, 338], [130, 21, 69, 1, 573, 725, 26, 7, 4, 34, 375], [0, 0, 0, 0, 13, 2, 3179, 0, 59, 26, 6], [0, 0, 0, 1, 0, 0, 5, 1731, 1, 0, 9], [1, 0, 0, 0, 0, 1, 17, 1, 1793, 0, 0], [45, 2, 4, 8, 196, 82, 79, 0, 4, 988, 214], [106, 12, 3, 15, 578, 17, 30, 24, 3, 14, 1082]]"
94,77.06153673079086,0.641620045862824,0.7880533326754553,0.7700246191482144,0.7614822432452997,2760447364,83.3011583011583,89.15816326530613,66.33039092055486,84.96815286624204,61.77325581395349,36.895674300254456,93.75951293759512,99.59931310818546,98.67622724765582,61.652281134401974,70.91295116772824,"[[863, 45, 30, 0, 38, 0, 1, 3, 0, 15, 41], [33, 699, 1, 0, 35, 4, 0, 0, 0, 5, 7], [41, 153, 526, 0, 59, 4, 1, 0, 0, 5, 4], [0, 0, 0, 667, 2, 0, 0, 73, 0, 0, 43], [94, 122, 5, 19, 1275, 27, 0, 34, 0, 5, 483], [128, 51, 47, 12, 357, 725, 5, 13, 3, 37, 587], [4, 0, 2, 7, 33, 0, 3080, 1, 61, 57, 40], [0, 0, 0, 1, 0, 0, 5, 1740, 0, 0, 1], [1, 0, 0, 0, 0, 1, 5, 16, 1789, 0, 1], [42, 10, 3, 9, 122, 79, 22, 0, 3, 1000, 332], [99, 25, 2, 25, 321, 11, 10, 43, 3, 9, 1336]]"
95,77.38778265271684,0.6435641158881377,0.8013317569070142,0.7828131263845308,0.7661562249328504,2786115090,82.81853281853282,92.09183673469387,86.88524590163934,83.56687898089173,40.64922480620155,37.25190839694656,98.32572298325722,99.54207212364052,97.35245449531163,60.604192355117135,82.00636942675159,"[[858, 55, 34, 0, 17, 1, 11, 5, 0, 11, 44], [26, 722, 11, 0, 8, 3, 1, 0, 0, 5, 8], [39, 43, 689, 0, 6, 3, 6, 0, 0, 2, 5], [0, 0, 1, 656, 0, 0, 1, 75, 0, 0, 52], [125, 150, 14, 19, 839, 40, 0, 39, 0, 5, 833], [160, 53, 81, 11, 102, 732, 38, 14, 2, 34, 738], [1, 0, 0, 1, 1, 0, 3230, 0, 26, 18, 8], [0, 0, 0, 1, 0, 0, 5, 1739, 0, 0, 2], [1, 0, 1, 0, 0, 0, 27, 18, 1765, 0, 1], [57, 14, 18, 9, 19, 87, 72, 0, 3, 983, 360], [113, 30, 15, 24, 57, 11, 36, 41, 1, 11, 1545]]"
96,78.45089436382045,0.6259614706253834,0.8059000706795904,0.7795698272805904,0.7790462600009996,2821116534,78.37837837837837,89.66836734693877,75.5359394703657,88.02547770700637,53.92441860465116,82.13740458015268,99.26940639269407,99.08414424728106,94.37396580253723,45.006165228113446,52.12314225053078,"[[812, 43, 22, 0, 16, 79, 28, 1, 0, 9, 26], [19, 703, 1, 0, 24, 28, 1, 0, 0, 7, 1], [33, 67, 599, 0, 4, 80, 9, 0, 0, 1, 0], [0, 0, 0, 691, 0, 4, 4, 62, 0, 0, 24], [69, 109, 7, 20, 1113, 416, 1, 11, 0, 4, 314], [54, 27, 10, 12, 67, 1614, 39, 8, 1, 10, 123], [0, 0, 0, 0, 1, 5, 3261, 0, 17, 1, 0], [0, 0, 0, 3, 0, 0, 5, 1731, 1, 0, 7], [0, 0, 0, 1, 0, 2, 96, 3, 1711, 0, 0], [26, 6, 0, 15, 61, 406, 220, 0, 1, 730, 157], [71, 29, 0, 33, 348, 316, 64, 27, 0, 14, 982]]"
97,79.67150410619867,0.5696685382252117,0.8070197784912451,0.7942393745303312,0.7943464742190656,2849117691,83.97683397683397,87.11734693877551,77.04918032786885,83.94904458598727,62.98449612403101,50.43256997455471,97.86910197869102,98.96966227819118,98.95201323772753,69.35881627620222,63.004246284501065,"[[870, 18, 19, 0, 40, 9, 25, 1, 0, 19, 35], [39, 683, 2, 0, 39, 8, 2, 0, 0, 11, 0], [42, 57, 611, 0, 55, 16, 6, 0, 0, 4, 2], [0, 0, 0, 659, 3, 0, 4, 71, 0, 1, 47], [100, 96, 5, 7, 1300, 75, 0, 13, 0, 39, 429], [113, 22, 20, 1, 314, 991, 52, 10, 15, 74, 353], [0, 0, 0, 0, 2, 1, 3215, 0, 49, 16, 2], [0, 0, 0, 2, 0, 0, 5, 1729, 1, 0, 10], [0, 0, 0, 0, 0, 2, 17, 0, 1794, 0, 0], [33, 2, 0, 5, 89, 93, 130, 0, 4, 1125, 141], [95, 9, 3, 23, 366, 30, 46, 32, 2, 91, 1187]]"
98,81.03836202047475,0.5707328559415374,0.8072014858195785,0.8150344175342329,0.8064476771692004,2881785709,82.14285714285714,90.81632653061224,88.9029003783102,82.92993630573248,52.56782945736435,59.64376590330789,97.22983257229832,99.54207212364052,98.84169884169884,78.42170160295932,65.49893842887474,"[[851, 32, 34, 0, 21, 22, 14, 1, 0, 28, 33], [25, 712, 5, 0, 18, 11, 0, 0, 0, 13, 0], [35, 5, 705, 0, 11, 25, 6, 0, 0, 5, 1], [0, 0, 0, 651, 0, 2, 3, 75, 0, 2, 52], [97, 122, 11, 7, 1085, 163, 0, 35, 0, 62, 482], [106, 29, 47, 1, 112, 1172, 30, 13, 14, 127, 314], [0, 0, 0, 0, 0, 2, 3194, 0, 50, 36, 3], [0, 0, 0, 0, 0, 0, 5, 1739, 0, 0, 3], [0, 0, 0, 0, 0, 2, 16, 3, 1792, 0, 0], [30, 4, 8, 3, 39, 93, 52, 0, 5, 1272, 116], [108, 20, 14, 16, 194, 52, 44, 44, 2, 156, 1234]]"
99,78.91213859826752,0.6349544718111162,0.7935941135799027,0.7967557990751424,0.7792173055697327,2905120007,83.59073359073359,79.20918367346938,92.43379571248424,82.54777070063695,39.38953488372093,60.86513994910941,95.49467275494673,99.71379507727532,98.67622724765582,91.06041923551172,53.45010615711253,"[[866, 8, 47, 0, 3, 26, 5, 2, 0, 54, 25], [44, 621, 74, 0, 5, 22, 0, 0, 0, 18, 0], [34, 1, 733, 0, 0, 14, 2, 0, 0, 9, 0], [0, 0, 1, 648, 0, 1, 1, 76, 0, 19, 39], [111, 77, 69, 8, 813, 256, 0, 59, 0, 237, 434], [122, 17, 78, 2, 34, 1196, 16, 22, 9, 275, 194], [1, 0, 0, 0, 0, 3, 3137, 0, 61, 81, 2], [0, 0, 0, 0, 0, 0, 5, 1742, 0, 0, 0], [0, 0, 0, 0, 0, 2, 11, 11, 1789, 0, 0], [26, 0, 9, 0, 12, 48, 27, 0, 5, 1477, 18], [131, 16, 22, 7, 68, 53, 38, 71, 2, 469, 1007]]"
100,77.98402519968501,0.6423702494328399,0.7992724281618984,0.7785606771091843,0.7678263578706005,2930787733,76.15830115830116,92.60204081632652,69.9873896595208,84.71337579617835,27.42248062015504,66.20865139949109,98.99543378995433,99.6565540927304,96.74572531715388,75.0308261405672,68.895966029724,"[[789, 39, 17, 0, 2, 74, 52, 3, 0, 25, 35], [15, 726, 1, 0, 2, 27, 2, 0, 0, 11, 0], [32, 128, 555, 0, 0, 65, 11, 0, 0, 2, 0], [0, 0, 0, 665, 0, 1, 8, 75, 0, 5, 31], [77, 123, 6, 35, 566, 328, 5, 40, 0, 101, 783], [46, 37, 17, 14, 14, 1301, 80, 12, 14, 119, 311], [0, 0, 0, 0, 0, 0, 3252, 0, 21, 12, 0], [0, 0, 0, 0, 0, 0, 5, 1741, 0, 0, 1], [0, 0, 0, 0, 0, 2, 50, 7, 1754, 0, 0], [9, 6, 0, 6, 9, 110, 168, 0, 3, 1217, 94], [77, 26, 6, 30, 20, 116, 78, 49, 0, 184, 1298]]"
