Round,Accuracy,Loss,Precision,Recall,F1-Score,Communication_Cost,Class_0_Accuracy,Class_1_Accuracy,Class_2_Accuracy,Class_3_Accuracy,Class_4_Accuracy,Class_5_Accuracy,Class_6_Accuracy,Class_7_Accuracy,Class_8_Accuracy,Class_9_Accuracy,Class_10_Accuracy,Confusion_Matrix
1,19.37225785,2.478715735,0.053483109,0.166156938,0.080910701,30338328,0,0,0,0,38.51744186,0,0,0,96.85603971,0,47.39915074,"[[0, 0, 0, 0, 135, 0, 0, 0, 211, 0, 690], [0, 0, 0, 0, 575, 0, 0, 0, 105, 0, 104], [0, 0, 0, 0, 577, 0, 0, 0, 107, 0, 109], [0, 0, 0, 0, 448, 0, 0, 0, 264, 0, 73], [0, 0, 0, 0, 795, 0, 0, 0, 478, 0, 791], [0, 0, 0, 0, 973, 0, 0, 0, 284, 0, 708], [0, 0, 0, 0, 1195, 0, 0, 0, 294, 0, 1796], [0, 0, 0, 0, 0, 0, 0, 0, 1718, 0, 29], [0, 0, 0, 0, 0, 0, 0, 0, 1756, 0, 57], [0, 0, 0, 0, 746, 0, 0, 0, 159, 0, 717], [0, 0, 0, 0, 682, 0, 0, 0, 309, 0, 893]]"
2,18.47789403,2.493766157,0.016798085,0.090909091,0.028356489,63010378,0,0,0,0,0,0,100,0,0,0,0,"[[0, 0, 0, 0, 0, 0, 1036, 0, 0, 0, 0], [0, 0, 0, 0, 0, 0, 784, 0, 0, 0, 0], [0, 0, 0, 0, 0, 0, 793, 0, 0, 0, 0], [0, 0, 0, 0, 0, 0, 785, 0, 0, 0, 0], [0, 0, 0, 0, 0, 0, 2064, 0, 0, 0, 0], [0, 0, 0, 0, 0, 0, 1965, 0, 0, 0, 0], [0, 0, 0, 0, 0, 0, 3285, 0, 0, 0, 0], [0, 0, 0, 0, 0, 0, 1747, 0, 0, 0, 0], [0, 0, 0, 0, 0, 0, 1813, 0, 0, 0, 0], [0, 0, 0, 0, 0, 0, 1622, 0, 0, 0, 0], [0, 0, 0, 0, 0, 0, 1884, 0, 0, 0, 0]]"
3,33.05208685,1.905221034,0.272483911,0.2256041,0.150447903,95682426,1.351351351,0,0,0,0,3.20610687,96.71232877,1.431024614,95.91836735,28.79161529,20.7537155,"[[14, 0, 0, 0, 0, 2, 310, 0, 133, 78, 499], [0, 0, 0, 0, 0, 45, 14, 0, 98, 540, 87], [0, 0, 0, 0, 0, 72, 76, 0, 104, 458, 83], [0, 0, 0, 0, 0, 30, 14, 0, 32, 708, 1], [5, 0, 0, 0, 0, 39, 461, 0, 332, 769, 458], [3, 0, 0, 0, 0, 63, 699, 0, 212, 652, 336], [0, 0, 0, 0, 0, 1, 3177, 0, 38, 13, 56], [0, 0, 0, 0, 0, 36, 3, 25, 1663, 4, 16], [0, 0, 0, 0, 0, 1, 34, 0, 1739, 0, 39], [0, 0, 0, 0, 0, 1, 883, 0, 4, 467, 267], [0, 0, 0, 0, 0, 16, 891, 0, 210, 376, 391]]"
4,42.71571605,1.761993396,0.317842963,0.340109617,0.285298984,126020758,11.87258687,0,0,66.62420382,85.41666667,0.050890585,94.64231355,29.19290212,86.32101489,0,0,"[[123, 0, 0, 6, 749, 0, 125, 0, 33, 0, 0], [44, 0, 0, 0, 415, 269, 6, 0, 50, 0, 0], [0, 0, 0, 0, 535, 171, 14, 0, 73, 0, 0], [7, 0, 0, 523, 249, 0, 0, 6, 0, 0, 0], [102, 0, 0, 28, 1763, 0, 42, 3, 126, 0, 0], [42, 0, 0, 21, 1570, 1, 238, 0, 93, 0, 0], [0, 0, 0, 0, 169, 0, 3109, 0, 7, 0, 0], [59, 0, 0, 60, 97, 7, 10, 510, 1004, 0, 0], [1, 0, 0, 0, 116, 0, 131, 0, 1565, 0, 0], [17, 0, 0, 17, 1234, 0, 354, 0, 0, 0, 0], [37, 0, 0, 11, 1424, 2, 320, 0, 90, 0, 0]]"
5,33.17021037,2.706963365,0.315901881,0.238708344,0.188048983,161026525,0.675675676,0,0,0,0,94.91094148,68.43226788,14.99713795,83.56315499,0,0,"[[7, 0, 0, 0, 0, 933, 75, 0, 21, 0, 0], [0, 0, 0, 0, 0, 746, 1, 36, 1, 0, 0], [0, 0, 0, 0, 0, 721, 8, 20, 44, 0, 0], [0, 0, 0, 0, 0, 785, 0, 0, 0, 0, 0], [0, 0, 0, 0, 0, 1966, 5, 47, 46, 0, 0], [0, 0, 0, 0, 0, 1865, 54, 2, 44, 0, 0], [0, 0, 0, 0, 0, 1031, 2248, 0, 6, 0, 0], [0, 0, 0, 0, 0, 1157, 4, 262, 324, 0, 0], [0, 0, 0, 0, 0, 265, 33, 0, 1515, 0, 0], [0, 0, 0, 0, 0, 1562, 60, 0, 0, 0, 0], [0, 0, 0, 0, 0, 1761, 89, 1, 33, 0, 0]]"
6,42.31634605,1.738745895,0.257642487,0.359126849,0.268148186,184363702,0,0,0,97.70700637,0,0,97.59512938,57.35546651,92.93987865,26.1405672,23.3014862,"[[0, 0, 0, 262, 0, 0, 241, 1, 33, 37, 462], [0, 0, 0, 637, 0, 0, 12, 21, 33, 5, 76], [0, 0, 0, 530, 0, 0, 54, 0, 78, 7, 124], [0, 0, 0, 767, 0, 0, 9, 0, 0, 9, 0], [1, 0, 0, 941, 0, 0, 303, 69, 85, 218, 447], [0, 0, 0, 696, 0, 0, 610, 8, 109, 140, 402], [0, 0, 0, 5, 0, 0, 3206, 0, 10, 0, 64], [0, 0, 0, 124, 0, 0, 9, 1002, 590, 0, 22], [0, 0, 0, 10, 0, 0, 56, 8, 1685, 0, 54], [0, 0, 0, 332, 0, 0, 725, 0, 0, 424, 141], [0, 0, 0, 422, 0, 0, 774, 22, 88, 139, 439]]"
7,44.1838227,1.605913256,0.476001291,0.368327175,0.330349819,207700879,1.158301158,0,25.22068096,57.4522293,88.42054264,0,80.3348554,50.3720664,99.55874242,2.589395808,0.053078556,"[[12, 0, 0, 0, 895, 0, 29, 0, 46, 54, 0], [41, 0, 237, 49, 403, 0, 0, 0, 54, 0, 0], [0, 0, 200, 0, 519, 0, 1, 0, 73, 0, 0], [2, 0, 0, 451, 249, 0, 0, 33, 0, 50, 0], [48, 0, 0, 3, 1825, 0, 0, 26, 138, 24, 0], [9, 0, 0, 0, 1785, 0, 25, 0, 121, 25, 0], [0, 0, 0, 0, 537, 0, 2639, 0, 109, 0, 0], [0, 0, 0, 0, 25, 0, 3, 880, 836, 3, 0], [0, 0, 0, 0, 7, 0, 1, 0, 1805, 0, 0], [0, 0, 0, 0, 1537, 0, 40, 0, 3, 42, 0], [23, 0, 0, 4, 1646, 0, 37, 16, 134, 23, 1]]"
8,34.58769265,2.029960067,0.25595514,0.326841653,0.244702183,235705489,0,69.64285714,0,54.64968153,86.04651163,0,51.47640791,97.71036062,0,0,0,"[[0, 48, 0, 0, 942, 0, 1, 45, 0, 0, 0], [0, 546, 0, 1, 171, 0, 0, 66, 0, 0, 0], [0, 501, 0, 0, 228, 0, 0, 64, 0, 0, 0], [0, 113, 0, 429, 216, 0, 0, 27, 0, 0, 0], [0, 87, 0, 28, 1776, 0, 0, 173, 0, 0, 0], [0, 122, 0, 0, 1755, 0, 0, 88, 0, 0, 0], [0, 16, 0, 0, 1524, 0, 1691, 54, 0, 0, 0], [0, 10, 0, 5, 22, 0, 3, 1707, 0, 0, 0], [0, 0, 0, 0, 30, 0, 1, 1782, 0, 0, 0], [0, 24, 0, 8, 1580, 0, 10, 0, 0, 0, 0], [0, 131, 0, 9, 1606, 0, 7, 131, 0, 0, 0]]"
9,44.47069412,1.863090747,0.355814555,0.329574685,0.28285708,259042668,0,0,0,10.82802548,0,96.64122137,92.20700152,90.26903263,72.58687259,0,0,"[[0, 0, 0, 0, 0, 988, 47, 0, 1, 0, 0], [0, 0, 0, 0, 0, 784, 0, 0, 0, 0, 0], [0, 0, 0, 0, 0, 789, 4, 0, 0, 0, 0], [0, 0, 0, 85, 0, 700, 0, 0, 0, 0, 0], [0, 0, 0, 0, 0, 2062, 2, 0, 0, 0, 0], [0, 0, 0, 0, 0, 1899, 65, 1, 0, 0, 0], [0, 0, 0, 0, 0, 248, 3029, 0, 8, 0, 0], [0, 0, 0, 0, 0, 161, 5, 1577, 4, 0, 0], [0, 0, 0, 0, 0, 173, 95, 229, 1316, 0, 0], [0, 0, 0, 0, 0, 1544, 78, 0, 0, 0, 0], [0, 0, 0, 0, 0, 1776, 99, 9, 0, 0, 0]]"
10,40.73011587,1.681890828,0.386226293,0.384121052,0.32902195,284713562,0,69.13265306,0,35.54140127,92.73255814,0,33.24200913,98.28277046,93.60176503,0,0,"[[0, 20, 0, 0, 973, 0, 0, 41, 2, 0, 0], [0, 542, 0, 0, 226, 0, 0, 16, 0, 0, 0], [0, 497, 0, 0, 267, 0, 0, 29, 0, 0, 0], [0, 18, 0, 279, 403, 0, 0, 85, 0, 0, 0], [0, 45, 0, 0, 1914, 0, 0, 103, 2, 0, 0], [0, 29, 0, 0, 1861, 0, 0, 56, 19, 0, 0], [0, 0, 0, 0, 2062, 0, 1092, 2, 129, 0, 0], [0, 0, 0, 0, 23, 0, 2, 1717, 5, 0, 0], [0, 0, 0, 0, 12, 0, 0, 104, 1697, 0, 0], [0, 16, 0, 3, 1598, 0, 0, 0, 5, 0, 0], [0, 78, 0, 0, 1653, 0, 0, 114, 39, 0, 0]]"
11,50.36562043,1.30872937,0.614102795,0.494246211,0.403859622,319719329,80.5019305,0.12755102,78.9407314,73.75796178,1.308139535,1.933842239,90.0152207,99.19862622,85.71428571,0.431565968,31.74097665,"[[834, 1, 4, 1, 0, 0, 26, 61, 3, 1, 105], [151, 1, 602, 0, 0, 0, 0, 14, 0, 0, 16], [137, 0, 626, 0, 0, 0, 2, 13, 0, 0, 15], [77, 0, 25, 579, 0, 0, 0, 98, 0, 0, 6], [1203, 0, 199, 84, 27, 12, 5, 159, 3, 0, 372], [773, 0, 265, 12, 2, 38, 150, 99, 18, 0, 608], [92, 0, 0, 0, 0, 0, 2957, 15, 106, 0, 115], [9, 0, 0, 0, 0, 0, 4, 1733, 1, 0, 0], [9, 0, 0, 0, 0, 0, 1, 249, 1554, 0, 0], [531, 1, 35, 9, 0, 13, 96, 2, 5, 7, 923], [883, 0, 107, 20, 0, 0, 73, 183, 20, 0, 598]]"
12,44.93193835,1.665423759,0.529517782,0.402487261,0.353011672,345390226,12.74131274,2.551020408,60.5296343,67.6433121,94.28294574,0,80.1217656,25.12879222,99.61389961,0.123304562,0,"[[132, 0, 0, 6, 838, 0, 1, 6, 48, 5, 0], [0, 20, 407, 0, 340, 0, 0, 0, 17, 0, 0], [0, 0, 480, 0, 289, 0, 0, 0, 24, 0, 0], [0, 0, 0, 531, 200, 0, 0, 42, 12, 0, 0], [5, 0, 0, 7, 1946, 0, 1, 18, 74, 13, 0], [0, 0, 4, 2, 1820, 0, 29, 0, 110, 0, 0], [0, 0, 0, 0, 452, 0, 2632, 0, 201, 0, 0], [0, 0, 0, 0, 7, 0, 4, 439, 1297, 0, 0], [0, 0, 0, 0, 5, 0, 2, 0, 1806, 0, 0], [0, 0, 0, 6, 1553, 0, 48, 0, 13, 2, 0], [13, 3, 0, 11, 1583, 0, 39, 11, 224, 0, 0]]"
13,50.75374058,1.440549761,0.683260733,0.450845577,0.443879209,380395995,0.772200772,23.21428571,21.43757881,77.32484076,0,99.33842239,83.80517504,90.7269605,81.24655268,18.06411837,0,"[[8, 0, 0, 0, 0, 911, 5, 0, 0, 112, 0], [0, 182, 6, 0, 0, 592, 0, 0, 0, 4, 0], [0, 7, 170, 0, 0, 615, 0, 0, 0, 1, 0], [0, 0, 0, 607, 0, 176, 0, 2, 0, 0, 0], [0, 0, 0, 27, 0, 1988, 1, 0, 0, 48, 0], [0, 0, 0, 0, 0, 1952, 10, 2, 0, 1, 0], [0, 0, 0, 0, 0, 520, 2753, 0, 8, 4, 0], [0, 0, 0, 16, 0, 127, 5, 1585, 14, 0, 0], [0, 0, 0, 0, 0, 106, 221, 13, 1473, 0, 0], [0, 0, 0, 4, 0, 1306, 19, 0, 0, 293, 0], [0, 0, 0, 12, 0, 1806, 42, 8, 0, 16, 0]]"
14,63.50545618,1.074928046,0.605268437,0.609864386,0.582288392,415401762,60.90733591,28.06122449,72.38335435,84.33121019,33.23643411,60.3562341,99.48249619,93.13108185,95.31163817,43.64981504,0,"[[631, 0, 1, 0, 35, 146, 108, 22, 1, 92, 0], [35, 220, 353, 0, 88, 73, 5, 0, 0, 10, 0], [47, 1, 574, 0, 7, 152, 12, 0, 0, 0, 0], [14, 0, 0, 662, 1, 12, 28, 63, 0, 5, 0], [198, 18, 47, 113, 686, 779, 71, 57, 8, 87, 0], [94, 12, 45, 54, 98, 1186, 395, 20, 12, 49, 0], [2, 0, 0, 0, 0, 4, 3268, 0, 11, 0, 0], [8, 0, 0, 2, 0, 8, 7, 1627, 95, 0, 0], [5, 0, 0, 0, 0, 0, 79, 1, 1728, 0, 0], [40, 1, 0, 17, 44, 344, 463, 0, 5, 708, 0], [259, 36, 4, 38, 86, 844, 391, 62, 29, 135, 0]]"
15,50.21937226,1.333119326,0.672243476,0.508323089,0.488031649,450407526,90.63706564,65.17857143,14.50189155,67.6433121,35.75581395,52.0610687,61.43074581,82.99942759,82.01875345,5.548705302,1.380042463,"[[939, 0, 0, 0, 8, 76, 0, 0, 0, 8, 5], [181, 511, 0, 0, 57, 35, 0, 0, 0, 0, 0], [150, 384, 115, 0, 99, 45, 0, 0, 0, 0, 0], [99, 22, 0, 531, 99, 16, 0, 2, 0, 0, 16], [1023, 8, 0, 0, 738, 283, 0, 0, 0, 0, 12], [748, 8, 1, 0, 177, 1023, 0, 0, 0, 0, 8], [113, 0, 0, 0, 5, 1141, 2018, 0, 8, 0, 0], [86, 0, 0, 16, 11, 117, 0, 1450, 8, 0, 59], [93, 0, 0, 0, 0, 203, 27, 0, 1487, 0, 3], [631, 1, 0, 0, 93, 712, 3, 0, 0, 90, 92], [965, 36, 0, 0, 277, 571, 8, 1, 0, 0, 26]]"
16,59.80425245,1.072814217,0.570028582,0.532277467,0.484685358,485413290,6.467181467,0,54.85498108,73.63057325,0,81.78117048,98.81278539,97.53863766,98.89685604,69.91368681,3.609341826,"[[67, 0, 0, 0, 0, 633, 71, 39, 2, 166, 58], [0, 0, 320, 0, 0, 403, 2, 27, 0, 32, 0], [0, 0, 435, 0, 0, 319, 10, 27, 0, 2, 0], [0, 0, 0, 578, 0, 112, 1, 74, 0, 20, 0], [0, 0, 1, 29, 0, 1662, 28, 127, 16, 174, 27], [0, 0, 0, 0, 0, 1607, 92, 28, 48, 175, 15], [0, 0, 0, 0, 0, 24, 3246, 0, 14, 1, 0], [0, 0, 0, 3, 0, 3, 5, 1704, 27, 2, 3], [0, 0, 0, 0, 0, 6, 14, 0, 1793, 0, 0], [0, 0, 0, 10, 0, 302, 162, 0, 6, 1134, 8], [0, 0, 0, 14, 0, 1202, 165, 107, 24, 304, 68]]"
17,60.66486669,1.039804424,0.775032037,0.59023573,0.547749792,515751620,61.87258687,35.45918367,72.76166456,88.78980892,3.875968992,90.58524173,98.17351598,92.61591299,95.97352454,8.939580764,0.212314225,"[[641, 4, 0, 2, 0, 313, 57, 6, 1, 12, 0], [26, 278, 265, 0, 0, 214, 0, 0, 0, 1, 0], [34, 1, 577, 0, 0, 177, 4, 0, 0, 0, 0], [14, 0, 0, 697, 0, 32, 6, 36, 0, 0, 0], [140, 3, 28, 127, 80, 1639, 4, 17, 1, 25, 0], [26, 7, 36, 38, 0, 1780, 65, 7, 1, 5, 0], [7, 0, 0, 1, 0, 35, 3225, 0, 17, 0, 0], [11, 0, 1, 14, 0, 20, 5, 1618, 78, 0, 0], [6, 0, 0, 0, 0, 10, 57, 0, 1740, 0, 0], [24, 1, 0, 22, 0, 1154, 270, 0, 6, 145, 0], [173, 14, 0, 49, 5, 1461, 131, 26, 14, 7, 4]]"
18,64.9679379,1.042985121,0.688884037,0.637160977,0.604331728,541422515,67.08494208,64.03061224,49.55863808,93.63057325,83.1879845,1.06870229,99.05631659,90.3835146,91.28516271,61.59062885,0,"[[695, 0, 0, 0, 184, 0, 71, 1, 1, 84, 0], [38, 502, 3, 0, 230, 0, 1, 0, 0, 10, 0], [47, 131, 393, 0, 214, 0, 7, 0, 0, 1, 0], [2, 0, 0, 735, 28, 0, 5, 14, 0, 1, 0], [122, 4, 0, 84, 1717, 0, 13, 9, 0, 115, 0], [103, 9, 16, 44, 1523, 21, 136, 7, 3, 103, 0], [0, 0, 0, 5, 13, 0, 3254, 0, 10, 3, 0], [6, 0, 0, 31, 25, 0, 13, 1579, 93, 0, 0], [5, 0, 0, 1, 5, 0, 147, 0, 1655, 0, 0], [15, 1, 0, 15, 404, 1, 184, 0, 3, 999, 0], [165, 8, 0, 92, 1171, 2, 204, 22, 10, 210, 0]]"
19,58.55551806,1.086177089,0.578340958,0.567270703,0.482878491,576428280,85.32818533,70.15306122,1.639344262,90.06369427,30.71705426,1.628498728,93.08980213,98.62621637,96.96635411,0,55.78556263,"[[884, 1, 0, 1, 11, 0, 6, 14, 1, 0, 118], [149, 550, 0, 0, 48, 0, 0, 8, 0, 0, 29], [148, 514, 13, 0, 91, 0, 0, 11, 0, 0, 16], [2, 0, 0, 707, 1, 0, 0, 56, 0, 0, 19], [455, 35, 1, 300, 634, 0, 0, 53, 2, 0, 584], [345, 67, 9, 151, 376, 32, 40, 33, 13, 0, 899], [9, 0, 0, 16, 9, 0, 3058, 0, 74, 0, 119], [3, 0, 0, 6, 0, 0, 5, 1723, 0, 0, 10], [5, 0, 0, 1, 0, 0, 4, 44, 1758, 0, 1], [85, 4, 0, 19, 41, 0, 41, 0, 4, 0, 1428], [338, 35, 0, 130, 156, 0, 46, 103, 25, 0, 1051]]"
20,56.41241984,1.418443767,0.708198866,0.529787036,0.505990518,606766607,81.27413127,63.64795918,5.674653216,64.7133758,90.50387597,26.41221374,85.63165906,83.05666857,81.79812466,0,0.053078556,"[[842, 0, 0, 0, 174, 17, 3, 0, 0, 0, 0], [61, 499, 0, 0, 209, 15, 0, 0, 0, 0, 0], [85, 421, 45, 0, 237, 5, 0, 0, 0, 0, 0], [0, 5, 0, 508, 260, 7, 0, 5, 0, 0, 0], [137, 0, 0, 0, 1868, 59, 0, 0, 0, 0, 0], [181, 5, 0, 0, 1257, 519, 3, 0, 0, 0, 0], [5, 0, 0, 0, 419, 41, 2813, 0, 7, 0, 0], [2, 0, 0, 1, 286, 1, 2, 1451, 4, 0, 0], [5, 0, 0, 0, 224, 5, 96, 0, 1483, 0, 0], [35, 0, 0, 0, 1431, 125, 31, 0, 0, 0, 0], [152, 7, 0, 0, 1509, 188, 26, 1, 0, 0, 1]]"
21,59.41050737,1.149946879,0.762709496,0.548163259,0.519220993,634771221,49.32432432,2.423469388,60.15132409,81.78343949,0,96.84478372,98.44748858,98.96966228,94.76006619,20.22194821,0.053078556,"[[511, 0, 0, 0, 0, 463, 27, 28, 1, 6, 0], [0, 19, 331, 0, 0, 434, 0, 0, 0, 0, 0], [15, 0, 477, 0, 0, 298, 3, 0, 0, 0, 0], [0, 0, 0, 642, 0, 65, 2, 76, 0, 0, 0], [3, 0, 0, 19, 0, 1952, 7, 67, 0, 16, 0], [0, 0, 0, 1, 0, 1903, 37, 22, 2, 0, 0], [0, 0, 0, 0, 0, 43, 3234, 0, 8, 0, 0], [0, 0, 0, 2, 0, 9, 5, 1729, 2, 0, 0], [0, 0, 0, 0, 0, 6, 61, 28, 1718, 0, 0], [0, 0, 0, 7, 0, 1212, 72, 0, 3, 328, 0], [0, 0, 0, 8, 0, 1657, 116, 87, 3, 12, 1]]"
22,52.2162223,1.373736934,0.643062185,0.559114574,0.539581636,667443270,88.41698842,55.99489796,67.08701135,83.82165605,85.99806202,0,54.12480974,86.09044076,86.1555433,7.336621455,0,"[[916, 0, 0, 0, 114, 0, 0, 0, 0, 6, 0], [125, 439, 63, 0, 157, 0, 0, 0, 0, 0, 0], [119, 0, 532, 0, 142, 0, 0, 0, 0, 0, 0], [1, 0, 0, 658, 117, 0, 0, 9, 0, 0, 0], [279, 3, 0, 0, 1775, 0, 0, 0, 0, 7, 0], [286, 1, 38, 0, 1639, 0, 0, 1, 0, 0, 0], [46, 0, 0, 1, 1389, 0, 1778, 0, 31, 40, 0], [5, 0, 0, 15, 223, 0, 0, 1504, 0, 0, 0], [18, 0, 0, 0, 228, 0, 3, 2, 1562, 0, 0], [127, 0, 0, 1, 1375, 0, 0, 0, 0, 119, 0], [233, 1, 0, 0, 1639, 0, 4, 3, 0, 4, 0]]"
23,61.12048599,1.088090717,0.684382568,0.618863429,0.549845863,700115318,87.16216216,66.96428571,66.07818411,85.98726115,0.290697674,5.954198473,98.63013699,98.16828849,99.06232763,0,72.4522293,"[[903, 0, 3, 0, 0, 0, 31, 18, 1, 0, 80], [141, 525, 66, 0, 0, 0, 1, 0, 0, 0, 51], [120, 112, 524, 0, 0, 0, 9, 0, 1, 0, 27], [1, 0, 0, 675, 0, 0, 1, 74, 0, 0, 34], [350, 13, 90, 143, 6, 0, 8, 60, 5, 0, 1389], [268, 18, 108, 31, 0, 117, 149, 24, 37, 0, 1213], [0, 0, 0, 3, 0, 0, 3240, 0, 29, 0, 13], [0, 0, 0, 2, 0, 0, 5, 1715, 14, 0, 11], [5, 0, 0, 0, 0, 0, 10, 2, 1796, 0, 0], [45, 0, 3, 11, 0, 0, 162, 0, 6, 0, 1395], [227, 14, 0, 47, 0, 0, 132, 85, 14, 0, 1365]]"
24,62.05984925,1.168986399,0.67372519,0.615065238,0.580188934,735121082,55.5984556,17.09183673,87.01134931,82.1656051,42.49031008,14.30025445,83.56164384,97.53863766,98.78654164,98.027127,0,"[[576, 0, 49, 0, 23, 28, 1, 16, 1, 342, 0], [8, 134, 444, 0, 5, 30, 0, 0, 0, 163, 0], [32, 0, 690, 0, 13, 28, 0, 0, 0, 30, 0], [0, 0, 0, 645, 11, 0, 0, 45, 0, 84, 0], [35, 5, 107, 21, 877, 32, 1, 23, 5, 958, 0], [29, 1, 170, 2, 199, 281, 6, 6, 17, 1254, 0], [0, 0, 0, 1, 17, 5, 2745, 0, 24, 493, 0], [0, 0, 1, 0, 4, 0, 5, 1704, 18, 15, 0], [4, 0, 0, 0, 0, 2, 10, 6, 1791, 0, 0], [0, 0, 0, 0, 9, 7, 14, 0, 2, 1590, 0], [22, 12, 26, 5, 302, 55, 69, 50, 21, 1322, 0]]"
25,63.78107774,1.155869119,0.729238353,0.609561242,0.601292669,767793129,59.36293436,64.79591837,31.27364439,91.59235669,25.96899225,96.38676845,99.02587519,89.12421294,92.33314948,20.65351418,0,"[[615, 5, 0, 0, 0, 373, 27, 2, 1, 13, 0], [5, 508, 1, 0, 0, 267, 1, 0, 0, 2, 0], [31, 245, 248, 0, 0, 262, 7, 0, 0, 0, 0], [0, 0, 0, 719, 2, 27, 0, 37, 0, 0, 0], [22, 4, 0, 63, 536, 1370, 6, 15, 1, 47, 0], [0, 2, 0, 11, 8, 1894, 40, 4, 6, 0, 0], [0, 0, 0, 2, 0, 22, 3253, 0, 8, 0, 0], [0, 0, 0, 23, 0, 25, 5, 1557, 137, 0, 0], [0, 0, 0, 0, 0, 5, 134, 0, 1674, 0, 0], [1, 0, 0, 13, 5, 1077, 189, 0, 2, 335, 0], [0, 0, 0, 66, 86, 1531, 145, 24, 20, 12, 0]]"
26,57.1042862,1.175055536,0.722938004,0.547411525,0.48370161,798131458,47.2972973,93.49489796,5.926860025,77.4522293,0.290697674,0,97.38203957,98.45449342,85.65912852,6.226880395,89.96815287,"[[490, 209, 4, 0, 0, 0, 60, 14, 1, 2, 256], [0, 733, 0, 0, 0, 0, 2, 0, 0, 0, 49], [32, 629, 47, 0, 0, 0, 6, 0, 0, 0, 79], [0, 0, 0, 608, 0, 0, 5, 76, 0, 0, 96], [22, 186, 0, 11, 6, 0, 4, 31, 0, 0, 1804], [9, 176, 2, 1, 0, 0, 130, 18, 6, 0, 1623], [0, 0, 0, 0, 0, 0, 3199, 0, 52, 0, 34], [0, 0, 0, 0, 0, 0, 5, 1720, 0, 0, 22], [0, 0, 0, 0, 0, 0, 12, 228, 1553, 0, 20], [0, 26, 0, 0, 0, 0, 292, 0, 3, 101, 1200], [0, 68, 0, 0, 0, 0, 67, 51, 3, 0, 1695]]"
27,58.34739566,1.104188382,0.69323541,0.558484001,0.516515002,826136070,60.13513514,75.12755102,7.692307692,88.02547771,92.53875969,0,87.61035008,95.64968517,99.50358522,2.15782984,5.891719745,"[[623, 111, 0, 0, 293, 0, 2, 0, 1, 0, 6], [6, 589, 0, 0, 189, 0, 0, 0, 0, 0, 0], [32, 470, 61, 0, 230, 0, 0, 0, 0, 0, 0], [0, 5, 0, 691, 64, 0, 0, 25, 0, 0, 0], [35, 23, 0, 12, 1910, 0, 0, 1, 2, 0, 81], [14, 27, 3, 10, 1872, 0, 2, 0, 6, 0, 31], [0, 0, 0, 12, 269, 0, 2878, 0, 99, 0, 27], [0, 0, 0, 12, 24, 0, 4, 1671, 29, 0, 7], [0, 0, 0, 0, 6, 0, 3, 0, 1804, 0, 0], [2, 16, 0, 9, 1469, 0, 21, 0, 5, 35, 65], [20, 38, 0, 24, 1657, 0, 14, 7, 13, 0, 111]]"
28,67.23478457,0.803150032,0.751614259,0.649899552,0.643210202,856474401,66.98841699,35.58673469,83.48045397,81.65605096,75,18.47328244,96.10350076,95.70692616,99.66905681,16.15289766,46.07218684,"[[694, 51, 29, 0, 148, 8, 15, 0, 2, 8, 81], [11, 279, 339, 0, 139, 6, 0, 0, 0, 0, 10], [33, 1, 662, 0, 85, 2, 4, 0, 0, 0, 6], [0, 0, 0, 641, 28, 0, 2, 73, 0, 0, 41], [53, 12, 34, 6, 1548, 22, 0, 10, 5, 0, 374], [31, 7, 66, 1, 891, 363, 46, 6, 40, 0, 514], [0, 0, 0, 1, 10, 0, 3157, 0, 93, 0, 24], [0, 0, 0, 0, 0, 0, 4, 1672, 46, 0, 25], [2, 0, 0, 0, 1, 0, 2, 0, 1807, 0, 1], [4, 5, 1, 4, 299, 70, 127, 0, 7, 262, 843], [47, 19, 0, 1, 834, 22, 37, 21, 35, 0, 868]]"
29,68.71414107,0.879155697,0.732192118,0.665841326,0.630578288,884479014,87.25868726,10.84183673,88.39848676,84.20382166,30.95930233,39.33842239,99.26940639,99.54207212,94.3188086,41.55363748,56.74097665,"[[904, 0, 33, 0, 0, 4, 26, 26, 1, 8, 34], [111, 85, 552, 0, 0, 24, 1, 0, 0, 7, 4], [78, 0, 701, 0, 0, 3, 9, 0, 0, 0, 2], [1, 0, 1, 661, 0, 1, 4, 78, 0, 0, 39], [409, 2, 181, 43, 639, 133, 9, 100, 1, 8, 539], [279, 2, 199, 7, 33, 773, 132, 27, 2, 14, 497], [2, 0, 1, 1, 0, 0, 3261, 0, 13, 2, 5], [0, 0, 0, 1, 0, 0, 5, 1739, 0, 0, 2], [5, 0, 0, 0, 0, 0, 63, 35, 1710, 0, 0], [138, 0, 7, 10, 5, 155, 273, 0, 4, 674, 356], [292, 6, 33, 17, 40, 109, 127, 109, 4, 78, 1069]]"
30,42.60321746,1.999353277,0.726296675,0.379864916,0.369038662,914817345,27.41312741,1.020408163,0,65.35031847,0.096899225,99.94910941,54.70319635,93.18832284,74.9586321,1.171393342,0,"[[284, 0, 0, 0, 0, 752, 0, 0, 0, 0, 0], [0, 8, 0, 0, 0, 776, 0, 0, 0, 0, 0], [0, 0, 0, 0, 0, 793, 0, 0, 0, 0, 0], [0, 0, 0, 513, 0, 253, 0, 19, 0, 0, 0], [0, 0, 0, 0, 2, 2062, 0, 0, 0, 0, 0], [0, 0, 0, 0, 0, 1964, 0, 1, 0, 0, 0], [0, 0, 0, 0, 0, 1488, 1797, 0, 0, 0, 0], [0, 0, 0, 0, 0, 119, 0, 1628, 0, 0, 0], [0, 0, 0, 0, 0, 415, 20, 19, 1359, 0, 0], [0, 0, 0, 0, 0, 1601, 2, 0, 0, 19, 0], [0, 0, 0, 0, 0, 1879, 0, 2, 0, 3, 0]]"
31,60.94611317,1.049601098,0.655652061,0.597346019,0.51088638,938154521,84.07335907,91.07142857,2.143757881,85.98726115,4.166666667,0,97.96042618,98.45449342,94.92553778,14.85819975,83.43949045,"[[871, 28, 0, 1, 3, 0, 19, 8, 1, 6, 99], [42, 714, 0, 0, 2, 0, 0, 0, 0, 0, 26], [113, 600, 17, 0, 15, 0, 5, 0, 0, 0, 43], [0, 0, 0, 675, 0, 0, 1, 73, 0, 0, 36], [207, 97, 0, 186, 86, 0, 2, 27, 0, 0, 1459], [209, 50, 2, 75, 12, 0, 131, 20, 12, 0, 1454], [2, 0, 0, 13, 0, 0, 3218, 0, 36, 0, 16], [0, 1, 0, 2, 0, 0, 5, 1720, 0, 0, 19], [5, 0, 0, 1, 0, 0, 26, 42, 1721, 0, 18], [87, 11, 0, 10, 10, 0, 140, 0, 1, 241, 1122], [122, 42, 0, 66, 0, 0, 34, 46, 2, 0, 1572]]"
32,54.38182023,1.2203352,0.786966797,0.49959464,0.487479402,966159134,48.74517375,16.45408163,64.69104666,42.1656051,4.021317829,99.6437659,84.99238965,96.85174585,89.96138996,1.602959309,0.42462845,"[[505, 11, 1, 0, 0, 517, 2, 0, 0, 0, 0], [0, 129, 447, 0, 0, 208, 0, 0, 0, 0, 0], [0, 1, 513, 0, 0, 279, 0, 0, 0, 0, 0], [0, 0, 0, 331, 0, 380, 0, 74, 0, 0, 0], [14, 9, 0, 0, 83, 1913, 1, 26, 0, 15, 3], [1, 1, 0, 0, 0, 1958, 0, 5, 0, 0, 0], [0, 0, 0, 0, 0, 485, 2792, 0, 8, 0, 0], [0, 0, 0, 0, 0, 40, 5, 1692, 8, 0, 2], [0, 0, 0, 0, 0, 119, 63, 0, 1631, 0, 0], [1, 0, 0, 0, 0, 1570, 25, 0, 0, 26, 0], [0, 2, 0, 0, 3, 1840, 16, 14, 1, 0, 8]]"
33,68.59039262,0.883397179,0.677432918,0.672425296,0.634020713,996497463,72.87644788,95.53571429,33.29129887,79.23566879,67.87790698,36.33587786,97.62557078,99.71379508,92.44346387,59.37114673,5.360934183,"[[755, 125, 46, 0, 37, 8, 14, 35, 1, 9, 6], [15, 749, 3, 0, 12, 1, 0, 0, 0, 4, 0], [41, 465, 264, 0, 11, 4, 5, 1, 0, 2, 0], [0, 0, 0, 622, 48, 1, 2, 96, 0, 7, 9], [141, 201, 4, 4, 1401, 64, 5, 121, 1, 73, 49], [170, 145, 100, 0, 603, 714, 51, 59, 5, 91, 27], [0, 1, 2, 1, 10, 9, 3207, 2, 43, 10, 0], [0, 0, 0, 0, 0, 0, 5, 1742, 0, 0, 0], [4, 0, 0, 0, 0, 1, 21, 111, 1676, 0, 0], [74, 94, 7, 4, 204, 178, 92, 0, 6, 963, 0], [141, 63, 21, 6, 903, 119, 85, 184, 11, 250, 101]]"
34,52.0643492,1.591488615,0.668595722,0.44962093,0.418178968,1019834641,2.027027027,41.32653061,2.774274905,69.04458599,0,99.94910941,93.78995434,97.71036062,87.58963045,0,0.371549894,"[[21, 0, 0, 0, 0, 1012, 3, 0, 0, 0, 0], [0, 324, 0, 0, 0, 460, 0, 0, 0, 0, 0], [0, 155, 22, 0, 0, 616, 0, 0, 0, 0, 0], [0, 0, 0, 542, 0, 209, 0, 34, 0, 0, 0], [0, 0, 0, 0, 0, 2063, 1, 0, 0, 0, 0], [0, 0, 0, 0, 0, 1964, 1, 0, 0, 0, 0], [0, 0, 0, 0, 0, 197, 3081, 0, 7, 0, 0], [0, 0, 0, 2, 0, 28, 5, 1707, 0, 0, 5], [0, 0, 0, 0, 0, 67, 156, 2, 1588, 0, 0], [0, 0, 0, 0, 0, 1577, 45, 0, 0, 0, 0], [0, 0, 0, 0, 0, 1852, 22, 3, 0, 0, 7]]"
35,66.52041849,0.967284457,0.724436546,0.662556674,0.621307953,1045505533,95.75289575,63.64795918,51.57629256,89.04458599,55.0872093,24.22391858,98.11263318,97.30967373,98.73138445,53.94574599,1.380042463,"[[992, 0, 0, 0, 12, 0, 16, 11, 2, 3, 0], [274, 499, 2, 0, 2, 3, 2, 0, 0, 2, 0], [231, 130, 409, 0, 10, 2, 10, 0, 0, 1, 0], [2, 0, 0, 699, 16, 0, 0, 66, 0, 2, 0], [647, 8, 0, 86, 1137, 31, 4, 67, 8, 69, 7], [544, 13, 13, 162, 498, 476, 108, 11, 34, 101, 5], [15, 0, 0, 1, 5, 0, 3223, 0, 41, 0, 0], [1, 0, 0, 7, 0, 0, 5, 1700, 34, 0, 0], [5, 0, 0, 0, 0, 0, 18, 0, 1790, 0, 0], [353, 1, 0, 18, 153, 17, 197, 0, 8, 875, 0], [427, 10, 0, 101, 822, 23, 101, 75, 75, 224, 26]]"
36,63.62357971,0.987650674,0.828314768,0.612364412,0.625677005,1078177579,64.18918919,48.46938776,53.84615385,64.7133758,5.910852713,96.23409669,90.0152207,99.31310819,93.10535025,57.64488286,0.159235669,"[[665, 2, 0, 0, 0, 334, 5, 7, 0, 23, 0], [0, 380, 9, 0, 0, 389, 0, 0, 0, 6, 0], [5, 1, 427, 0, 0, 359, 0, 0, 0, 1, 0], [0, 0, 0, 508, 0, 217, 0, 60, 0, 0, 0], [28, 0, 0, 2, 122, 1802, 1, 24, 0, 84, 1], [16, 0, 0, 0, 0, 1891, 6, 14, 0, 36, 2], [0, 0, 0, 0, 0, 300, 2957, 0, 8, 20, 0], [0, 0, 0, 2, 0, 5, 5, 1735, 0, 0, 0], [0, 0, 0, 0, 0, 32, 59, 34, 1688, 0, 0], [1, 0, 0, 0, 0, 668, 17, 0, 1, 935, 0], [30, 2, 0, 0, 17, 1666, 21, 34, 0, 111, 3]]"
37,72.64596693,0.781863844,0.783319663,0.724643099,0.695940467,1113183348,89.09266409,57.14285714,84.86759142,80.12738854,62.1124031,0.712468193,97.80821918,99.08414425,96.80088252,72.5647349,56.7940552,"[[923, 4, 9, 0, 31, 0, 8, 5, 0, 22, 34], [71, 448, 212, 0, 40, 0, 0, 0, 0, 12, 1], [78, 1, 673, 0, 27, 0, 6, 0, 0, 4, 4], [0, 0, 0, 629, 8, 0, 1, 75, 0, 1, 71], [207, 11, 72, 5, 1282, 0, 0, 14, 0, 42, 431], [258, 2, 86, 0, 621, 14, 67, 13, 0, 57, 847], [7, 0, 0, 1, 11, 0, 3213, 0, 31, 12, 10], [0, 0, 0, 0, 0, 0, 5, 1731, 0, 0, 11], [5, 0, 0, 0, 0, 0, 15, 37, 1755, 0, 1], [96, 0, 0, 0, 83, 0, 57, 0, 2, 1177, 207], [183, 7, 5, 1, 394, 0, 40, 38, 4, 142, 1070]]"
38,75.49780628,0.689851042,0.780798016,0.75340752,0.7395902,1148189115,80.5984556,73.59693878,83.85876419,87.38853503,76.98643411,61.11959288,97.47336377,98.5117344,97.1869829,66.02959309,5.997876858,"[[835, 2, 27, 0, 77, 62, 13, 0, 1, 19, 0], [31, 577, 66, 0, 59, 44, 0, 0, 0, 7, 0], [33, 1, 665, 0, 16, 73, 3, 0, 0, 2, 0], [0, 0, 0, 686, 29, 1, 0, 63, 0, 3, 3], [86, 9, 55, 10, 1589, 182, 1, 18, 1, 78, 35], [84, 5, 56, 1, 506, 1201, 14, 4, 1, 74, 19], [0, 0, 0, 2, 5, 40, 3202, 0, 22, 14, 0], [0, 0, 0, 6, 0, 0, 5, 1721, 6, 0, 9], [0, 0, 0, 1, 0, 6, 43, 1, 1762, 0, 0], [17, 0, 0, 9, 200, 261, 61, 0, 3, 1071, 0], [86, 13, 0, 22, 1085, 307, 44, 20, 3, 191, 113]]"
39,73.38283271,0.712482878,0.78395651,0.740712238,0.722815238,1180861163,76.15830116,76.53061224,83.10214376,80.89171975,71.85077519,12.56997455,91.81126332,98.22552948,98.56591285,92.54007398,32.53715499,"[[789, 18, 30, 0, 66, 0, 3, 0, 1, 93, 36], [24, 600, 56, 0, 61, 0, 0, 0, 0, 43, 0], [42, 20, 659, 0, 59, 0, 0, 0, 0, 13, 0], [0, 0, 0, 635, 7, 0, 0, 67, 0, 16, 60], [76, 23, 32, 3, 1483, 6, 0, 1, 0, 240, 200], [101, 15, 60, 1, 835, 247, 1, 4, 0, 459, 242], [0, 0, 0, 1, 28, 2, 3016, 0, 49, 170, 19], [0, 0, 0, 0, 0, 0, 5, 1716, 1, 0, 25], [4, 0, 0, 0, 0, 2, 10, 2, 1787, 0, 8], [12, 0, 0, 0, 67, 2, 18, 0, 2, 1501, 20], [95, 12, 0, 4, 589, 7, 21, 7, 6, 530, 613]]"
40,57.43053212,1.322316324,0.867516051,0.552830663,0.549786779,1211199493,65.25096525,37.62755102,54.98108449,67.89808917,0.726744186,99.49109415,85.08371385,97.88208357,97.02151131,1.726263872,0.42462845,"[[676, 0, 0, 0, 0, 359, 1, 0, 0, 0, 0], [0, 295, 26, 0, 0, 463, 0, 0, 0, 0, 0], [32, 0, 436, 0, 0, 325, 0, 0, 0, 0, 0], [0, 0, 0, 533, 0, 184, 0, 66, 0, 0, 2], [38, 0, 0, 0, 15, 2010, 1, 0, 0, 0, 0], [7, 0, 0, 0, 0, 1955, 0, 3, 0, 0, 0], [0, 0, 0, 0, 0, 473, 2795, 0, 17, 0, 0], [0, 0, 0, 2, 0, 24, 5, 1710, 4, 0, 2], [0, 0, 0, 0, 0, 11, 41, 2, 1759, 0, 0], [4, 0, 0, 0, 0, 1572, 18, 0, 0, 28, 0], [35, 3, 0, 0, 0, 1809, 20, 8, 0, 1, 8]]"
41,69.61412982,0.828309108,0.726178639,0.665211348,0.621720037,1241537823,56.08108108,91.96428571,4.035308953,84.58598726,67.53875969,2.442748092,94.52054795,99.37034917,99.61389961,72.50308261,59.07643312,"[[581, 174, 36, 0, 142, 0, 8, 18, 1, 35, 41], [0, 721, 0, 0, 51, 0, 0, 0, 0, 12, 0], [30, 632, 32, 0, 87, 0, 3, 0, 0, 5, 4], [0, 0, 0, 664, 2, 0, 0, 78, 0, 1, 40], [23, 112, 0, 70, 1394, 0, 1, 35, 4, 27, 398], [13, 79, 3, 33, 926, 48, 28, 19, 34, 61, 721], [0, 0, 0, 4, 39, 0, 3105, 0, 80, 49, 8], [0, 0, 0, 1, 0, 0, 5, 1736, 1, 0, 4], [0, 0, 0, 0, 2, 0, 4, 1, 1806, 0, 0], [0, 12, 0, 4, 165, 0, 24, 0, 6, 1176, 235], [23, 29, 0, 39, 469, 0, 25, 71, 18, 97, 1113]]"
42,36.51141861,2.099921976,0.614584014,0.331545485,0.311759639,1269542433,12.45173745,0.12755102,48.92812106,6.242038217,0,100,30.0456621,81.79736691,85.10755654,0,0,"[[129, 0, 0, 0, 0, 907, 0, 0, 0, 0, 0], [0, 1, 240, 0, 0, 543, 0, 0, 0, 0, 0], [0, 0, 388, 0, 0, 405, 0, 0, 0, 0, 0], [0, 0, 0, 49, 0, 736, 0, 0, 0, 0, 0], [0, 0, 0, 0, 0, 2064, 0, 0, 0, 0, 0], [0, 0, 0, 0, 0, 1965, 0, 0, 0, 0, 0], [0, 0, 0, 0, 0, 2291, 987, 0, 7, 0, 0], [0, 0, 0, 0, 0, 318, 0, 1429, 0, 0, 0], [0, 0, 0, 0, 0, 266, 4, 0, 1543, 0, 0], [0, 0, 0, 0, 0, 1622, 0, 0, 0, 0, 0], [0, 0, 0, 0, 0, 1884, 0, 0, 0, 0, 0]]"
43,62.81921476,1.000001549,0.71428284,0.631309881,0.618216111,1297547047,71.71814672,73.21428571,73.01387137,87.13375796,0,79.23664122,99.9695586,98.34001145,74.24158853,9.494451295,28.07855626,"[[743, 2, 2, 0, 0, 146, 116, 2, 0, 0, 25], [15, 574, 23, 0, 0, 166, 5, 0, 0, 0, 1], [32, 42, 579, 0, 0, 122, 18, 0, 0, 0, 0], [0, 0, 0, 684, 0, 5, 18, 72, 0, 0, 6], [56, 5, 3, 43, 0, 1700, 38, 15, 0, 0, 204], [39, 1, 3, 11, 0, 1557, 242, 9, 2, 0, 101], [0, 0, 0, 0, 0, 0, 3284, 0, 1, 0, 0], [0, 0, 0, 5, 0, 1, 8, 1718, 1, 0, 14], [0, 0, 0, 0, 0, 0, 465, 2, 1346, 0, 0], [8, 0, 0, 10, 0, 512, 748, 0, 0, 154, 190], [54, 7, 0, 48, 0, 958, 273, 15, 0, 0, 529]]"
44,59.31488356,1.015219662,0.770879059,0.572705401,0.57306402,1325551662,46.23552124,57.27040816,52.08070618,78.59872611,0,99.28753181,90.92846271,97.08070979,98.40044126,8.076448829,2.016985138,"[[479, 3, 24, 0, 0, 524, 4, 0, 1, 1, 0], [0, 449, 1, 0, 0, 334, 0, 0, 0, 0, 0], [0, 62, 413, 0, 0, 318, 0, 0, 0, 0, 0], [0, 0, 0, 617, 0, 136, 0, 32, 0, 0, 0], [6, 1, 0, 0, 0, 2048, 0, 1, 0, 0, 8], [0, 0, 0, 0, 0, 1951, 3, 3, 0, 0, 8], [0, 0, 0, 1, 0, 258, 2987, 0, 39, 0, 0], [0, 0, 0, 7, 0, 27, 5, 1696, 0, 0, 12], [0, 0, 0, 0, 0, 14, 13, 2, 1784, 0, 0], [0, 0, 0, 0, 0, 1447, 39, 0, 4, 131, 1], [0, 3, 0, 5, 0, 1814, 16, 8, 0, 0, 38]]"
45,70.159748,0.812342852,0.769959881,0.679472208,0.646471284,1358223710,76.35135135,16.96428571,92.30769231,82.92993631,59.68992248,6.819338422,97.10806697,99.65655409,99.72421401,46.54747226,69.32059448,"[[791, 11, 81, 0, 58, 0, 14, 24, 1, 19, 37], [34, 133, 564, 0, 41, 0, 1, 0, 0, 0, 11], [32, 1, 732, 0, 15, 0, 7, 0, 0, 0, 6], [0, 0, 1, 651, 1, 0, 2, 81, 0, 0, 49], [90, 3, 130, 9, 1232, 1, 1, 39, 9, 0, 550], [92, 2, 220, 1, 565, 134, 94, 19, 39, 6, 793], [0, 0, 0, 1, 4, 0, 3190, 0, 86, 2, 2], [0, 0, 0, 0, 0, 0, 5, 1741, 1, 0, 0], [1, 0, 1, 0, 0, 0, 3, 0, 1808, 0, 0], [21, 1, 27, 0, 62, 6, 160, 0, 10, 755, 580], [76, 0, 34, 19, 253, 1, 57, 96, 37, 5, 1306]]"
46,75.47530656,0.693142666,0.798764338,0.747526796,0.739906156,1393229475,58.78378378,77.29591837,86.50693569,85.98726115,56.29844961,83.66412214,98.75190259,99.14138523,96.08383894,70.53020962,9.23566879,"[[609, 23, 67, 0, 18, 255, 16, 6, 0, 29, 13], [0, 606, 61, 0, 4, 103, 1, 0, 0, 9, 0], [26, 20, 686, 0, 2, 51, 6, 0, 0, 2, 0], [0, 0, 0, 675, 2, 21, 1, 74, 0, 10, 2], [18, 30, 59, 10, 1162, 644, 1, 19, 1, 80, 40], [2, 14, 87, 1, 91, 1644, 32, 10, 0, 64, 20], [0, 0, 0, 1, 0, 7, 3244, 0, 16, 17, 0], [0, 0, 0, 3, 0, 0, 5, 1732, 1, 0, 6], [0, 0, 0, 0, 0, 4, 65, 2, 1742, 0, 0], [0, 0, 0, 2, 20, 385, 71, 0, 0, 1144, 0], [2, 15, 2, 37, 270, 1005, 96, 36, 1, 246, 174]]"
47,66.93666329,0.957231069,0.825851714,0.670205627,0.68605217,1416566654,51.54440154,60.71428571,68.3480454,84.33121019,46.02713178,96.18320611,70.86757991,98.68345736,99.17264203,61.03575832,0.318471338,"[[534, 1, 23, 0, 4, 444, 0, 0, 0, 30, 0], [0, 476, 26, 0, 1, 275, 0, 0, 0, 6, 0], [14, 18, 542, 0, 0, 218, 0, 0, 0, 1, 0], [0, 0, 0, 662, 2, 66, 0, 55, 0, 0, 0], [6, 3, 6, 0, 950, 1026, 0, 0, 0, 73, 0], [0, 0, 2, 0, 34, 1890, 0, 2, 0, 37, 0], [0, 0, 0, 1, 4, 763, 2328, 0, 57, 132, 0], [0, 0, 0, 4, 0, 13, 0, 1724, 1, 1, 4], [0, 0, 0, 0, 0, 12, 3, 0, 1798, 0, 0], [0, 0, 0, 0, 15, 614, 3, 0, 0, 990, 0], [0, 7, 0, 6, 176, 1497, 13, 10, 1, 168, 6]]"
48,72.63471707,0.838900373,0.819472113,0.717797753,0.700196311,1446904983,91.89189189,57.27040816,68.22194199,83.31210191,50.19379845,78.21882952,95.22070015,98.91242129,98.84169884,67.01602959,0.477707006,"[[952, 0, 0, 0, 2, 61, 5, 0, 0, 16, 0], [242, 449, 5, 0, 4, 78, 0, 0, 0, 6, 0], [165, 6, 541, 0, 0, 79, 0, 0, 0, 2, 0], [13, 0, 0, 654, 10, 48, 0, 56, 0, 4, 0], [357, 1, 0, 0, 1036, 571, 1, 3, 0, 95, 0], [285, 0, 5, 0, 52, 1537, 7, 3, 2, 74, 0], [5, 0, 0, 0, 0, 68, 3128, 0, 38, 46, 0], [0, 0, 0, 5, 0, 6, 5, 1728, 3, 0, 0], [4, 0, 0, 0, 0, 2, 15, 0, 1792, 0, 0], [151, 0, 0, 0, 27, 331, 22, 0, 4, 1087, 0], [211, 8, 0, 7, 358, 955, 43, 16, 9, 268, 9]]"
49,73.64157948,0.743010136,0.795306131,0.732433831,0.719276308,1477243314,65.83011583,69.26020408,83.22824716,87.00636943,32.8003876,81.78117048,99.36073059,99.59931311,95.36679537,82.3674476,9.076433121,"[[682, 4, 7, 0, 1, 177, 68, 10, 1, 72, 14], [4, 543, 58, 0, 1, 158, 2, 0, 0, 18, 0], [32, 3, 660, 0, 0, 86, 11, 0, 0, 1, 0], [0, 0, 0, 683, 0, 2, 7, 75, 0, 16, 2], [35, 31, 43, 45, 677, 940, 12, 36, 1, 189, 55], [12, 4, 32, 6, 2, 1607, 95, 17, 6, 171, 13], [0, 0, 0, 0, 0, 0, 3264, 0, 17, 4, 0], [0, 0, 0, 2, 0, 0, 5, 1740, 0, 0, 0], [0, 0, 0, 0, 0, 0, 80, 4, 1729, 0, 0], [2, 0, 0, 8, 2, 161, 108, 0, 2, 1336, 3], [20, 11, 0, 80, 42, 843, 179, 67, 0, 471, 171]]"
50,57.94240072,1.156930959,0.844813374,0.59991896,0.599343394,1505247928,74.22779923,64.28571429,77.42749054,70.06369427,2.858527132,97.70992366,68.67579909,97.48139668,93.16050745,10.35758323,3.662420382,"[[769, 4, 25, 0, 0, 238, 0, 0, 0, 0, 0], [13, 504, 55, 0, 0, 212, 0, 0, 0, 0, 0], [32, 1, 614, 0, 0, 146, 0, 0, 0, 0, 0], [0, 4, 0, 550, 0, 185, 0, 39, 0, 0, 7], [53, 13, 4, 0, 59, 1922, 0, 0, 0, 0, 13], [31, 0, 3, 0, 0, 1920, 0, 0, 0, 0, 11], [0, 0, 0, 0, 0, 1006, 2256, 0, 23, 0, 0], [0, 1, 0, 0, 0, 14, 0, 1703, 0, 0, 29], [0, 0, 0, 0, 0, 100, 8, 6, 1689, 0, 10], [8, 0, 0, 0, 0, 1441, 5, 0, 0, 168, 0], [45, 7, 0, 0, 0, 1760, 1, 2, 0, 0, 69]]"
51,72.02159973,0.713107367,0.775585609,0.697318952,0.687351675,1533252542,72.77992278,88.1377551,24.46406053,89.55414013,81.58914729,29.3129771,98.81278539,96.39381797,98.62107005,61.96054254,25.42462845,"[[754, 64, 0, 0, 126, 1, 51, 0, 2, 15, 23], [12, 691, 0, 0, 71, 3, 1, 0, 0, 6, 0], [33, 450, 194, 0, 96, 9, 9, 0, 0, 1, 1], [0, 0, 0, 703, 18, 0, 3, 52, 0, 1, 8], [50, 91, 0, 17, 1684, 15, 1, 4, 3, 35, 164], [37, 25, 10, 7, 1032, 576, 73, 6, 36, 37, 126], [0, 0, 0, 1, 1, 0, 3246, 0, 36, 1, 0], [0, 0, 0, 6, 0, 0, 5, 1684, 38, 0, 14], [0, 0, 0, 0, 0, 2, 23, 0, 1788, 0, 0], [7, 6, 0, 6, 316, 55, 164, 0, 8, 1005, 55], [38, 22, 0, 50, 1018, 30, 115, 11, 12, 109, 479]]"
52,59.16863539,1.030138012,0.849340784,0.575577327,0.578974987,1568258309,47.58687259,75,29.38209332,73.75796178,4.215116279,99.54198473,80.66971081,98.28277046,97.68339768,24.41430333,2.600849257,"[[493, 10, 0, 0, 0, 528, 1, 0, 0, 4, 0], [0, 588, 0, 0, 0, 196, 0, 0, 0, 0, 0], [0, 229, 233, 0, 0, 331, 0, 0, 0, 0, 0], [0, 5, 0, 579, 0, 146, 0, 47, 0, 0, 8], [2, 64, 0, 0, 87, 1904, 0, 0, 0, 6, 1], [0, 2, 0, 0, 0, 1956, 0, 0, 0, 0, 7], [0, 0, 0, 0, 0, 599, 2650, 0, 35, 1, 0], [0, 1, 0, 0, 0, 6, 4, 1717, 0, 0, 19], [0, 0, 0, 0, 0, 25, 14, 3, 1771, 0, 0], [0, 0, 0, 0, 0, 1218, 8, 0, 0, 396, 0], [0, 14, 0, 0, 0, 1800, 11, 4, 0, 6, 49]]"
53,74.42344471,0.707459647,0.783280568,0.731114917,0.718635214,1598596638,72.39382239,45.66326531,87.76796974,85.60509554,32.31589147,81.78117048,98.75190259,99.37034917,98.56591285,79.34648582,22.66454352,"[[750, 10, 51, 0, 1, 127, 34, 7, 1, 39, 16], [22, 358, 317, 0, 0, 76, 1, 0, 0, 10, 0], [32, 1, 696, 0, 0, 55, 7, 0, 0, 2, 0], [0, 0, 0, 672, 0, 4, 5, 76, 0, 12, 16], [60, 28, 77, 14, 667, 942, 3, 29, 1, 114, 129], [29, 2, 77, 2, 0, 1607, 57, 10, 15, 128, 38], [0, 0, 0, 0, 0, 4, 3244, 0, 32, 5, 0], [0, 0, 0, 2, 0, 0, 5, 1736, 4, 0, 0], [0, 0, 0, 0, 0, 3, 23, 0, 1787, 0, 0], [7, 0, 0, 1, 1, 198, 102, 0, 6, 1287, 20], [40, 25, 6, 19, 43, 815, 115, 55, 5, 334, 427]]"
54,71.59410507,0.740997549,0.79768848,0.733583687,0.710653013,1624267535,82.62548263,82.01530612,86.12862547,81.65605096,82.65503876,14.24936387,87.48858447,99.71379508,95.36679537,82.675709,12.36730361,"[[856, 7, 29, 0, 112, 0, 1, 5, 0, 26, 0], [36, 643, 20, 0, 72, 1, 0, 0, 0, 12, 0], [34, 3, 683, 0, 69, 1, 0, 0, 0, 3, 0], [0, 0, 0, 641, 54, 0, 0, 76, 0, 6, 8], [83, 63, 4, 2, 1706, 2, 0, 33, 0, 124, 47], [95, 10, 56, 1, 1286, 280, 1, 14, 0, 186, 36], [7, 0, 8, 14, 109, 6, 2874, 0, 66, 181, 20], [0, 0, 0, 0, 0, 0, 5, 1742, 0, 0, 0], [5, 0, 1, 0, 2, 0, 5, 70, 1729, 0, 1], [26, 0, 0, 0, 231, 4, 12, 0, 2, 1341, 6], [71, 14, 3, 9, 1185, 6, 11, 52, 5, 295, 233]]"
55,65.73855327,1.025695143,0.76631289,0.652425253,0.648238315,1656939583,64.96138996,73.46938776,70.23959647,79.23566879,0,98.16793893,98.69101979,99.02690326,93.65692223,37.29963009,2.919320594,"[[673, 4, 21, 0, 0, 323, 11, 0, 0, 4, 0], [0, 576, 4, 0, 0, 204, 0, 0, 0, 0, 0], [22, 11, 557, 0, 0, 200, 3, 0, 0, 0, 0], [0, 0, 0, 622, 0, 81, 2, 75, 0, 0, 5], [27, 51, 2, 0, 0, 1946, 1, 10, 0, 21, 6], [3, 1, 0, 0, 0, 1929, 13, 5, 0, 6, 8], [0, 0, 0, 0, 0, 35, 3242, 0, 7, 1, 0], [0, 0, 0, 4, 0, 0, 5, 1730, 0, 0, 8], [0, 0, 0, 0, 0, 8, 104, 3, 1698, 0, 0], [1, 0, 0, 0, 0, 923, 93, 0, 0, 605, 0], [2, 9, 0, 6, 0, 1704, 52, 17, 0, 39, 55]]"
56,67.51603105,0.864103232,0.825712263,0.678807979,0.680267167,1684944194,77.8957529,78.18877551,68.09583859,80.50955414,91.27906977,2.13740458,87.61035008,99.31310819,99.8896856,39.2108508,22.55838641,"[[807, 15, 5, 0, 193, 0, 2, 2, 2, 8, 2], [12, 613, 5, 0, 153, 1, 0, 0, 0, 0, 0], [32, 38, 540, 0, 179, 3, 0, 1, 0, 0, 0], [0, 0, 0, 632, 61, 0, 0, 77, 0, 0, 15], [41, 8, 0, 1, 1884, 0, 0, 21, 4, 0, 105], [30, 1, 0, 0, 1748, 42, 5, 7, 50, 8, 74], [2, 0, 0, 3, 148, 0, 2878, 0, 245, 7, 2], [0, 0, 0, 0, 0, 0, 2, 1735, 6, 0, 4], [0, 0, 0, 0, 2, 0, 0, 0, 1811, 0, 0], [17, 7, 0, 2, 807, 5, 22, 0, 11, 636, 115], [26, 0, 0, 6, 1321, 0, 6, 51, 49, 0, 425]]"
57,57.25053437,1.407067152,0.724487384,0.530171221,0.539395181,1712948806,52.7027027,40.81632653,34.42622951,71.71974522,0,98.82951654,98.93455099,92.55867201,81.30170987,11.89889026,0,"[[546, 0, 0, 0, 0, 455, 35, 0, 0, 0, 0], [0, 320, 2, 0, 0, 461, 1, 0, 0, 0, 0], [2, 1, 273, 0, 0, 512, 5, 0, 0, 0, 0], [0, 0, 0, 563, 0, 206, 2, 14, 0, 0, 0], [10, 0, 0, 0, 0, 2053, 1, 0, 0, 0, 0], [0, 0, 0, 0, 0, 1942, 23, 0, 0, 0, 0], [0, 0, 0, 0, 0, 31, 3250, 0, 4, 0, 0], [0, 0, 0, 3, 0, 121, 5, 1617, 1, 0, 0], [0, 0, 0, 0, 0, 49, 290, 0, 1474, 0, 0], [0, 0, 0, 0, 0, 1140, 289, 0, 0, 193, 0], [0, 0, 0, 0, 0, 1836, 41, 2, 0, 5, 0]]"
58,65.76105299,0.887297902,0.780817814,0.639476678,0.589077843,1738619703,89.67181467,85.33163265,8.448928121,86.11464968,79.84496124,0.559796438,91.35464231,98.79793932,99.17264203,16.09124538,48.03609342,"[[929, 7, 0, 0, 75, 0, 3, 0, 1, 4, 17], [45, 669, 0, 0, 68, 0, 0, 0, 0, 0, 2], [54, 536, 67, 0, 132, 0, 0, 0, 0, 0, 4], [0, 0, 0, 676, 12, 0, 0, 75, 0, 0, 22], [112, 79, 0, 7, 1648, 0, 0, 5, 0, 0, 213], [165, 13, 1, 9, 1403, 11, 3, 7, 3, 0, 350], [10, 0, 0, 18, 129, 0, 3001, 0, 79, 5, 43], [0, 0, 0, 0, 0, 0, 4, 1726, 1, 0, 16], [3, 0, 0, 0, 2, 0, 2, 5, 1798, 0, 3], [130, 11, 0, 5, 565, 0, 28, 0, 6, 261, 616], [110, 15, 0, 31, 802, 0, 0, 18, 3, 0, 905]]"
59,51.74935313,1.508344741,0.722143584,0.447318046,0.434417662,1761956880,8.687258687,50,8.827238335,54.14012739,0,99.54198473,96.13394216,80.25186033,91.34031991,3.020961776,0.106157113,"[[90, 1, 0, 0, 0, 933, 12, 0, 0, 0, 0], [0, 392, 0, 0, 0, 392, 0, 0, 0, 0, 0], [0, 130, 70, 0, 0, 591, 2, 0, 0, 0, 0], [0, 0, 0, 425, 0, 350, 0, 10, 0, 0, 0], [0, 0, 0, 0, 0, 2063, 1, 0, 0, 0, 0], [0, 0, 0, 0, 0, 1956, 9, 0, 0, 0, 0], [0, 0, 0, 0, 0, 120, 3158, 0, 7, 0, 0], [0, 0, 0, 0, 0, 304, 5, 1402, 21, 0, 15], [0, 0, 0, 0, 0, 40, 117, 0, 1656, 0, 0], [0, 0, 0, 0, 0, 1405, 168, 0, 0, 49, 0], [0, 0, 0, 0, 0, 1864, 18, 0, 0, 0, 2]]"
60,72.0159748,0.827010972,0.764106897,0.732746636,0.705392001,1792295211,84.94208494,56.50510204,86.8852459,85.35031847,49.37015504,77.15012723,79.11719939,99.71379508,98.06949807,79.46979038,9.447983015,"[[880, 6, 14, 0, 4, 78, 0, 27, 1, 26, 0], [30, 443, 223, 0, 1, 65, 0, 12, 0, 10, 0], [34, 1, 689, 0, 0, 62, 0, 1, 0, 6, 0], [0, 0, 0, 670, 4, 5, 1, 78, 0, 20, 7], [89, 98, 12, 6, 1019, 620, 0, 119, 4, 85, 12], [84, 11, 67, 1, 65, 1516, 1, 50, 19, 143, 8], [15, 0, 1, 0, 0, 80, 2599, 0, 110, 480, 0], [0, 0, 0, 0, 0, 0, 4, 1742, 1, 0, 0], [3, 0, 0, 0, 0, 2, 0, 30, 1778, 0, 0], [21, 0, 0, 2, 15, 275, 9, 1, 8, 1289, 2], [83, 17, 1, 19, 204, 782, 18, 151, 32, 399, 178]]"
61,76.47091911,0.70028342,0.792358573,0.757280183,0.748242336,1815632390,79.82625483,95.40816327,59.39470366,78.47133758,42.68410853,41.67938931,99.23896499,98.45449342,97.1869829,60.72749692,79.93630573,"[[827, 66, 33, 0, 13, 18, 20, 0, 0, 14, 45], [17, 748, 7, 0, 0, 0, 1, 0, 0, 1, 10], [35, 264, 471, 0, 0, 9, 8, 0, 0, 2, 4], [0, 0, 0, 616, 1, 0, 7, 75, 0, 0, 86], [111, 179, 13, 5, 881, 83, 3, 5, 0, 7, 777], [121, 83, 85, 0, 90, 819, 101, 9, 8, 44, 605], [0, 1, 0, 0, 0, 0, 3260, 0, 18, 5, 1], [0, 0, 0, 0, 0, 0, 5, 1720, 0, 0, 22], [2, 0, 0, 0, 0, 0, 47, 2, 1762, 0, 0], [31, 25, 2, 0, 16, 75, 84, 0, 6, 985, 398], [96, 39, 12, 11, 67, 36, 82, 8, 3, 24, 1506]]"
62,55.05681179,1.703586707,0.796349074,0.566420537,0.564073761,1841303284,80.5019305,58.92857143,57.62925599,75.03184713,97.86821705,0,61.30898021,90.84144247,97.90402648,2.836004932,0.212314225,"[[834, 0, 0, 0, 202, 0, 0, 0, 0, 0, 0], [9, 462, 5, 0, 308, 0, 0, 0, 0, 0, 0], [32, 8, 457, 0, 296, 0, 0, 0, 0, 0, 0], [0, 0, 0, 589, 183, 0, 0, 13, 0, 0, 0], [44, 0, 0, 0, 2020, 0, 0, 0, 0, 0, 0], [28, 0, 2, 0, 1935, 0, 0, 0, 0, 0, 0], [21, 0, 0, 5, 1157, 0, 2014, 0, 79, 9, 0], [0, 0, 0, 4, 151, 0, 0, 1587, 5, 0, 0], [1, 0, 0, 0, 37, 0, 0, 0, 1775, 0, 0], [19, 0, 0, 0, 1557, 0, 0, 0, 0, 46, 0], [28, 2, 0, 0, 1848, 0, 0, 1, 1, 0, 4]]"
63,67.83665204,0.872162852,0.743315326,0.665683548,0.62352415,1876309050,72.68339768,10.96938776,89.28121059,80.38216561,10.31976744,42.59541985,90.1978691,99.71379508,98.06949807,96.05425401,41.985138,"[[753, 0, 30, 0, 0, 26, 10, 44, 4, 154, 15], [25, 86, 512, 0, 6, 41, 0, 12, 2, 100, 0], [33, 0, 708, 0, 0, 33, 3, 0, 2, 14, 0], [0, 0, 1, 631, 0, 1, 2, 89, 0, 21, 40], [69, 2, 80, 37, 213, 202, 4, 156, 7, 534, 760], [91, 0, 60, 1, 5, 837, 32, 41, 82, 565, 251], [0, 0, 0, 0, 0, 0, 2963, 0, 67, 255, 0], [0, 0, 0, 0, 0, 0, 5, 1742, 0, 0, 0], [0, 0, 0, 0, 0, 0, 7, 28, 1778, 0, 0], [2, 0, 0, 0, 6, 3, 23, 0, 10, 1558, 20], [57, 0, 6, 23, 3, 73, 38, 145, 32, 716, 791]]"
64,70.94723816,0.798024136,0.762674363,0.719497597,0.701676841,1899646227,88.70656371,75.25510204,69.10466583,87.13375796,87.69379845,30.22900763,85.75342466,92.10074413,92.93987865,75.52404439,7.006369427,"[[919, 5, 4, 0, 81, 1, 1, 0, 0, 25, 0], [64, 590, 25, 0, 90, 4, 0, 0, 0, 11, 0], [57, 121, 548, 0, 63, 3, 0, 0, 0, 1, 0], [7, 9, 0, 684, 38, 0, 0, 31, 0, 3, 13], [134, 9, 7, 5, 1810, 18, 0, 0, 0, 67, 14], [208, 5, 35, 1, 1024, 594, 0, 1, 0, 75, 22], [11, 0, 15, 5, 110, 106, 2817, 0, 36, 167, 18], [0, 10, 0, 18, 67, 0, 5, 1609, 0, 0, 38], [5, 0, 45, 1, 56, 2, 14, 5, 1685, 0, 0], [53, 0, 0, 0, 295, 36, 10, 0, 0, 1225, 3], [127, 13, 0, 27, 1375, 27, 0, 2, 0, 181, 132]]"
65,75.3121836,0.768503678,0.746005831,0.759856268,0.730266084,1927650839,91.98841699,89.15816327,72.25725095,87.77070064,46.80232558,61.06870229,98.90410959,99.71379508,98.06949807,60.17262639,29.93630573,"[[953, 21, 6, 0, 10, 3, 14, 23, 1, 5, 0], [73, 699, 5, 0, 0, 4, 1, 0, 0, 2, 0], [58, 148, 573, 0, 0, 3, 10, 0, 0, 1, 0], [0, 0, 0, 689, 3, 1, 3, 76, 0, 1, 12], [413, 149, 20, 49, 966, 220, 6, 107, 3, 26, 105], [310, 53, 85, 19, 97, 1200, 54, 23, 14, 45, 65], [7, 0, 0, 1, 0, 0, 3249, 0, 26, 2, 0], [0, 0, 0, 0, 0, 0, 5, 1742, 0, 0, 0], [4, 0, 0, 0, 0, 0, 23, 8, 1778, 0, 0], [225, 14, 1, 13, 58, 158, 119, 0, 10, 976, 48], [256, 56, 10, 76, 356, 191, 114, 102, 7, 152, 564]]"
66,72.70221622,0.756643566,0.840248852,0.719642023,0.727408523,1950988016,63.41698842,83.80102041,78.68852459,74.9044586,57.55813953,15.26717557,95.28158295,98.34001145,97.95918367,35.9432799,90.44585987,"[[657, 31, 58, 0, 133, 3, 4, 4, 2, 21, 123], [3, 657, 5, 0, 102, 1, 0, 0, 0, 0, 16], [29, 39, 624, 0, 87, 1, 1, 0, 0, 0, 12], [0, 0, 0, 588, 1, 0, 0, 72, 0, 0, 124], [26, 55, 0, 0, 1188, 3, 0, 2, 0, 0, 790], [4, 2, 17, 0, 601, 300, 4, 5, 11, 0, 1021], [0, 0, 0, 0, 17, 0, 3130, 0, 56, 9, 73], [0, 0, 0, 0, 0, 0, 5, 1718, 0, 0, 24], [0, 0, 0, 0, 2, 0, 3, 3, 1776, 0, 29], [1, 2, 3, 0, 82, 17, 47, 0, 4, 583, 883], [2, 0, 0, 0, 162, 0, 2, 14, 0, 0, 1704]]"
67,56.8961638,1.441012827,0.864514036,0.526148777,0.530494865,1981326345,23.93822394,46.81122449,44.51450189,74.01273885,0.048449612,99.54198473,97.53424658,97.30967373,83.06674021,10.23427867,1.751592357,"[[248, 0, 0, 0, 0, 771, 16, 0, 0, 1, 0], [0, 367, 9, 0, 0, 408, 0, 0, 0, 0, 0], [0, 0, 353, 0, 0, 437, 3, 0, 0, 0, 0], [0, 0, 0, 581, 0, 162, 4, 35, 0, 0, 3], [1, 1, 0, 0, 1, 2055, 2, 0, 0, 1, 3], [0, 0, 0, 0, 0, 1956, 9, 0, 0, 0, 0], [0, 0, 0, 0, 0, 77, 3204, 0, 4, 0, 0], [0, 0, 0, 12, 0, 7, 5, 1700, 3, 0, 20], [0, 0, 0, 0, 0, 20, 287, 0, 1506, 0, 0], [0, 0, 0, 0, 0, 1172, 284, 0, 0, 166, 0], [0, 4, 0, 0, 0, 1799, 46, 2, 0, 0, 33]]"
68,71.47598155,0.754380876,0.767206939,0.701711333,0.660987622,2016332112,83.2046332,90.43367347,17.27616646,83.18471338,67.05426357,1.577608142,88.67579909,98.62621637,98.17981247,73.18125771,70.48832272,"[[862, 46, 1, 0, 61, 0, 1, 0, 0, 26, 39], [32, 709, 0, 0, 31, 0, 0, 0, 0, 10, 2], [41, 530, 137, 0, 76, 0, 0, 0, 0, 6, 3], [0, 0, 0, 653, 2, 0, 0, 76, 0, 0, 54], [93, 119, 0, 21, 1384, 0, 0, 8, 0, 20, 419], [130, 54, 31, 17, 977, 31, 1, 9, 0, 76, 639], [1, 2, 0, 5, 72, 0, 2913, 0, 41, 216, 35], [0, 0, 0, 1, 0, 0, 5, 1723, 0, 0, 18], [4, 0, 0, 1, 0, 0, 15, 7, 1780, 0, 6], [26, 6, 0, 0, 164, 0, 9, 0, 1, 1187, 229], [72, 35, 0, 28, 357, 0, 3, 7, 0, 54, 1328]]"
69,74.37282034,0.719213808,0.760559868,0.739223468,0.705561794,2039669290,84.26640927,84.56632653,47.03656999,88.02547771,51.64728682,14.1475827,97.62557078,99.65655409,98.34528406,90.87546239,56.95329087,"[[873, 10, 1, 1, 44, 0, 15, 17, 1, 47, 27], [39, 663, 1, 0, 39, 0, 0, 12, 1, 29, 0], [49, 270, 373, 0, 72, 0, 5, 12, 0, 11, 1], [0, 0, 0, 691, 1, 0, 3, 76, 0, 9, 5], [92, 80, 2, 125, 1066, 1, 0, 59, 1, 154, 484], [117, 19, 12, 107, 418, 278, 80, 48, 34, 327, 525], [0, 0, 0, 7, 0, 0, 3207, 0, 42, 28, 1], [0, 0, 0, 1, 0, 0, 5, 1741, 0, 0, 0], [0, 0, 0, 2, 0, 0, 18, 10, 1783, 0, 0], [8, 0, 0, 9, 25, 0, 39, 0, 6, 1474, 61], [77, 14, 0, 105, 103, 0, 47, 107, 5, 353, 1073]]"
70,65.94667567,0.950558554,0.813833977,0.651089969,0.626822361,2072341337,84.65250965,88.7755102,41.10970996,73.50318471,90.69767442,8.34605598,93.97260274,95.07727533,98.56591285,40.01233046,1.486199575,"[[877, 48, 2, 0, 101, 0, 2, 0, 0, 6, 0], [28, 696, 0, 0, 60, 0, 0, 0, 0, 0, 0], [44, 329, 326, 0, 92, 2, 0, 0, 0, 0, 0], [0, 47, 0, 577, 152, 0, 0, 9, 0, 0, 0], [88, 89, 0, 0, 1872, 0, 0, 0, 0, 15, 0], [125, 23, 21, 0, 1612, 164, 4, 0, 0, 10, 6], [5, 4, 2, 0, 127, 8, 3087, 0, 35, 17, 0], [0, 3, 0, 2, 71, 0, 5, 1661, 4, 0, 1], [3, 0, 0, 0, 6, 0, 17, 0, 1787, 0, 0], [53, 111, 0, 0, 787, 4, 16, 0, 2, 649, 0], [76, 13, 0, 0, 1715, 1, 16, 1, 1, 33, 28]]"
71,68.66914164,0.857142593,0.82318864,0.652074204,0.635408664,2105013385,73.55212355,9.948979592,74.52711223,74.9044586,0.968992248,96.13231552,97.80821918,97.08070979,98.40044126,69.91368681,24.04458599,"[[762, 0, 22, 0, 0, 220, 4, 0, 0, 23, 5], [4, 78, 339, 0, 0, 354, 0, 0, 0, 9, 0], [32, 0, 591, 0, 0, 165, 3, 0, 0, 2, 0], [0, 0, 0, 588, 0, 27, 16, 70, 0, 2, 82], [33, 2, 41, 0, 20, 1808, 0, 0, 0, 56, 104], [14, 0, 3, 0, 0, 1889, 9, 1, 0, 38, 11], [0, 0, 0, 0, 0, 32, 3213, 0, 18, 22, 0], [0, 0, 0, 1, 0, 1, 5, 1696, 10, 0, 34], [0, 0, 0, 0, 0, 5, 24, 0, 1784, 0, 0], [2, 0, 0, 0, 0, 449, 31, 0, 1, 1134, 5], [6, 3, 0, 0, 0, 1187, 39, 2, 0, 194, 453]]"
72,69.0797615,0.765696213,0.806857746,0.691828743,0.656297836,2140019151,84.74903475,86.60714286,46.15384615,85.98726115,88.71124031,2.748091603,92.87671233,98.91242129,97.2421401,74.47595561,2.547770701,"[[878, 23, 2, 0, 105, 0, 3, 0, 0, 25, 0], [28, 679, 0, 0, 70, 0, 0, 0, 0, 7, 0], [37, 296, 366, 0, 90, 2, 0, 0, 0, 2, 0], [0, 0, 0, 675, 38, 0, 0, 72, 0, 0, 0], [79, 80, 0, 5, 1831, 0, 0, 12, 0, 57, 0], [94, 17, 11, 1, 1700, 54, 6, 10, 0, 67, 5], [8, 2, 0, 12, 77, 1, 3051, 0, 50, 75, 9], [0, 1, 0, 3, 7, 0, 5, 1728, 0, 0, 3], [3, 0, 0, 1, 6, 0, 10, 30, 1763, 0, 0], [19, 2, 0, 2, 379, 0, 11, 0, 1, 1208, 0], [49, 16, 0, 32, 1571, 0, 11, 14, 1, 142, 48]]"
73,75.919676,0.665779934,0.832638433,0.739543907,0.755745771,2168023765,54.44015444,83.16326531,66.07818411,82.03821656,42.92635659,92.67175573,99.48249619,98.56897539,95.64258136,66.21454994,32.27176221,"[[564, 36, 29, 0, 5, 300, 61, 2, 1, 27, 11], [0, 652, 1, 0, 2, 119, 1, 0, 0, 9, 0], [2, 80, 524, 0, 0, 177, 9, 0, 0, 1, 0], [0, 0, 0, 644, 0, 3, 15, 74, 0, 3, 46], [6, 77, 0, 2, 886, 889, 3, 8, 1, 45, 147], [0, 3, 1, 0, 5, 1821, 52, 7, 3, 44, 29], [0, 0, 0, 0, 0, 0, 3268, 0, 17, 0, 0], [0, 0, 0, 0, 0, 0, 5, 1722, 4, 0, 16], [0, 0, 0, 0, 0, 2, 77, 0, 1734, 0, 0], [0, 0, 0, 0, 22, 334, 173, 0, 0, 1074, 19], [0, 20, 0, 8, 177, 783, 112, 14, 0, 162, 608]]"
74,71.78535268,0.72093042,0.810996853,0.705429378,0.704489832,2196028378,83.3011583,87.5,43.75788146,81.91082803,85.5620155,15.8778626,95.64687976,96.85174585,98.84169884,43.83477189,42.88747346,"[[863, 43, 0, 0, 112, 0, 4, 0, 1, 9, 4], [21, 686, 1, 0, 72, 3, 0, 0, 0, 0, 1], [41, 302, 347, 0, 100, 3, 0, 0, 0, 0, 0], [0, 15, 0, 643, 20, 0, 0, 39, 0, 0, 68], [65, 90, 0, 2, 1766, 1, 0, 0, 0, 0, 140], [78, 22, 8, 0, 1437, 312, 6, 1, 3, 9, 89], [2, 2, 0, 4, 60, 2, 3142, 0, 47, 11, 15], [0, 1, 0, 0, 0, 0, 5, 1692, 2, 0, 47], [1, 0, 0, 0, 2, 1, 16, 0, 1792, 0, 1], [29, 21, 0, 0, 588, 47, 28, 0, 4, 711, 194], [42, 25, 0, 11, 975, 6, 13, 2, 0, 2, 808]]"
75,74.5359433,0.726690183,0.783594377,0.734947021,0.725981649,2231034143,83.3976834,53.57142857,85.37200504,83.18471338,44.37984496,82.13740458,99.8173516,99.02690326,88.25151682,70.40690506,18.89596603,"[[864, 4, 15, 0, 7, 81, 41, 2, 0, 21, 1], [24, 420, 247, 0, 2, 78, 2, 0, 0, 11, 0], [33, 1, 677, 0, 0, 70, 11, 0, 0, 1, 0], [0, 0, 0, 653, 4, 5, 20, 74, 0, 11, 18], [113, 30, 79, 1, 916, 747, 11, 17, 0, 106, 44], [86, 7, 56, 0, 17, 1614, 71, 1, 0, 100, 13], [0, 0, 0, 0, 0, 0, 3279, 0, 5, 1, 0], [0, 0, 0, 1, 0, 0, 5, 1730, 4, 0, 7], [0, 0, 0, 0, 0, 2, 211, 0, 1600, 0, 0], [20, 0, 0, 0, 13, 261, 185, 0, 0, 1142, 1], [92, 26, 2, 12, 234, 626, 172, 12, 0, 352, 356]]"
76,80.0877489,0.54854871,0.827121295,0.795834244,0.801119176,2254371322,87.83783784,78.95408163,82.84993695,82.03821656,78.73062016,51.60305344,98.41704718,99.02690326,98.56591285,73.55117139,43.84288747,"[[910, 6, 2, 0, 77, 5, 13, 2, 1, 19, 1], [44, 619, 26, 0, 60, 24, 0, 0, 0, 11, 0], [38, 1, 657, 0, 35, 56, 3, 0, 0, 3, 0], [0, 0, 0, 644, 10, 0, 1, 76, 0, 1, 53], [96, 58, 2, 2, 1625, 72, 0, 15, 0, 53, 141], [109, 2, 14, 0, 610, 1014, 21, 10, 3, 83, 99], [0, 0, 0, 0, 7, 0, 3233, 0, 38, 6, 1], [0, 0, 0, 0, 0, 0, 5, 1730, 0, 0, 12], [1, 0, 0, 0, 0, 3, 16, 6, 1787, 0, 0], [39, 0, 0, 0, 168, 100, 59, 0, 6, 1193, 57], [88, 7, 0, 13, 706, 61, 39, 26, 3, 115, 826]]"
77,74.16469794,0.76910642,0.841344959,0.741312993,0.741164959,2277708501,85.03861004,78.06122449,83.22824716,73.50318471,16.27906977,44.27480916,98.50837139,98.39725243,99.11748483,46.7324291,92.30360934,"[[881, 4, 1, 0, 0, 20, 39, 0, 5, 13, 73], [48, 612, 52, 0, 4, 48, 2, 0, 0, 0, 18], [36, 2, 660, 0, 0, 78, 12, 0, 0, 0, 5], [0, 0, 0, 577, 0, 0, 7, 77, 0, 0, 124], [96, 33, 40, 0, 336, 119, 1, 4, 1, 0, 1434], [99, 10, 16, 0, 4, 870, 50, 10, 34, 17, 855], [0, 0, 0, 0, 0, 0, 3236, 0, 46, 0, 3], [0, 0, 0, 0, 0, 0, 5, 1719, 0, 0, 23], [0, 0, 0, 0, 0, 0, 16, 0, 1797, 0, 0], [23, 0, 0, 0, 9, 66, 173, 0, 8, 758, 585], [65, 3, 0, 0, 4, 17, 36, 16, 3, 1, 1739]]"
78,56.11429857,1.511843936,0.870255917,0.581944788,0.590299671,2305713113,66.31274131,74.23469388,55.48549811,68.78980892,32.55813953,100,51.05022831,93.87521465,97.2421401,0.431565968,0.159235669,"[[687, 10, 21, 0, 1, 317, 0, 0, 0, 0, 0], [1, 582, 1, 0, 2, 198, 0, 0, 0, 0, 0], [11, 26, 440, 0, 0, 316, 0, 0, 0, 0, 0], [0, 45, 0, 540, 46, 153, 0, 1, 0, 0, 0], [28, 27, 0, 0, 672, 1337, 0, 0, 0, 0, 0], [0, 0, 0, 0, 0, 1965, 0, 0, 0, 0, 0], [0, 0, 0, 0, 0, 1587, 1677, 0, 21, 0, 0], [3, 7, 0, 0, 19, 77, 0, 1640, 1, 0, 0], [0, 0, 0, 0, 0, 46, 4, 0, 1763, 0, 0], [8, 1, 0, 0, 19, 1587, 0, 0, 0, 7, 0], [8, 13, 0, 0, 223, 1635, 0, 2, 0, 0, 3]]"
79,77.77027787,0.706914929,0.774274411,0.784528343,0.759585874,2329050289,85.23166023,81.37755102,93.94703657,82.03821656,60.07751938,39.13486005,98.23439878,99.71379508,94.5394374,76.51048089,52.17622081,"[[883, 21, 76, 0, 12, 0, 9, 26, 0, 9, 0], [36, 638, 99, 0, 0, 0, 2, 0, 0, 9, 0], [34, 4, 745, 0, 0, 0, 5, 0, 0, 4, 1], [0, 0, 0, 644, 2, 0, 5, 84, 0, 1, 49], [238, 100, 77, 6, 1240, 28, 0, 69, 0, 70, 236], [259, 39, 174, 1, 276, 769, 70, 33, 6, 121, 217], [4, 0, 2, 0, 1, 2, 3227, 0, 44, 4, 1], [0, 0, 0, 0, 0, 0, 5, 1742, 0, 0, 0], [1, 0, 3, 0, 0, 0, 11, 84, 1714, 0, 0], [163, 18, 30, 0, 42, 19, 59, 1, 7, 1241, 42], [170, 25, 31, 12, 273, 16, 55, 110, 5, 204, 983]]"
80,53.49870627,1.456582282,0.837642177,0.499657445,0.505036531,2357054902,23.64864865,50.38265306,32.03026482,72.61146497,0.532945736,100,83.74429224,94.67658844,90.56811914,1.10974106,0.318471338,"[[245, 1, 0, 0, 0, 788, 2, 0, 0, 0, 0], [0, 395, 3, 0, 0, 386, 0, 0, 0, 0, 0], [0, 5, 254, 0, 0, 534, 0, 0, 0, 0, 0], [0, 0, 0, 570, 0, 188, 0, 14, 0, 0, 13], [0, 1, 0, 0, 11, 2052, 0, 0, 0, 0, 0], [0, 0, 0, 0, 0, 1965, 0, 0, 0, 0, 0], [0, 0, 0, 0, 0, 527, 2751, 0, 7, 0, 0], [0, 0, 0, 4, 0, 38, 4, 1654, 0, 0, 47], [0, 0, 0, 0, 0, 144, 27, 0, 1642, 0, 0], [0, 0, 0, 0, 0, 1575, 29, 0, 0, 18, 0], [0, 0, 0, 0, 0, 1876, 0, 2, 0, 0, 6]]"
81,78.61964225,0.636543333,0.812782621,0.782180944,0.787969628,2385059516,79.72972973,85.45918367,82.09331652,87.38853503,65.98837209,61.22137405,99.33028919,99.19862622,96.02868174,44.51294698,59.44798301,"[[826, 14, 7, 0, 33, 50, 73, 5, 1, 3, 24], [26, 670, 19, 0, 31, 27, 4, 0, 0, 3, 4], [33, 20, 651, 0, 3, 71, 13, 0, 0, 0, 2], [0, 0, 0, 686, 2, 0, 9, 71, 0, 0, 17], [67, 65, 19, 9, 1362, 183, 5, 19, 1, 2, 332], [55, 9, 25, 9, 268, 1203, 98, 9, 26, 10, 253], [0, 0, 0, 0, 0, 0, 3263, 0, 22, 0, 0], [0, 0, 0, 1, 0, 0, 5, 1733, 0, 0, 8], [0, 0, 0, 0, 0, 0, 72, 0, 1741, 0, 0], [18, 1, 0, 5, 79, 219, 372, 0, 3, 722, 203], [37, 21, 0, 34, 352, 145, 130, 23, 0, 22, 1120]]"
82,55.36618292,1.213579543,0.862245117,0.550760126,0.590921814,2420065281,53.28185328,47.19387755,45.52332913,67.51592357,29.06976744,99.89821883,52.99847793,95.99313108,94.3188086,14.73489519,5.307855626,"[[552, 0, 0, 0, 0, 481, 0, 0, 0, 3, 0], [0, 370, 6, 0, 2, 406, 0, 0, 0, 0, 0], [9, 1, 361, 0, 0, 422, 0, 0, 0, 0, 0], [0, 1, 0, 530, 26, 182, 0, 22, 0, 0, 24], [2, 1, 0, 0, 600, 1461, 0, 0, 0, 0, 0], [0, 0, 0, 0, 2, 1963, 0, 0, 0, 0, 0], [0, 0, 0, 0, 0, 1513, 1741, 0, 31, 0, 0], [0, 0, 0, 0, 0, 31, 0, 1677, 0, 0, 39], [0, 0, 0, 0, 0, 100, 1, 2, 1710, 0, 0], [0, 0, 0, 0, 13, 1370, 0, 0, 0, 239, 0], [0, 1, 0, 0, 148, 1633, 0, 2, 0, 0, 100]]"
83,74.13657329,0.753495603,0.743464588,0.726055291,0.700901054,2452737326,76.64092664,97.57653061,31.02143758,85.35031847,56.29844961,32.4173028,98.93455099,99.71379508,95.86321015,67.20098644,57.6433121,"[[794, 108, 42, 0, 12, 2, 36, 29, 1, 9, 3], [5, 765, 2, 0, 0, 0, 2, 0, 0, 10, 0], [33, 500, 246, 0, 0, 0, 10, 0, 0, 2, 2], [0, 0, 0, 670, 1, 0, 12, 82, 0, 0, 20], [134, 248, 4, 21, 1162, 25, 5, 94, 0, 37, 334], [126, 191, 53, 37, 238, 637, 210, 44, 19, 63, 347], [0, 1, 0, 0, 0, 0, 3250, 0, 34, 0, 0], [0, 0, 0, 0, 0, 0, 5, 1742, 0, 0, 0], [0, 0, 2, 0, 0, 0, 20, 53, 1738, 0, 0], [48, 101, 0, 3, 40, 33, 181, 2, 9, 1090, 115], [106, 70, 14, 38, 175, 6, 111, 144, 3, 131, 1086]]"
84,65.65980425,0.917397324,0.871054138,0.646593749,0.680089437,2487743094,64.96138996,60.96938776,59.01639344,81.91082803,41.4244186,99.74554707,81.40030441,93.13108185,94.70490899,23.79778052,10.1910828,"[[673, 0, 0, 0, 1, 360, 0, 0, 0, 2, 0], [0, 478, 4, 0, 5, 297, 0, 0, 0, 0, 0], [25, 6, 468, 0, 0, 294, 0, 0, 0, 0, 0], [1, 0, 0, 643, 9, 102, 0, 15, 0, 0, 15], [19, 0, 0, 0, 855, 1188, 0, 0, 0, 1, 1], [1, 0, 0, 0, 4, 1960, 0, 0, 0, 0, 0], [0, 0, 0, 0, 0, 593, 2674, 0, 18, 0, 0], [0, 0, 0, 5, 0, 49, 4, 1627, 6, 0, 56], [0, 0, 0, 0, 0, 56, 40, 0, 1717, 0, 0], [1, 0, 0, 0, 21, 1207, 5, 0, 0, 386, 2], [0, 2, 0, 1, 232, 1448, 4, 2, 0, 3, 192]]"
85,79.519631,0.602401689,0.827985206,0.786926509,0.796153915,2515747709,81.27413127,81.76020408,82.09331652,82.1656051,56.49224806,63.76590331,99.48249619,98.74069834,95.91836735,48.76695438,75.15923567,"[[842, 6, 6, 0, 19, 53, 68, 1, 1, 7, 33], [31, 641, 34, 0, 25, 40, 3, 0, 0, 4, 6], [33, 19, 651, 0, 2, 76, 10, 0, 0, 1, 1], [0, 0, 0, 645, 0, 2, 8, 75, 0, 0, 55], [74, 38, 40, 3, 1166, 217, 7, 12, 1, 6, 500], [71, 10, 24, 0, 104, 1253, 84, 6, 15, 16, 382], [0, 0, 0, 0, 0, 0, 3268, 0, 17, 0, 0], [0, 0, 0, 0, 0, 0, 5, 1725, 5, 0, 12], [0, 0, 0, 0, 0, 0, 74, 0, 1739, 0, 0], [19, 0, 0, 0, 33, 194, 328, 0, 0, 791, 257], [50, 15, 0, 12, 153, 94, 110, 14, 0, 20, 1416]]"
86,78.4396445,0.620471772,0.84127416,0.784345416,0.787231397,2541418606,83.49420849,85.20408163,83.22824716,78.21656051,36.24031008,46.31043257,97.96042618,99.02690326,99.28295643,63.31689273,90.49893843,"[[865, 10, 19, 0, 1, 30, 18, 0, 1, 17, 75], [30, 668, 34, 0, 15, 24, 0, 0, 0, 3, 10], [34, 17, 660, 0, 2, 66, 7, 0, 0, 1, 6], [0, 0, 0, 614, 1, 0, 1, 76, 0, 0, 93], [78, 83, 15, 0, 748, 101, 0, 12, 1, 5, 1021], [73, 19, 35, 0, 28, 910, 25, 10, 21, 35, 809], [0, 0, 0, 0, 0, 0, 3218, 0, 52, 8, 7], [0, 0, 0, 0, 0, 0, 5, 1730, 0, 0, 12], [0, 0, 0, 0, 0, 0, 13, 0, 1800, 0, 0], [12, 1, 0, 0, 12, 87, 66, 0, 6, 1027, 411], [45, 16, 0, 1, 25, 30, 22, 25, 5, 10, 1705]]"
87,56.3280459,1.412418295,0.891467802,0.521527398,0.528826998,2569423217,63.996139,32.90816327,13.74527112,67.77070064,6.637596899,99.94910941,81.21765601,98.34001145,98.67622725,7.891491985,2.547770701,"[[663, 0, 0, 0, 0, 372, 1, 0, 0, 0, 0], [0, 258, 0, 0, 0, 526, 0, 0, 0, 0, 0], [7, 1, 109, 0, 0, 676, 0, 0, 0, 0, 0], [32, 0, 0, 532, 3, 195, 0, 20, 0, 0, 3], [17, 0, 0, 0, 137, 1910, 0, 0, 0, 0, 0], [1, 0, 0, 0, 0, 1964, 0, 0, 0, 0, 0], [0, 0, 0, 0, 0, 582, 2668, 0, 35, 0, 0], [1, 0, 0, 0, 0, 21, 3, 1718, 2, 0, 2], [0, 0, 0, 0, 0, 11, 13, 0, 1789, 0, 0], [2, 0, 0, 0, 0, 1479, 13, 0, 0, 128, 0], [1, 1, 0, 0, 23, 1802, 6, 2, 0, 1, 48]]"
88,68.87726403,0.902931027,0.802608409,0.695843159,0.679392025,2592760394,78.86100386,77.29591837,83.98486759,82.5477707,34.78682171,4.17302799,97.41248097,99.71379508,98.78654164,21.82490752,86.0403397,"[[817, 2, 15, 0, 45, 0, 30, 38, 7, 9, 73], [21, 606, 23, 0, 85, 0, 2, 26, 0, 0, 21], [34, 1, 666, 0, 46, 1, 6, 25, 0, 0, 14], [0, 0, 0, 648, 1, 0, 3, 86, 0, 0, 47], [62, 28, 7, 15, 718, 0, 0, 112, 2, 0, 1120], [57, 3, 40, 7, 218, 82, 56, 50, 42, 0, 1410], [0, 0, 0, 0, 0, 0, 3200, 0, 77, 0, 8], [0, 0, 0, 0, 0, 0, 4, 1742, 1, 0, 0], [0, 0, 0, 0, 0, 0, 5, 17, 1791, 0, 0], [12, 0, 0, 6, 32, 21, 244, 0, 11, 354, 942], [27, 6, 0, 15, 48, 0, 22, 131, 14, 0, 1621]]"
89,74.10282371,0.691388181,0.838309782,0.736258078,0.741203043,2618431289,82.23938224,64.54081633,82.84993695,85.60509554,91.03682171,20.30534351,96.68188737,99.65655409,99.61389961,60.97410604,26.38004246,"[[852, 2, 24, 0, 133, 0, 9, 1, 1, 13, 1], [16, 506, 39, 0, 213, 5, 0, 0, 0, 5, 0], [35, 0, 657, 0, 95, 4, 2, 0, 0, 0, 0], [0, 0, 0, 672, 39, 0, 1, 70, 0, 0, 3], [59, 1, 25, 2, 1879, 3, 0, 14, 2, 27, 52], [43, 1, 46, 0, 1322, 399, 22, 3, 23, 32, 74], [0, 0, 0, 1, 25, 0, 3176, 0, 81, 2, 0], [0, 0, 0, 0, 0, 0, 5, 1741, 1, 0, 0], [2, 0, 0, 0, 1, 0, 4, 0, 1806, 0, 0], [21, 0, 4, 6, 411, 51, 108, 0, 7, 989, 25], [35, 8, 0, 20, 1168, 2, 36, 26, 18, 74, 497]]"
90,72.12847339,0.777443836,0.85566653,0.725530576,0.730982717,2648769622,84.26640927,70.28061224,72.00504414,87.6433121,20.49418605,95.82697201,90.92846271,98.85518031,99.06232763,60.72749692,17.99363057,"[[873, 2, 11, 0, 0, 133, 3, 0, 0, 14, 0], [32, 551, 1, 0, 2, 191, 0, 0, 0, 7, 0], [33, 10, 571, 0, 0, 178, 0, 0, 0, 1, 0], [31, 0, 0, 688, 0, 38, 0, 23, 0, 0, 5], [85, 7, 4, 1, 423, 1456, 0, 2, 0, 61, 25], [52, 5, 0, 0, 0, 1883, 2, 0, 0, 21, 2], [3, 0, 0, 0, 0, 229, 2987, 0, 43, 23, 0], [0, 0, 0, 2, 0, 1, 5, 1727, 2, 0, 10], [0, 0, 0, 0, 0, 9, 8, 0, 1796, 0, 0], [27, 0, 0, 0, 4, 587, 16, 0, 2, 985, 1], [60, 7, 0, 10, 56, 1209, 21, 4, 0, 178, 339]]"
91,75.00843739,0.696637833,0.823664241,0.740578231,0.750721352,2674440515,60.71428571,69.64285714,83.98486759,87.89808917,37.5,86.2086514,99.695586,99.08414425,84.28019857,71.76325524,33.8641189,"[[629, 8, 43, 0, 2, 220, 77, 0, 0, 48, 9], [0, 546, 90, 0, 3, 130, 2, 0, 0, 13, 0], [26, 0, 666, 0, 0, 89, 10, 0, 0, 2, 0], [0, 0, 0, 690, 0, 3, 19, 57, 0, 5, 11], [18, 25, 51, 4, 774, 930, 12, 7, 0, 117, 126], [0, 5, 48, 1, 0, 1694, 95, 2, 0, 102, 18], [0, 0, 0, 0, 0, 0, 3275, 0, 10, 0, 0], [0, 0, 0, 1, 0, 0, 5, 1731, 0, 0, 10], [0, 0, 0, 0, 0, 2, 283, 0, 1528, 0, 0], [0, 0, 0, 0, 10, 211, 230, 0, 0, 1164, 7], [0, 22, 0, 23, 56, 665, 163, 9, 0, 308, 638]]"
92,67.18978513,0.943707627,0.834126073,0.680283267,0.657910399,2700111409,91.6023166,75.6377551,71.50063052,88.02547771,91.08527132,3.002544529,92.93759513,99.71379508,98.06949807,22.5647349,14.17197452,"[[949, 3, 2, 0, 80, 0, 2, 0, 0, 0, 0], [74, 593, 3, 0, 113, 1, 0, 0, 0, 0, 0], [87, 19, 567, 0, 117, 3, 0, 0, 0, 0, 0], [9, 0, 0, 691, 27, 0, 0, 58, 0, 0, 0], [119, 15, 0, 2, 1880, 0, 0, 18, 0, 0, 30], [148, 1, 21, 8, 1687, 59, 3, 3, 0, 4, 31], [45, 0, 0, 14, 98, 0, 3053, 0, 58, 2, 15], [0, 0, 0, 0, 1, 0, 4, 1742, 0, 0, 0], [7, 0, 0, 0, 2, 0, 12, 14, 1778, 0, 0], [166, 0, 0, 6, 1016, 0, 41, 0, 4, 366, 23], [100, 12, 0, 33, 1444, 0, 8, 18, 2, 0, 267]]"
93,76.7521656,0.641002927,0.83244332,0.769714496,0.771353878,2730449738,79.34362934,83.54591837,87.51576293,77.07006369,39.87403101,31.043257,96.65144597,98.91242129,99.44842802,60.23427867,93.04670913,"[[822, 24, 32, 0, 31, 7, 8, 4, 3, 18, 87], [23, 655, 38, 0, 39, 11, 0, 0, 0, 2, 16], [32, 11, 694, 0, 19, 23, 2, 0, 0, 2, 10], [0, 0, 0, 605, 1, 0, 1, 74, 0, 0, 104], [65, 61, 27, 0, 823, 29, 0, 3, 0, 2, 1054], [70, 16, 62, 0, 126, 610, 15, 6, 10, 26, 1024], [0, 0, 0, 0, 9, 0, 3175, 0, 58, 19, 24], [0, 0, 0, 0, 0, 0, 5, 1728, 0, 0, 14], [0, 0, 0, 0, 0, 1, 9, 0, 1803, 0, 0], [12, 2, 3, 0, 29, 63, 43, 0, 6, 977, 487], [32, 15, 0, 0, 48, 9, 9, 14, 3, 1, 1753]]"
94,80.19462257,0.56622128,0.799770619,0.801969845,0.792648973,2760788068,80.69498069,94.77040816,74.90542245,83.43949045,67.68410853,49.10941476,95.89041096,99.71379508,99.28295643,76.32552404,60.35031847,"[[836, 50, 34, 0, 48, 0, 5, 17, 1, 20, 25], [11, 743, 7, 0, 6, 4, 0, 0, 0, 13, 0], [32, 126, 594, 0, 14, 17, 2, 0, 0, 6, 2], [0, 0, 0, 655, 2, 0, 1, 76, 0, 1, 50], [96, 129, 2, 4, 1397, 54, 0, 45, 1, 47, 289], [83, 61, 56, 1, 385, 965, 16, 19, 16, 85, 278], [0, 1, 0, 0, 7, 1, 3150, 0, 81, 40, 5], [0, 0, 0, 0, 0, 0, 4, 1742, 1, 0, 0], [0, 0, 1, 0, 0, 1, 5, 6, 1800, 0, 0], [36, 9, 8, 0, 102, 83, 36, 0, 11, 1238, 99], [69, 20, 1, 13, 375, 27, 19, 73, 21, 129, 1137]]"
95,78.54651817,0.638858385,0.799169953,0.785469803,0.771093221,2786458962,78.47490347,82.5255102,89.15510719,83.18471338,43.65310078,50.12722646,98.81278539,99.71379508,97.02151131,58.01479655,83.33333333,"[[813, 72, 64, 0, 11, 3, 6, 15, 0, 10, 42], [6, 647, 110, 0, 1, 9, 1, 0, 0, 1, 9], [32, 35, 707, 0, 0, 10, 4, 0, 0, 1, 4], [0, 0, 1, 653, 0, 0, 1, 76, 0, 0, 54], [116, 177, 22, 5, 901, 88, 0, 38, 0, 3, 714], [92, 70, 99, 1, 79, 985, 35, 13, 6, 25, 560], [0, 3, 0, 0, 1, 0, 3246, 0, 27, 3, 5], [0, 0, 0, 0, 0, 0, 5, 1742, 0, 0, 0], [0, 0, 2, 0, 0, 0, 31, 21, 1759, 0, 0], [60, 56, 10, 0, 29, 134, 64, 0, 7, 941, 321], [82, 30, 17, 19, 53, 14, 37, 54, 2, 6, 1570]]"
96,74.14219822,0.736005038,0.865650623,0.725053157,0.745968957,2821464726,63.41698842,81.76020408,61.03404792,90.1910828,50.14534884,98.57506361,96.52968037,98.91242129,94.15333701,27.06535142,35.77494692,"[[657, 6, 11, 0, 4, 336, 15, 0, 0, 4, 3], [0, 641, 1, 0, 6, 136, 0, 0, 0, 0, 0], [11, 43, 484, 0, 0, 255, 0, 0, 0, 0, 0], [0, 0, 0, 708, 3, 12, 0, 44, 0, 0, 18], [15, 65, 0, 0, 1035, 865, 2, 2, 0, 0, 80], [0, 1, 0, 0, 15, 1937, 3, 0, 0, 0, 9], [0, 0, 0, 0, 0, 97, 3171, 0, 17, 0, 0], [0, 0, 0, 2, 0, 1, 4, 1728, 0, 0, 12], [0, 0, 0, 0, 0, 6, 100, 0, 1707, 0, 0], [2, 1, 0, 0, 49, 1034, 53, 0, 2, 439, 42], [0, 20, 0, 15, 280, 863, 24, 7, 0, 1, 674]]"
97,80.16649792,0.57684305,0.833357766,0.79671648,0.799149033,2849469339,80.01930502,84.56632653,74.27490542,84.07643312,64.58333333,34.96183206,97.22983257,99.54207212,99.66905681,82.30579531,75.15923567,"[[829, 14, 2, 0, 69, 1, 27, 0, 5, 43, 46], [17, 663, 1, 0, 72, 7, 1, 0, 0, 23, 0], [42, 51, 589, 0, 70, 23, 5, 1, 2, 8, 2], [0, 0, 0, 660, 1, 0, 4, 72, 0, 1, 47], [58, 66, 0, 3, 1333, 10, 0, 9, 5, 97, 483], [31, 5, 10, 0, 419, 687, 37, 7, 53, 167, 549], [0, 0, 0, 1, 3, 0, 3194, 0, 72, 12, 3], [0, 0, 0, 0, 0, 0, 4, 1739, 3, 0, 1], [0, 0, 0, 0, 0, 0, 6, 0, 1807, 0, 0], [6, 0, 0, 0, 72, 14, 60, 0, 11, 1335, 124], [24, 10, 0, 18, 203, 5, 20, 20, 20, 148, 1416]]"
98,82.60209247,0.522804573,0.819753455,0.827810838,0.819619313,2882141389,78.08880309,92.60204082,88.14627995,83.56687898,55.23255814,70.02544529,97.35159817,99.71379508,98.84169884,85.08014797,61.94267516,"[[809, 31, 54, 0, 23, 45, 6, 5, 0, 42, 21], [9, 726, 15, 0, 3, 18, 0, 0, 0, 13, 0], [32, 12, 699, 0, 0, 39, 2, 0, 0, 8, 1], [0, 0, 0, 656, 0, 2, 2, 75, 0, 4, 46], [62, 137, 10, 4, 1140, 237, 0, 24, 1, 96, 353], [34, 37, 63, 1, 84, 1376, 21, 9, 4, 152, 184], [0, 1, 0, 0, 2, 2, 3198, 0, 45, 37, 0], [0, 0, 0, 0, 0, 0, 5, 1742, 0, 0, 0], [0, 0, 0, 0, 0, 2, 15, 4, 1792, 0, 0], [12, 5, 6, 0, 37, 97, 34, 0, 6, 1380, 45], [37, 39, 0, 18, 168, 145, 38, 37, 4, 231, 1167]]"
99,76.36404545,0.706218222,0.803616698,0.767533678,0.759524714,2905478567,78.66795367,65.17857143,91.92938209,80.50955414,39.92248062,57.20101781,91.59817352,99.71379508,98.34528406,96.79408138,44.42675159,"[[815, 6, 57, 0, 4, 31, 5, 6, 0, 96, 16], [29, 511, 129, 0, 3, 37, 0, 0, 0, 75, 0], [33, 0, 729, 0, 0, 17, 0, 0, 0, 14, 0], [0, 0, 0, 632, 0, 2, 2, 76, 0, 26, 47], [86, 54, 44, 3, 824, 192, 0, 27, 0, 486, 348], [73, 3, 90, 0, 24, 1124, 12, 12, 8, 491, 128], [0, 0, 0, 0, 0, 0, 3009, 0, 41, 234, 1], [0, 0, 0, 0, 0, 0, 5, 1742, 0, 0, 0], [1, 0, 0, 0, 0, 2, 15, 12, 1783, 0, 0], [7, 2, 4, 0, 9, 2, 18, 0, 4, 1570, 6], [53, 16, 3, 6, 25, 57, 30, 58, 2, 797, 837]]"
100,74.42344471,0.723829019,0.817300607,0.718125192,0.718188259,2931149461,68.05019305,88.64795918,35.81336696,85.60509554,31.54069767,80,99.847793,98.96966228,91.34031991,33.47718866,76.64543524,"[[705, 22, 29, 0, 3, 142, 102, 0, 1, 2, 30], [4, 695, 1, 0, 0, 72, 5, 0, 0, 1, 6], [27, 362, 284, 0, 0, 106, 13, 0, 0, 0, 1], [0, 0, 0, 672, 0, 1, 15, 67, 0, 0, 30], [29, 96, 0, 8, 651, 533, 13, 9, 1, 2, 722], [1, 10, 9, 2, 1, 1572, 130, 7, 7, 7, 219], [0, 0, 0, 0, 0, 0, 3280, 0, 5, 0, 0], [0, 0, 0, 0, 0, 0, 5, 1729, 0, 0, 13], [0, 0, 0, 0, 0, 0, 157, 0, 1656, 0, 0], [13, 1, 0, 3, 12, 311, 505, 0, 0, 543, 234], [1, 28, 0, 22, 15, 219, 140, 11, 0, 4, 1444]]"
,,,,,,2795.361959,,,,,,,,,,,,
,,,,,,,,,,,,,,,,,,
,,,,,,,,,,,,,,,,,,
,,,,,,,,,,,,,,,,,,
,,,,,,,,,,,,,,,,,,
,,,,,,,,,,,,,,,,,,
,,Accuracy,,Loss,,Precision,,Recall,,F1-Score,,,,,,,,
,,,,,,,,,,,,,,,,,,
,,Mean,63.10434245,Mean,1.081830763,Mean,0.719496725,Mean,0.612393475,Mean,0.591361526,,,,,,,
,,Standard Error,1.338781347,Standard Error,0.045896884,Standard Error,0.017175585,Standard Error,0.015297377,Standard Error,0.016865704,,,,,,,
,,Median,66.23354708,Median,0.947133091,Median,0.775308823,Median,0.651582087,Median,0.626249683,,,,,,,
,,Mode,74.42344471,Mode,#N/A,Mode,#N/A,Mode,#N/A,Mode,#N/A,,,,,,,
,,Standard Deviation,13.38781347,Standard Deviation,0.45896884,Standard Deviation,0.171755852,Standard Deviation,0.152973768,Standard Deviation,0.168657041,,,,,,,
,,Sample Variance,179.2335494,Sample Variance,0.210652396,Sample Variance,0.029500073,Sample Variance,0.023400974,Sample Variance,0.028445198,,,,,,,
,,Kurtosis,1.193747644,Kurtosis,1.814598141,Kurtosis,5.158267167,Kurtosis,1.135828806,Kurtosis,1.2362457,,,,,,,
,,Skewness,-1.116507835,Skewness,1.400211071,Skewness,-2.258648322,Skewness,-1.16813553,Skewness,-1.200540347,,,,,,,
,,Range,64.12419845,Range,2.184158792,Range,0.874669716,Range,0.736901747,Range,0.791262824,,,,,,,
,,Minimum,18.47789403,Minimum,0.522804573,Minimum,0.016798085,Minimum,0.090909091,Minimum,0.028356489,,,,,,,
,,Maximum,82.60209247,Maximum,2.706963365,Maximum,0.891467802,Maximum,0.827810838,Maximum,0.819619313,,,,,,,
,,Sum,6310.434245,Sum,108.1830763,Sum,71.94967246,Sum,61.23934748,Sum,59.13615259,,,,,,,
,,Count,100,Count,100,Count,100,Count,100,Count,100,,,,,,,
